repo_name,number,touches_test_files,touches_production_files
zylon-ai_private-gpt,2140,FALSE,TRUE
zylon-ai_private-gpt,2116,FALSE,FALSE
zenorocha_clipboard.js,870,FALSE,FALSE
zenorocha_clipboard.js,863,FALSE,FALSE
zenorocha_clipboard.js,859,FALSE,FALSE
ytdl-org_youtube-dl,33227,FALSE,TRUE
ytdl-org_youtube-dl,33221,FALSE,FALSE
ytdl-org_youtube-dl,33216,TRUE,TRUE
ytdl-org_youtube-dl,33215,FALSE,FALSE
ytdl-org_youtube-dl,33201,FALSE,TRUE
ytdl-org_youtube-dl,33199,FALSE,FALSE
ytdl-org_youtube-dl,33198,FALSE,TRUE
ytdl-org_youtube-dl,33194,FALSE,FALSE
ytdl-org_youtube-dl,33193,FALSE,FALSE
ytdl-org_youtube-dl,33189,FALSE,TRUE
ytdl-org_youtube-dl,33180,FALSE,TRUE
ytdl-org_youtube-dl,33175,FALSE,TRUE
ytdl-org_youtube-dl,33164,FALSE,FALSE
ytdl-org_youtube-dl,33154,TRUE,TRUE
ytdl-org_youtube-dl,33153,FALSE,TRUE
ytdl-org_youtube-dl,33143,FALSE,FALSE
ytdl-org_youtube-dl,33141,FALSE,TRUE
ytdl-org_youtube-dl,33132,FALSE,FALSE
ytdl-org_youtube-dl,33116,FALSE,FALSE
ytdl-org_youtube-dl,33109,TRUE,TRUE
ytdl-org_youtube-dl,33082,TRUE,TRUE
ytdl-org_youtube-dl,33074,TRUE,TRUE
ytdl-org_youtube-dl,33056,FALSE,TRUE
ytdl-org_youtube-dl,33049,TRUE,TRUE
ycm-core_YouCompleteMe,4317,FALSE,FALSE
yarnpkg_yarn,9207,FALSE,FALSE
yarnpkg_yarn,9206,TRUE,FALSE
yarnpkg_yarn,9205,TRUE,FALSE
yarnpkg_yarn,9204,TRUE,FALSE
yarnpkg_yarn,9185,FALSE,FALSE
yarnpkg_yarn,9180,FALSE,FALSE
yarnpkg_yarn,9178,FALSE,FALSE
yarnpkg_yarn,9176,TRUE,FALSE
yarnpkg_yarn,9170,FALSE,FALSE
yarnpkg_yarn,9162,FALSE,FALSE
yarnpkg_yarn,9158,FALSE,FALSE
yarnpkg_yarn,9154,FALSE,FALSE
yarnpkg_yarn,9153,FALSE,FALSE
yarnpkg_yarn,9147,FALSE,FALSE
yarnpkg_yarn,9142,FALSE,FALSE
yarnpkg_yarn,9141,FALSE,FALSE
yarnpkg_yarn,9140,FALSE,FALSE
yarnpkg_yarn,9130,FALSE,FALSE
yarnpkg_yarn,9128,FALSE,FALSE
yarnpkg_yarn,9127,FALSE,FALSE
yarnpkg_yarn,9125,FALSE,FALSE
yarnpkg_yarn,9124,TRUE,FALSE
xinntao_Real-ESRGAN,930,FALSE,FALSE
xinntao_Real-ESRGAN,923,FALSE,TRUE
xinntao_Real-ESRGAN,915,FALSE,TRUE
xinntao_Real-ESRGAN,895,FALSE,TRUE
xinntao_Real-ESRGAN,886,FALSE,FALSE
XingangPan_DragGAN,472,FALSE,FALSE
webtorrent_webtorrent,2992,FALSE,FALSE
webtorrent_webtorrent,2983,FALSE,FALSE
webtorrent_webtorrent,2979,FALSE,TRUE
webtorrent_webtorrent,2978,FALSE,FALSE
webtorrent_webtorrent,2977,FALSE,FALSE
webtorrent_webtorrent,2975,FALSE,TRUE
webtorrent_webtorrent,2974,FALSE,FALSE
webtorrent_webtorrent,2973,FALSE,FALSE
webtorrent_webtorrent,2972,FALSE,FALSE
webtorrent_webtorrent,2971,FALSE,FALSE
webtorrent_webtorrent,2970,TRUE,TRUE
webtorrent_webtorrent,2966,FALSE,FALSE
webtorrent_webtorrent,2965,FALSE,FALSE
webtorrent_webtorrent,2960,FALSE,FALSE
webtorrent_webtorrent,2959,FALSE,FALSE
webtorrent_webtorrent,2957,FALSE,FALSE
webtorrent_webtorrent,2956,FALSE,TRUE
webtorrent_webtorrent,2955,FALSE,TRUE
webtorrent_webtorrent,2953,FALSE,TRUE
webtorrent_webtorrent,2952,FALSE,TRUE
webtorrent_webtorrent,2951,FALSE,FALSE
webtorrent_webtorrent,2950,FALSE,FALSE
webtorrent_webtorrent,2949,FALSE,FALSE
webtorrent_webtorrent,2947,FALSE,FALSE
webtorrent_webtorrent,2945,FALSE,FALSE
webtorrent_webtorrent,2943,FALSE,FALSE
webtorrent_webtorrent,2942,FALSE,TRUE
webtorrent_webtorrent,2941,FALSE,FALSE
webtorrent_webtorrent,2939,FALSE,FALSE
webtorrent_webtorrent,2938,FALSE,FALSE
webtorrent_webtorrent,2935,FALSE,FALSE
webtorrent_webtorrent,2934,FALSE,FALSE
webtorrent_webtorrent,2932,FALSE,FALSE
webtorrent_webtorrent,2931,FALSE,FALSE
webtorrent_webtorrent,2929,FALSE,FALSE
webtorrent_webtorrent,2928,FALSE,FALSE
webtorrent_webtorrent,2926,FALSE,TRUE
webtorrent_webtorrent,2925,FALSE,FALSE
webtorrent_webtorrent,2922,FALSE,FALSE
webtorrent_webtorrent,2921,FALSE,FALSE
webtorrent_webtorrent,2920,FALSE,FALSE
webtorrent_webtorrent,2917,FALSE,FALSE
webtorrent_webtorrent,2916,TRUE,TRUE
webtorrent_webtorrent,2915,FALSE,TRUE
webtorrent_webtorrent,2914,FALSE,FALSE
webtorrent_webtorrent,2913,FALSE,FALSE
webtorrent_webtorrent,2910,FALSE,FALSE
apache_airflow,59680,FALSE,FALSE
apache_airflow,59677,FALSE,FALSE
apache_airflow,59636,FALSE,FALSE
apache_airflow,59573,FALSE,FALSE
apache_airflow,59549,FALSE,FALSE
apache_airflow,59486,FALSE,FALSE
apache_airflow,59481,FALSE,FALSE
apache_airflow,59480,FALSE,FALSE
apache_airflow,59479,FALSE,FALSE
apache_airflow,59478,FALSE,FALSE
apache_airflow,59464,FALSE,FALSE
apache_airflow,59463,FALSE,FALSE
apache_airflow,59462,FALSE,FALSE
apache_airflow,59460,FALSE,FALSE
apache_airflow,59454,FALSE,FALSE
apache_airflow,59451,FALSE,FALSE
apache_airflow,59449,FALSE,FALSE
apache_airflow,59447,FALSE,FALSE
apache_airflow,59444,FALSE,FALSE
apache_airflow,59442,FALSE,FALSE
apache_airflow,59441,FALSE,FALSE
apache_airflow,59440,FALSE,FALSE
apache_airflow,59436,FALSE,FALSE
apache_airflow,59435,FALSE,FALSE
apache_airflow,59434,FALSE,FALSE
apache_airflow,59432,FALSE,FALSE
apache_airflow,59431,FALSE,FALSE
apache_airflow,59429,FALSE,FALSE
apache_airflow,59428,FALSE,FALSE
apache_airflow,59427,FALSE,FALSE
apache_airflow,59426,FALSE,FALSE
apache_airflow,59425,FALSE,FALSE
apache_airflow,59424,FALSE,FALSE
apache_airflow,59423,FALSE,FALSE
apache_airflow,59422,FALSE,FALSE
apache_airflow,59421,FALSE,FALSE
apache_airflow,59327,FALSE,FALSE
apache_airflow,59269,FALSE,FALSE
apache_airflow,59210,FALSE,FALSE
apache_airflow,59202,FALSE,FALSE
apache_airflow,59196,FALSE,FALSE
apache_airflow,59190,FALSE,FALSE
apache_airflow,59024,FALSE,FALSE
apache_airflow,58973,FALSE,FALSE
apache_airflow,58961,FALSE,FALSE
apache_airflow,58877,FALSE,FALSE
apache_airflow,58876,FALSE,FALSE
apache_airflow,58875,FALSE,FALSE
apache_airflow,58874,FALSE,TRUE
apache_airflow,58873,FALSE,TRUE
apache_airflow,58872,FALSE,TRUE
apache_airflow,58866,FALSE,TRUE
apache_airflow,58865,TRUE,TRUE
apache_airflow,58864,FALSE,FALSE
apache_airflow,58863,FALSE,FALSE
apache_airflow,58862,FALSE,FALSE
apache_airflow,58861,FALSE,FALSE
apache_airflow,58860,FALSE,FALSE
apache_airflow,58859,TRUE,FALSE
apache_airflow,58858,TRUE,TRUE
apache_airflow,58857,TRUE,TRUE
apache_airflow,58856,TRUE,TRUE
apache_airflow,58855,FALSE,FALSE
apache_airflow,58854,TRUE,TRUE
apache_airflow,58853,FALSE,TRUE
apache_airflow,58851,TRUE,FALSE
apache_airflow,58850,TRUE,TRUE
apache_airflow,58847,FALSE,FALSE
apache_airflow,58846,TRUE,TRUE
apache_airflow,58844,FALSE,TRUE
apache_airflow,58843,FALSE,TRUE
apache_airflow,58842,FALSE,FALSE
apache_airflow,58840,TRUE,TRUE
apache_airflow,58839,FALSE,TRUE
apache_airflow,58838,TRUE,FALSE
apache_airflow,58837,FALSE,FALSE
apache_airflow,58836,FALSE,FALSE
apache_airflow,58835,FALSE,FALSE
apache_airflow,58833,FALSE,FALSE
apache_airflow,58832,FALSE,FALSE
apache_airflow,58831,FALSE,FALSE
apache_airflow,58830,FALSE,FALSE
apache_airflow,58829,TRUE,TRUE
apache_airflow,58824,FALSE,TRUE
apache_airflow,58823,FALSE,FALSE
apache_airflow,58818,FALSE,FALSE
apache_airflow,58816,TRUE,TRUE
apache_airflow,58813,TRUE,TRUE
apache_airflow,58811,FALSE,TRUE
apache_airflow,58810,TRUE,FALSE
apache_airflow,58809,TRUE,FALSE
apache_airflow,58805,TRUE,FALSE
apache_airflow,58804,TRUE,TRUE
apache_airflow,58802,TRUE,TRUE
apache_airflow,58801,TRUE,FALSE
apache_airflow,58800,TRUE,TRUE
apache_airflow,58799,TRUE,TRUE
apache_airflow,58798,FALSE,TRUE
apache_airflow,58795,TRUE,TRUE
apache_airflow,58794,FALSE,TRUE
apache_airflow,58793,FALSE,FALSE
apache_airflow,58790,FALSE,FALSE
apache_airflow,58789,FALSE,FALSE
apache_airflow,58788,FALSE,FALSE
apache_airflow,58787,FALSE,TRUE
apache_airflow,58784,FALSE,FALSE
apache_airflow,58783,FALSE,TRUE
apache_airflow,58782,TRUE,TRUE
apache_airflow,58781,FALSE,FALSE
apache_airflow,58780,FALSE,FALSE
apache_airflow,58779,FALSE,FALSE
apache_airflow,58778,FALSE,TRUE
apache_airflow,58776,FALSE,FALSE
apache_airflow,58774,FALSE,FALSE
apache_airflow,58773,TRUE,TRUE
apache_airflow,58772,TRUE,TRUE
apache_airflow,58769,FALSE,FALSE
apache_airflow,58768,TRUE,FALSE
apache_airflow,58767,TRUE,TRUE
apache_airflow,58765,TRUE,FALSE
apache_airflow,58761,FALSE,FALSE
apache_airflow,58760,FALSE,FALSE
apache_airflow,58759,TRUE,TRUE
apache_airflow,58758,FALSE,FALSE
apache_airflow,58757,FALSE,TRUE
apache_airflow,58756,FALSE,TRUE
apache_airflow,58755,FALSE,FALSE
apache_airflow,58754,TRUE,TRUE
apache_airflow,58751,FALSE,FALSE
apache_airflow,58750,FALSE,TRUE
apache_airflow,58748,FALSE,FALSE
apache_airflow,58745,FALSE,TRUE
apache_airflow,58742,FALSE,FALSE
apache_airflow,58740,TRUE,TRUE
apache_airflow,58739,FALSE,TRUE
apache_airflow,58738,FALSE,TRUE
apache_airflow,58737,TRUE,TRUE
apache_airflow,58735,FALSE,TRUE
apache_airflow,58732,TRUE,TRUE
apache_airflow,58731,FALSE,FALSE
apache_airflow,58730,FALSE,TRUE
apache_airflow,58729,TRUE,TRUE
apache_airflow,58726,FALSE,TRUE
apache_airflow,58725,TRUE,FALSE
apache_airflow,58723,TRUE,TRUE
apache_airflow,58722,FALSE,FALSE
apache_airflow,58721,FALSE,TRUE
apache_airflow,58720,FALSE,TRUE
apache_airflow,58719,TRUE,TRUE
apache_airflow,58718,FALSE,TRUE
apache_airflow,58716,FALSE,FALSE
apache_airflow,58715,TRUE,TRUE
apache_airflow,58714,TRUE,TRUE
apache_airflow,58713,FALSE,FALSE
apache_airflow,58712,TRUE,TRUE
apache_airflow,58707,FALSE,FALSE
apache_airflow,58706,FALSE,FALSE
apache_airflow,58705,FALSE,FALSE
apache_airflow,58703,TRUE,TRUE
apache_airflow,58702,FALSE,TRUE
apache_airflow,58701,TRUE,FALSE
apache_airflow,58700,TRUE,TRUE
apache_airflow,58699,TRUE,TRUE
apache_airflow,58697,FALSE,TRUE
apache_airflow,58696,TRUE,TRUE
apache_airflow,58695,TRUE,FALSE
apache_airflow,58690,TRUE,FALSE
apache_airflow,58688,TRUE,TRUE
apache_airflow,58686,FALSE,TRUE
apache_airflow,58685,FALSE,TRUE
apache_airflow,58683,TRUE,TRUE
apache_airflow,58681,FALSE,FALSE
apache_airflow,58680,FALSE,TRUE
apache_airflow,58678,FALSE,FALSE
apache_airflow,58677,TRUE,TRUE
apache_airflow,58675,FALSE,FALSE
apache_airflow,58674,FALSE,TRUE
apache_airflow,58672,TRUE,TRUE
apache_airflow,58671,TRUE,FALSE
apache_airflow,58668,FALSE,FALSE
apache_airflow,58666,TRUE,FALSE
apache_airflow,58665,FALSE,FALSE
apache_airflow,58664,TRUE,TRUE
apache_airflow,58663,TRUE,FALSE
apache_airflow,58662,FALSE,TRUE
apache_airflow,58660,FALSE,TRUE
apache_airflow,58658,FALSE,FALSE
apache_airflow,58657,TRUE,FALSE
apache_airflow,58656,TRUE,TRUE
apache_airflow,58655,TRUE,TRUE
apache_airflow,58654,TRUE,TRUE
apache_airflow,58653,FALSE,FALSE
apache_airflow,58652,FALSE,TRUE
apache_airflow,58651,FALSE,TRUE
apache_airflow,58649,TRUE,TRUE
apache_airflow,58647,FALSE,FALSE
apache_airflow,58646,TRUE,TRUE
apache_airflow,58645,TRUE,FALSE
apache_airflow,58644,FALSE,TRUE
apache_airflow,58643,TRUE,FALSE
apache_airflow,58641,FALSE,FALSE
apache_airflow,58640,FALSE,FALSE
apache_airflow,58639,FALSE,FALSE
apache_airflow,58637,TRUE,TRUE
apache_airflow,58635,TRUE,FALSE
apache_airflow,58634,FALSE,FALSE
apache_airflow,58633,FALSE,FALSE
apache_airflow,58632,TRUE,TRUE
apache_airflow,58631,TRUE,TRUE
apache_airflow,58629,FALSE,TRUE
apache_airflow,58627,FALSE,TRUE
apache_airflow,58626,TRUE,FALSE
apache_airflow,58624,FALSE,FALSE
apache_airflow,58622,FALSE,FALSE
apache_airflow,58617,TRUE,FALSE
apache_airflow,58616,TRUE,FALSE
apache_airflow,58615,TRUE,TRUE
apache_airflow,58613,TRUE,FALSE
apache_airflow,58612,TRUE,TRUE
apache_airflow,58611,TRUE,TRUE
apache_airflow,58609,FALSE,TRUE
apache_airflow,58608,TRUE,FALSE
apache_airflow,58607,FALSE,FALSE
apache_airflow,58606,FALSE,TRUE
apache_airflow,58605,FALSE,FALSE
apache_airflow,58604,TRUE,TRUE
apache_airflow,58602,FALSE,TRUE
apache_airflow,58601,TRUE,TRUE
apache_airflow,58600,FALSE,TRUE
apache_airflow,58599,FALSE,TRUE
apache_airflow,58598,FALSE,TRUE
apache_airflow,58597,FALSE,TRUE
apache_airflow,58596,FALSE,TRUE
apache_airflow,58595,TRUE,FALSE
apache_airflow,58593,TRUE,FALSE
apache_airflow,58591,TRUE,TRUE
apache_airflow,58590,FALSE,FALSE
apache_airflow,58589,FALSE,FALSE
apache_airflow,58587,FALSE,FALSE
apache_airflow,58586,TRUE,TRUE
apache_airflow,58585,FALSE,FALSE
apache_airflow,58584,TRUE,TRUE
apache_airflow,58583,FALSE,FALSE
apache_airflow,58581,FALSE,TRUE
apache_airflow,58580,FALSE,TRUE
apache_airflow,58579,TRUE,TRUE
apache_airflow,58578,FALSE,TRUE
apache_airflow,58577,FALSE,TRUE
apache_airflow,58575,TRUE,TRUE
apache_airflow,58572,FALSE,TRUE
apache_airflow,58571,TRUE,TRUE
apache_airflow,58569,TRUE,TRUE
apache_airflow,58568,FALSE,TRUE
apache_airflow,58565,FALSE,TRUE
apache_airflow,58564,FALSE,TRUE
apache_airflow,58563,TRUE,TRUE
apache_airflow,58561,FALSE,TRUE
apache_airflow,58559,FALSE,TRUE
apache_airflow,58558,FALSE,TRUE
apache_airflow,58557,TRUE,TRUE
apache_airflow,58556,FALSE,FALSE
apache_airflow,58555,TRUE,TRUE
apache_airflow,58551,FALSE,TRUE
apache_airflow,58549,TRUE,TRUE
apache_airflow,58548,TRUE,TRUE
apache_airflow,58546,FALSE,TRUE
apache_airflow,58545,FALSE,TRUE
apache_airflow,58544,FALSE,FALSE
apache_airflow,58542,FALSE,TRUE
apache_airflow,58541,FALSE,TRUE
apache_airflow,58540,FALSE,FALSE
apache_airflow,58539,FALSE,FALSE
apache_airflow,58538,FALSE,TRUE
apache_airflow,58537,FALSE,FALSE
apache_airflow,58534,FALSE,FALSE
apache_airflow,58530,FALSE,FALSE
apache_airflow,58528,TRUE,TRUE
apache_airflow,58527,FALSE,FALSE
apache_airflow,58526,FALSE,FALSE
apache_airflow,58525,FALSE,TRUE
apache_airflow,58524,FALSE,TRUE
apache_airflow,58523,FALSE,TRUE
apache_airflow,58521,TRUE,TRUE
apache_airflow,58520,FALSE,TRUE
apache_airflow,58518,FALSE,FALSE
apache_airflow,58517,FALSE,FALSE
apache_airflow,58515,FALSE,FALSE
apache_airflow,58513,FALSE,FALSE
apache_airflow,58512,FALSE,FALSE
apache_airflow,58508,TRUE,TRUE
apache_airflow,58507,FALSE,FALSE
apache_airflow,58505,FALSE,TRUE
apache_airflow,58504,FALSE,FALSE
apache_airflow,58502,FALSE,FALSE
apache_airflow,58501,FALSE,FALSE
apache_airflow,58500,FALSE,FALSE
apache_airflow,58497,TRUE,TRUE
apache_airflow,58495,FALSE,FALSE
apache_airflow,58492,TRUE,FALSE
apache_airflow,58489,TRUE,TRUE
apache_airflow,58488,TRUE,TRUE
apache_airflow,58486,FALSE,FALSE
apache_airflow,58485,TRUE,TRUE
apache_airflow,58484,FALSE,FALSE
apache_airflow,58483,FALSE,TRUE
apache_airflow,58482,FALSE,TRUE
apache_airflow,58481,FALSE,TRUE
apache_airflow,58480,FALSE,TRUE
apache_airflow,58478,TRUE,TRUE
apache_airflow,58475,FALSE,FALSE
apache_airflow,58473,TRUE,FALSE
apache_airflow,58472,TRUE,TRUE
apache_airflow,58471,FALSE,TRUE
apache_airflow,58469,FALSE,TRUE
apache_airflow,58468,FALSE,FALSE
apache_airflow,58467,FALSE,FALSE
apache_airflow,58466,FALSE,FALSE
apache_airflow,58465,FALSE,FALSE
apache_airflow,58464,FALSE,FALSE
apache_airflow,58463,FALSE,FALSE
apache_airflow,58462,FALSE,FALSE
apache_airflow,58461,FALSE,FALSE
apache_airflow,58460,FALSE,FALSE
apache_airflow,58459,FALSE,TRUE
apache_airflow,58458,TRUE,TRUE
apache_airflow,58457,TRUE,TRUE
apache_airflow,58455,FALSE,TRUE
apache_airflow,58454,FALSE,FALSE
apache_airflow,58452,FALSE,FALSE
apache_airflow,58451,FALSE,FALSE
apache_airflow,58448,FALSE,FALSE
apache_airflow,58447,FALSE,TRUE
apache_airflow,58444,FALSE,FALSE
apache_airflow,58443,FALSE,FALSE
apache_airflow,58442,FALSE,FALSE
apache_airflow,58439,TRUE,TRUE
apache_airflow,58438,FALSE,FALSE
apache_airflow,58437,FALSE,FALSE
apache_airflow,58435,FALSE,TRUE
apache_airflow,58433,FALSE,TRUE
apache_airflow,58432,FALSE,FALSE
apache_airflow,58431,FALSE,TRUE
apache_airflow,58430,TRUE,TRUE
apache_airflow,58429,FALSE,FALSE
apache_airflow,58428,TRUE,TRUE
apache_airflow,58427,FALSE,FALSE
apache_airflow,58426,FALSE,TRUE
apache_airflow,58424,TRUE,FALSE
apache_airflow,58423,TRUE,TRUE
apache_airflow,58419,TRUE,TRUE
apache_airflow,58418,FALSE,FALSE
apache_airflow,58416,FALSE,TRUE
apache_airflow,58415,FALSE,TRUE
apache_airflow,58413,FALSE,FALSE
apache_airflow,58412,FALSE,TRUE
apache_airflow,58410,TRUE,TRUE
apache_airflow,58409,FALSE,FALSE
apache_airflow,58408,FALSE,FALSE
apache_airflow,58407,TRUE,TRUE
apache_airflow,58405,FALSE,FALSE
apache_airflow,58402,FALSE,FALSE
apache_airflow,58400,FALSE,FALSE
apache_airflow,58399,TRUE,TRUE
apache_airflow,58398,FALSE,FALSE
apache_airflow,58397,TRUE,TRUE
apache_airflow,58396,TRUE,TRUE
apache_airflow,58394,FALSE,FALSE
apache_airflow,58393,FALSE,TRUE
apache_airflow,58392,FALSE,FALSE
apache_airflow,58391,TRUE,TRUE
apache_airflow,58390,FALSE,FALSE
apache_airflow,58389,FALSE,TRUE
apache_airflow,58388,FALSE,FALSE
apache_airflow,58387,FALSE,FALSE
apache_airflow,58384,TRUE,TRUE
apache_airflow,58383,TRUE,FALSE
apache_airflow,58380,FALSE,FALSE
apache_airflow,58379,FALSE,FALSE
apache_airflow,58378,TRUE,TRUE
apache_airflow,58377,FALSE,FALSE
apache_airflow,58376,FALSE,FALSE
apache_airflow,58375,FALSE,FALSE
apache_airflow,58374,FALSE,FALSE
apache_airflow,58373,FALSE,TRUE
apache_airflow,58372,FALSE,FALSE
apache_airflow,58371,FALSE,FALSE
apache_airflow,58369,FALSE,FALSE
apache_airflow,58367,TRUE,TRUE
apache_airflow,58366,FALSE,TRUE
apache_airflow,58364,TRUE,TRUE
apache_airflow,58361,TRUE,TRUE
apache_airflow,58360,TRUE,TRUE
apache_airflow,58358,FALSE,FALSE
apache_airflow,58357,TRUE,FALSE
apache_airflow,58354,FALSE,FALSE
apache_airflow,58353,TRUE,TRUE
apache_airflow,58352,FALSE,TRUE
apache_airflow,58351,FALSE,TRUE
apache_airflow,58350,FALSE,TRUE
apache_airflow,58349,FALSE,TRUE
apache_airflow,58348,TRUE,TRUE
apache_airflow,58347,FALSE,FALSE
apache_airflow,58346,FALSE,FALSE
apache_airflow,58345,FALSE,TRUE
apache_airflow,58343,FALSE,FALSE
apache_airflow,58342,TRUE,TRUE
apache_airflow,58341,FALSE,TRUE
apache_airflow,58340,FALSE,TRUE
apache_airflow,58339,FALSE,FALSE
apache_airflow,58338,TRUE,FALSE
apache_airflow,58336,FALSE,TRUE
apache_airflow,58334,FALSE,TRUE
apache_airflow,58333,TRUE,TRUE
apache_airflow,58332,TRUE,TRUE
apache_airflow,58331,FALSE,TRUE
apache_airflow,58330,FALSE,TRUE
apache_airflow,58328,TRUE,FALSE
apache_airflow,58326,FALSE,TRUE
apache_airflow,58325,FALSE,TRUE
apache_airflow,58324,FALSE,FALSE
apache_airflow,58323,FALSE,FALSE
apache_airflow,58322,FALSE,FALSE
apache_airflow,58321,FALSE,FALSE
apache_airflow,58320,FALSE,FALSE
apache_airflow,58319,FALSE,FALSE
apache_airflow,58318,FALSE,FALSE
apache_airflow,58317,FALSE,FALSE
apache_airflow,58316,FALSE,TRUE
apache_airflow,58314,TRUE,TRUE
apache_airflow,58311,FALSE,TRUE
apache_airflow,58309,TRUE,FALSE
apache_airflow,58306,FALSE,TRUE
apache_airflow,58305,FALSE,FALSE
apache_airflow,58304,FALSE,TRUE
apache_airflow,58302,TRUE,FALSE
apache_airflow,58301,FALSE,TRUE
apache_airflow,58298,FALSE,TRUE
apache_airflow,58297,FALSE,TRUE
apache_airflow,58292,TRUE,TRUE
apache_airflow,58288,TRUE,TRUE
apache_airflow,58287,FALSE,TRUE
apache_airflow,58286,TRUE,FALSE
apache_airflow,58285,TRUE,TRUE
apache_airflow,58284,FALSE,TRUE
apache_airflow,58283,TRUE,TRUE
apache_airflow,58282,TRUE,TRUE
apache_airflow,58281,TRUE,TRUE
apache_airflow,58280,FALSE,TRUE
apache_airflow,58278,TRUE,TRUE
apache_airflow,58277,FALSE,FALSE
apache_airflow,58276,TRUE,FALSE
apache_airflow,58274,TRUE,FALSE
apache_airflow,58273,TRUE,TRUE
apache_airflow,58271,TRUE,FALSE
apache_airflow,58270,TRUE,FALSE
apache_airflow,58269,FALSE,TRUE
apache_airflow,58268,FALSE,TRUE
apache_airflow,58267,TRUE,FALSE
apache_airflow,58266,FALSE,TRUE
apache_airflow,58265,TRUE,FALSE
apache_airflow,58264,TRUE,FALSE
apache_airflow,58263,TRUE,TRUE
apache_airflow,58262,FALSE,FALSE
apache_airflow,58259,TRUE,TRUE
apache_airflow,58258,TRUE,TRUE
apache_airflow,58255,TRUE,FALSE
apache_airflow,58254,TRUE,FALSE
apache_airflow,58253,FALSE,TRUE
apache_airflow,58252,TRUE,TRUE
apache_airflow,58251,TRUE,FALSE
apache_airflow,58250,FALSE,TRUE
apache_airflow,58247,TRUE,TRUE
apache_airflow,58246,FALSE,FALSE
apache_airflow,58245,TRUE,TRUE
apache_airflow,58244,TRUE,TRUE
apache_airflow,58243,FALSE,FALSE
apache_airflow,58242,TRUE,TRUE
apache_airflow,58241,TRUE,FALSE
apache_airflow,58240,FALSE,FALSE
apache_airflow,58238,TRUE,FALSE
apache_airflow,58237,FALSE,FALSE
apache_airflow,58235,FALSE,FALSE
apache_airflow,58234,FALSE,FALSE
apache_airflow,58233,TRUE,FALSE
apache_airflow,58231,TRUE,TRUE
apache_airflow,58229,TRUE,TRUE
apache_airflow,58227,TRUE,TRUE
apache_airflow,58225,TRUE,TRUE
apache_airflow,58224,FALSE,TRUE
apache_airflow,58223,FALSE,TRUE
apache_airflow,58222,FALSE,FALSE
apache_airflow,58220,FALSE,TRUE
apache_airflow,58219,FALSE,FALSE
apache_airflow,58218,FALSE,TRUE
apache_airflow,58217,FALSE,TRUE
apache_airflow,58216,FALSE,TRUE
apache_airflow,58215,FALSE,FALSE
apache_airflow,58214,FALSE,TRUE
apache_airflow,58212,FALSE,FALSE
apache_airflow,58211,TRUE,TRUE
apache_airflow,58210,TRUE,TRUE
apache_airflow,58208,FALSE,TRUE
apache_airflow,58206,FALSE,FALSE
apache_airflow,58204,FALSE,FALSE
apache_airflow,58203,FALSE,FALSE
apache_airflow,58202,FALSE,FALSE
apache_airflow,58201,FALSE,FALSE
apache_airflow,58199,TRUE,TRUE
apache_airflow,58198,FALSE,TRUE
apache_airflow,58196,FALSE,TRUE
apache_airflow,58194,TRUE,TRUE
apache_airflow,58193,TRUE,TRUE
apache_airflow,58192,FALSE,TRUE
apache_airflow,58191,FALSE,TRUE
apache_airflow,58190,FALSE,TRUE
apache_airflow,58188,TRUE,TRUE
apache_airflow,58187,FALSE,FALSE
apache_airflow,58186,FALSE,FALSE
apache_airflow,58185,FALSE,FALSE
apache_airflow,58184,FALSE,FALSE
apache_airflow,58183,FALSE,TRUE
apache_airflow,58182,TRUE,FALSE
apache_airflow,58180,FALSE,TRUE
apache_airflow,58179,FALSE,TRUE
apache_airflow,58177,TRUE,TRUE
apache_airflow,58176,TRUE,TRUE
apache_airflow,58174,FALSE,TRUE
apache_airflow,58173,FALSE,TRUE
apache_airflow,58172,FALSE,FALSE
apache_airflow,58170,TRUE,TRUE
apache_airflow,58169,TRUE,TRUE
apache_airflow,58168,TRUE,TRUE
apache_airflow,58168,TRUE,TRUE
apache_airflow,58167,FALSE,TRUE
apache_airflow,58166,TRUE,FALSE
apache_airflow,58165,FALSE,FALSE
apache_airflow,58164,TRUE,TRUE
apache_airflow,58163,FALSE,TRUE
apache_airflow,58162,FALSE,FALSE
apache_airflow,58161,FALSE,FALSE
apache_airflow,58160,FALSE,FALSE
apache_airflow,58159,FALSE,FALSE
apache_airflow,58158,TRUE,TRUE
apache_airflow,58156,TRUE,FALSE
apache_airflow,58155,TRUE,FALSE
apache_airflow,58154,FALSE,FALSE
apache_airflow,58153,FALSE,FALSE
apache_airflow,58152,TRUE,FALSE
apache_airflow,58151,FALSE,FALSE
apache_airflow,58150,FALSE,TRUE
apache_airflow,58148,TRUE,TRUE
apache_airflow,58147,FALSE,TRUE
apache_airflow,58145,TRUE,TRUE
apache_airflow,58144,TRUE,TRUE
apache_airflow,58141,FALSE,TRUE
apache_airflow,58139,TRUE,FALSE
apache_airflow,58138,FALSE,TRUE
apache_airflow,58137,TRUE,FALSE
apache_airflow,58135,TRUE,FALSE
apache_airflow,58134,FALSE,FALSE
apache_airflow,58132,TRUE,FALSE
apache_airflow,58131,FALSE,FALSE
apache_airflow,58130,FALSE,TRUE
apache_airflow,58126,FALSE,TRUE
apache_airflow,58125,FALSE,TRUE
apache_airflow,58123,TRUE,FALSE
apache_airflow,58121,FALSE,FALSE
apache_airflow,58120,FALSE,FALSE
apache_airflow,58119,FALSE,FALSE
apache_airflow,58118,FALSE,TRUE
apache_airflow,58117,FALSE,FALSE
apache_airflow,58115,TRUE,TRUE
apache_airflow,58113,FALSE,FALSE
apache_airflow,58112,TRUE,FALSE
apache_airflow,58110,FALSE,FALSE
apache_airflow,58109,FALSE,FALSE
apache_airflow,58107,TRUE,TRUE
apache_airflow,58104,FALSE,FALSE
apache_airflow,58101,FALSE,TRUE
apache_airflow,58100,TRUE,FALSE
apache_airflow,58099,FALSE,TRUE
apache_airflow,58098,TRUE,TRUE
apache_airflow,58097,FALSE,TRUE
apache_airflow,58096,TRUE,TRUE
apache_airflow,58095,FALSE,TRUE
apache_airflow,58094,TRUE,FALSE
apache_airflow,58093,FALSE,TRUE
apache_airflow,58087,TRUE,TRUE
apache_airflow,58086,FALSE,FALSE
apache_airflow,58085,FALSE,FALSE
apache_airflow,58084,FALSE,FALSE
apache_airflow,58083,FALSE,FALSE
apache_airflow,58082,FALSE,TRUE
apache_airflow,58081,FALSE,TRUE
apache_airflow,58080,FALSE,TRUE
apache_airflow,58079,FALSE,FALSE
apache_airflow,58078,FALSE,FALSE
apache_airflow,58077,FALSE,FALSE
apache_airflow,58076,FALSE,FALSE
apache_airflow,58075,FALSE,FALSE
apache_airflow,58074,TRUE,FALSE
apache_airflow,58073,TRUE,FALSE
apache_airflow,58071,TRUE,TRUE
apache_airflow,58070,TRUE,TRUE
apache_airflow,58068,FALSE,TRUE
apache_airflow,58067,TRUE,TRUE
apache_airflow,58066,TRUE,TRUE
apache_airflow,58064,TRUE,FALSE
apache_airflow,58062,FALSE,FALSE
apache_airflow,58061,FALSE,FALSE
apache_airflow,58060,FALSE,TRUE
apache_airflow,58057,TRUE,TRUE
apache_airflow,58055,FALSE,FALSE
apache_airflow,58054,FALSE,TRUE
apache_airflow,58052,TRUE,FALSE
apache_airflow,58051,TRUE,TRUE
apache_airflow,58050,TRUE,FALSE
apache_airflow,58048,FALSE,FALSE
apache_airflow,58046,FALSE,FALSE
apache_airflow,58045,FALSE,TRUE
apache_airflow,58044,TRUE,FALSE
apache_airflow,58043,TRUE,TRUE
apache_airflow,58042,FALSE,FALSE
apache_airflow,58041,FALSE,FALSE
apache_airflow,58040,FALSE,TRUE
apache_airflow,58039,FALSE,FALSE
apache_airflow,58038,TRUE,TRUE
apache_airflow,58036,TRUE,FALSE
apache_airflow,58035,TRUE,TRUE
apache_airflow,58034,TRUE,FALSE
apache_airflow,58033,TRUE,TRUE
apache_airflow,58031,TRUE,FALSE
apache_airflow,58030,TRUE,FALSE
apache_airflow,58029,TRUE,FALSE
apache_airflow,58028,TRUE,FALSE
apache_airflow,58027,TRUE,FALSE
apache_airflow,58026,FALSE,FALSE
apache_airflow,58025,FALSE,TRUE
apache_airflow,58024,FALSE,TRUE
apache_airflow,58023,TRUE,TRUE
apache_airflow,58022,TRUE,FALSE
apache_airflow,58021,TRUE,FALSE
apache_airflow,58020,TRUE,FALSE
apache_airflow,58019,TRUE,FALSE
apache_airflow,58018,TRUE,FALSE
apache_airflow,58017,FALSE,TRUE
apache_airflow,58015,TRUE,FALSE
apache_airflow,58014,TRUE,FALSE
apache_airflow,58012,TRUE,FALSE
apache_airflow,58011,TRUE,FALSE
apache_airflow,58010,TRUE,FALSE
apache_airflow,58009,TRUE,TRUE
apache_airflow,58008,FALSE,FALSE
apache_airflow,58007,TRUE,FALSE
apache_airflow,58005,TRUE,FALSE
apache_airflow,58004,TRUE,TRUE
apache_airflow,58003,TRUE,FALSE
apache_airflow,58002,FALSE,FALSE
apache_airflow,58001,FALSE,FALSE
apache_airflow,58000,FALSE,FALSE
apache_airflow,57999,FALSE,FALSE
apache_airflow,57998,TRUE,FALSE
apache_airflow,57997,FALSE,TRUE
apache_airflow,57996,FALSE,TRUE
apache_airflow,57995,TRUE,FALSE
apache_airflow,57994,TRUE,FALSE
apache_airflow,57993,FALSE,TRUE
apache_airflow,57992,TRUE,TRUE
apache_airflow,57991,FALSE,TRUE
apache_airflow,57990,TRUE,TRUE
apache_airflow,57989,FALSE,FALSE
apache_airflow,57988,TRUE,TRUE
apache_airflow,57987,TRUE,TRUE
apache_airflow,57986,TRUE,FALSE
apache_airflow,57985,TRUE,FALSE
apache_airflow,57983,TRUE,TRUE
apache_airflow,57982,TRUE,TRUE
apache_airflow,57980,TRUE,FALSE
apache_airflow,57978,TRUE,TRUE
apache_airflow,57977,TRUE,FALSE
apache_airflow,57974,FALSE,FALSE
apache_airflow,57973,TRUE,FALSE
apache_airflow,57972,TRUE,FALSE
apache_airflow,57971,TRUE,TRUE
apache_airflow,57970,TRUE,TRUE
apache_airflow,57968,TRUE,TRUE
apache_airflow,57967,FALSE,FALSE
apache_airflow,57963,TRUE,FALSE
apache_airflow,57962,TRUE,TRUE
apache_airflow,57960,FALSE,FALSE
apache_airflow,57959,TRUE,TRUE
apache_airflow,57958,TRUE,TRUE
apache_airflow,57957,TRUE,FALSE
apache_airflow,57956,TRUE,FALSE
apache_airflow,57955,TRUE,FALSE
apache_airflow,57953,TRUE,FALSE
apache_airflow,57952,FALSE,TRUE
apache_airflow,57951,TRUE,FALSE
apache_airflow,57950,TRUE,FALSE
apache_airflow,57949,TRUE,FALSE
apache_airflow,57948,TRUE,FALSE
apache_airflow,57947,TRUE,FALSE
apache_airflow,57946,FALSE,FALSE
apache_airflow,57945,TRUE,FALSE
apache_airflow,57944,TRUE,FALSE
apache_airflow,57943,TRUE,FALSE
apache_airflow,57942,TRUE,FALSE
apache_airflow,57941,TRUE,FALSE
apache_airflow,57940,TRUE,FALSE
apache_airflow,57939,TRUE,FALSE
apache_airflow,57938,TRUE,FALSE
apache_airflow,57937,TRUE,FALSE
apache_airflow,57936,TRUE,FALSE
apache_airflow,57935,TRUE,FALSE
apache_airflow,57934,TRUE,FALSE
apache_airflow,57932,TRUE,FALSE
apache_airflow,57931,TRUE,FALSE
apache_airflow,57930,FALSE,TRUE
apache_airflow,57929,TRUE,FALSE
apache_airflow,57928,TRUE,FALSE
apache_airflow,57927,TRUE,FALSE
apache_airflow,57926,TRUE,FALSE
apache_airflow,57925,TRUE,FALSE
apache_airflow,57924,TRUE,FALSE
apache_airflow,57923,TRUE,FALSE
apache_airflow,57922,TRUE,FALSE
apache_airflow,57921,FALSE,FALSE
apache_airflow,57920,TRUE,FALSE
apache_airflow,57919,TRUE,FALSE
apache_airflow,57918,TRUE,FALSE
apache_airflow,57917,TRUE,FALSE
apache_airflow,57916,TRUE,FALSE
apache_airflow,57915,TRUE,FALSE
apache_airflow,57914,FALSE,TRUE
apache_airflow,57913,TRUE,FALSE
apache_airflow,57912,TRUE,FALSE
apache_airflow,57911,TRUE,FALSE
apache_airflow,57910,TRUE,TRUE
apache_airflow,57909,FALSE,FALSE
apache_airflow,57908,FALSE,TRUE
apache_airflow,57907,TRUE,FALSE
apache_airflow,57906,FALSE,TRUE
apache_airflow,57905,FALSE,FALSE
apache_airflow,57904,TRUE,FALSE
apache_airflow,57903,TRUE,FALSE
apache_airflow,57901,FALSE,TRUE
apache_airflow,57899,TRUE,TRUE
apache_airflow,57897,FALSE,TRUE
apache_airflow,57895,FALSE,FALSE
apache_airflow,57894,TRUE,TRUE
apache_airflow,57893,FALSE,TRUE
apache_airflow,57892,TRUE,TRUE
apache_airflow,57890,TRUE,FALSE
apache_airflow,57889,FALSE,FALSE
apache_airflow,57888,TRUE,FALSE
apache_airflow,57887,FALSE,TRUE
apache_airflow,57886,TRUE,FALSE
apache_airflow,57885,TRUE,FALSE
apache_airflow,57884,TRUE,TRUE
apache_airflow,57883,FALSE,FALSE
apache_airflow,57882,TRUE,FALSE
apache_airflow,57881,FALSE,FALSE
apache_airflow,57880,FALSE,TRUE
apache_airflow,57879,FALSE,FALSE
apache_airflow,57878,FALSE,TRUE
apache_airflow,57877,FALSE,TRUE
apache_airflow,57876,FALSE,TRUE
apache_airflow,57875,TRUE,FALSE
apache_airflow,57874,FALSE,TRUE
apache_airflow,57873,FALSE,TRUE
apache_airflow,57871,FALSE,FALSE
apache_airflow,57870,TRUE,FALSE
apache_airflow,57869,TRUE,FALSE
apache_airflow,57868,TRUE,FALSE
apache_airflow,57866,FALSE,TRUE
apache_airflow,57862,FALSE,TRUE
apache_airflow,57858,FALSE,FALSE
apache_airflow,57857,FALSE,FALSE
apache_airflow,57856,TRUE,TRUE
apache_airflow,57855,FALSE,FALSE
apache_airflow,57854,TRUE,TRUE
apache_airflow,57853,TRUE,TRUE
apache_airflow,57852,TRUE,FALSE
apache_airflow,57851,FALSE,FALSE
apache_airflow,57849,FALSE,TRUE
apache_airflow,57848,FALSE,FALSE
apache_airflow,57845,TRUE,FALSE
apache_airflow,57844,TRUE,FALSE
apache_airflow,57842,TRUE,FALSE
apache_airflow,57841,TRUE,FALSE
apache_airflow,57840,TRUE,FALSE
apache_airflow,57839,TRUE,FALSE
apache_airflow,57838,TRUE,FALSE
apache_airflow,57837,TRUE,TRUE
apache_airflow,57836,FALSE,TRUE
apache_airflow,57835,TRUE,FALSE
apache_airflow,57834,TRUE,FALSE
apache_airflow,57833,TRUE,FALSE
apache_airflow,57830,FALSE,TRUE
apache_airflow,57829,TRUE,TRUE
apache_airflow,57828,FALSE,FALSE
apache_airflow,57827,FALSE,FALSE
apache_airflow,57825,FALSE,FALSE
apache_airflow,57824,TRUE,FALSE
apache_airflow,57823,FALSE,TRUE
apache_airflow,57821,FALSE,FALSE
apache_airflow,57820,TRUE,TRUE
apache_airflow,57819,FALSE,FALSE
apache_airflow,57817,FALSE,FALSE
apache_airflow,57816,FALSE,FALSE
apache_airflow,57815,FALSE,TRUE
apache_airflow,57814,TRUE,TRUE
apache_airflow,57813,FALSE,FALSE
apache_airflow,57811,TRUE,FALSE
apache_airflow,57810,FALSE,TRUE
apache_airflow,57809,TRUE,TRUE
apache_airflow,57808,TRUE,TRUE
apache_airflow,57807,FALSE,FALSE
apache_airflow,57806,FALSE,TRUE
apache_airflow,57805,TRUE,FALSE
apache_airflow,57804,TRUE,FALSE
apache_airflow,57803,TRUE,FALSE
apache_airflow,57802,TRUE,FALSE
apache_airflow,57801,FALSE,TRUE
apache_airflow,57800,TRUE,TRUE
apache_airflow,57799,FALSE,TRUE
apache_airflow,57798,FALSE,FALSE
apache_airflow,57797,TRUE,FALSE
apache_airflow,57796,FALSE,TRUE
apache_airflow,57795,FALSE,TRUE
apache_airflow,57794,TRUE,TRUE
apache_airflow,57793,FALSE,FALSE
apache_airflow,57790,FALSE,TRUE
apache_airflow,57788,FALSE,FALSE
apache_airflow,57787,FALSE,TRUE
apache_airflow,57786,TRUE,TRUE
apache_airflow,57784,TRUE,FALSE
apache_airflow,57783,FALSE,TRUE
apache_airflow,57780,TRUE,TRUE
apache_airflow,57779,FALSE,TRUE
apache_airflow,57778,FALSE,FALSE
apache_airflow,57777,TRUE,TRUE
apache_airflow,57775,FALSE,TRUE
apache_airflow,57774,TRUE,FALSE
apache_airflow,57773,TRUE,TRUE
apache_airflow,57772,TRUE,TRUE
apache_airflow,57771,TRUE,FALSE
apache_airflow,57770,FALSE,FALSE
apache_airflow,57768,TRUE,TRUE
apache_airflow,57767,FALSE,FALSE
apache_airflow,57766,FALSE,FALSE
apache_airflow,57765,FALSE,FALSE
apache_airflow,57764,FALSE,FALSE
apache_airflow,57763,FALSE,FALSE
apache_airflow,57762,FALSE,TRUE
apache_airflow,57761,FALSE,TRUE
apache_airflow,57760,FALSE,TRUE
apache_airflow,57759,FALSE,TRUE
apache_airflow,57758,TRUE,TRUE
apache_airflow,57757,FALSE,TRUE
apache_airflow,57755,TRUE,TRUE
apache_airflow,57754,FALSE,TRUE
apache_airflow,57748,FALSE,TRUE
apache_airflow,57745,FALSE,FALSE
apache_airflow,57744,TRUE,TRUE
apache_airflow,57742,TRUE,TRUE
apache_airflow,57741,TRUE,TRUE
apache_airflow,57740,FALSE,FALSE
apache_airflow,57738,TRUE,TRUE
apache_airflow,57737,FALSE,TRUE
apache_airflow,57736,TRUE,TRUE
apache_airflow,57735,TRUE,TRUE
apache_airflow,57734,FALSE,FALSE
apache_airflow,57733,FALSE,TRUE
apache_airflow,57732,TRUE,FALSE
apache_airflow,57731,TRUE,TRUE
apache_airflow,57730,FALSE,FALSE
apache_airflow,57729,TRUE,TRUE
apache_airflow,57728,TRUE,TRUE
apache_airflow,57727,FALSE,FALSE
apache_airflow,57725,FALSE,TRUE
apache_airflow,57724,TRUE,TRUE
apache_airflow,57723,FALSE,FALSE
apache_airflow,57722,FALSE,TRUE
apache_airflow,57717,FALSE,TRUE
apache_airflow,57716,TRUE,FALSE
apache_airflow,57715,FALSE,TRUE
apache_airflow,57714,TRUE,TRUE
apache_airflow,57713,TRUE,TRUE
apache_airflow,57711,TRUE,TRUE
apache_airflow,57708,FALSE,FALSE
apache_airflow,57710,FALSE,TRUE
apache_airflow,57707,FALSE,FALSE
apache_airflow,57709,FALSE,FALSE
apache_airflow,57705,TRUE,TRUE
apache_airflow,57703,TRUE,TRUE
apache_airflow,57702,TRUE,TRUE
apache_airflow,57701,TRUE,TRUE
apache_airflow,57700,TRUE,TRUE
apache_airflow,57698,FALSE,FALSE
apache_airflow,57697,FALSE,FALSE
apache_airflow,57690,FALSE,FALSE
apache_airflow,57689,FALSE,FALSE
apache_airflow,57688,TRUE,TRUE
apache_airflow,57687,TRUE,TRUE
apache_airflow,57686,FALSE,FALSE
apache_airflow,57685,TRUE,TRUE
apache_airflow,57684,TRUE,FALSE
apache_airflow,57683,FALSE,FALSE
apache_airflow,57679,TRUE,TRUE
apache_airflow,57678,TRUE,TRUE
apache_airflow,57677,FALSE,FALSE
apache_airflow,57674,TRUE,TRUE
apache_airflow,57673,TRUE,TRUE
apache_airflow,57671,FALSE,FALSE
apache_airflow,57670,TRUE,TRUE
apache_airflow,57669,FALSE,TRUE
apache_airflow,57668,TRUE,TRUE
apache_airflow,57667,TRUE,TRUE
apache_airflow,57666,FALSE,TRUE
apache_airflow,57665,TRUE,TRUE
apache_airflow,57664,TRUE,FALSE
apache_airflow,57662,FALSE,TRUE
apache_airflow,57661,FALSE,TRUE
apache_airflow,57660,TRUE,TRUE
apache_airflow,57659,TRUE,TRUE
apache_airflow,57658,FALSE,TRUE
apache_airflow,57657,FALSE,FALSE
apache_airflow,57656,FALSE,TRUE
apache_airflow,57655,TRUE,FALSE
apache_airflow,57654,FALSE,TRUE
apache_airflow,57653,TRUE,TRUE
apache_airflow,57652,FALSE,FALSE
apache_airflow,57651,TRUE,TRUE
apache_airflow,57650,TRUE,TRUE
apache_airflow,57649,FALSE,TRUE
apache_airflow,57647,TRUE,FALSE
apache_airflow,57646,TRUE,FALSE
apache_airflow,57645,TRUE,TRUE
apache_airflow,57644,TRUE,TRUE
apache_airflow,57643,TRUE,FALSE
apache_airflow,57642,TRUE,TRUE
apache_airflow,57641,TRUE,TRUE
apache_airflow,57640,TRUE,TRUE
apache_airflow,57638,TRUE,TRUE
apache_airflow,57637,FALSE,FALSE
apache_airflow,57636,FALSE,FALSE
apache_airflow,57635,TRUE,FALSE
apache_airflow,57628,FALSE,TRUE
apache_airflow,57626,FALSE,TRUE
apache_airflow,57624,FALSE,TRUE
apache_airflow,57623,TRUE,FALSE
apache_airflow,57622,TRUE,TRUE
apache_airflow,57620,TRUE,TRUE
apache_airflow,57619,TRUE,TRUE
apache_airflow,57617,TRUE,FALSE
apache_airflow,57616,TRUE,TRUE
apache_airflow,57614,FALSE,TRUE
apache_airflow,57612,TRUE,FALSE
apache_airflow,57611,TRUE,FALSE
apache_airflow,57609,TRUE,TRUE
apache_airflow,57605,TRUE,TRUE
apache_airflow,57603,TRUE,TRUE
apache_airflow,57602,TRUE,TRUE
apache_airflow,57601,FALSE,FALSE
apache_airflow,57600,TRUE,TRUE
apache_airflow,57599,FALSE,FALSE
apache_airflow,57598,FALSE,FALSE
apache_airflow,57597,FALSE,FALSE
apache_airflow,57596,FALSE,FALSE
apache_airflow,57595,FALSE,FALSE
apache_airflow,57594,FALSE,TRUE
apache_airflow,57593,TRUE,TRUE
apache_airflow,57592,TRUE,TRUE
apache_airflow,57591,FALSE,TRUE
apache_airflow,57590,TRUE,TRUE
apache_airflow,57589,FALSE,TRUE
apache_airflow,57588,TRUE,TRUE
apache_airflow,57587,FALSE,FALSE
apache_airflow,57586,FALSE,TRUE
apache_airflow,57583,TRUE,TRUE
apache_airflow,57581,FALSE,FALSE
apache_airflow,57580,FALSE,FALSE
apache_airflow,57579,TRUE,TRUE
apache_airflow,57578,FALSE,TRUE
apache_airflow,57577,FALSE,FALSE
apache_airflow,57576,FALSE,TRUE
apache_airflow,57574,FALSE,FALSE
apache_airflow,57573,FALSE,FALSE
apache_airflow,57572,FALSE,FALSE
apache_airflow,57571,TRUE,TRUE
apache_airflow,57570,TRUE,TRUE
apache_airflow,57569,TRUE,FALSE
apache_airflow,57568,FALSE,TRUE
apache_airflow,57567,FALSE,FALSE
apache_airflow,57565,FALSE,TRUE
apache_airflow,57563,FALSE,TRUE
apache_airflow,57562,TRUE,FALSE
apache_airflow,57560,FALSE,TRUE
apache_airflow,57559,TRUE,FALSE
apache_airflow,57558,TRUE,TRUE
apache_airflow,57557,TRUE,FALSE
apache_airflow,57556,TRUE,FALSE
apache_airflow,57554,TRUE,TRUE
apache_airflow,57551,TRUE,TRUE
apache_airflow,57550,TRUE,FALSE
apache_airflow,57549,TRUE,TRUE
apache_airflow,57548,FALSE,TRUE
apache_airflow,57547,TRUE,TRUE
apache_airflow,57546,TRUE,FALSE
apache_airflow,57543,TRUE,TRUE
apache_airflow,57541,TRUE,TRUE
apache_airflow,57540,TRUE,FALSE
apache_airflow,57538,FALSE,FALSE
apache_airflow,57537,FALSE,TRUE
apache_airflow,57532,FALSE,FALSE
apache_airflow,57531,TRUE,TRUE
apache_airflow,57530,FALSE,TRUE
apache_airflow,57529,FALSE,FALSE
apache_airflow,57528,TRUE,FALSE
apache_airflow,57526,FALSE,TRUE
apache_airflow,57525,TRUE,TRUE
apache_airflow,57524,FALSE,FALSE
apache_airflow,57523,FALSE,FALSE
apache_airflow,57522,TRUE,FALSE
apache_airflow,57521,TRUE,TRUE
apache_airflow,57520,FALSE,TRUE
apache_airflow,57518,FALSE,TRUE
apache_airflow,57516,TRUE,FALSE
apache_airflow,57514,TRUE,TRUE
apache_airflow,57513,FALSE,FALSE
apache_airflow,57511,FALSE,TRUE
apache_airflow,57510,FALSE,TRUE
apache_airflow,57509,FALSE,TRUE
apache_airflow,57508,TRUE,TRUE
apache_airflow,57506,TRUE,FALSE
apache_airflow,57505,FALSE,FALSE
apache_airflow,57503,TRUE,FALSE
apache_airflow,57502,FALSE,FALSE
apache_airflow,57501,FALSE,FALSE
apache_airflow,57500,TRUE,TRUE
apache_airflow,57499,TRUE,FALSE
apache_airflow,57497,FALSE,TRUE
apache_airflow,57496,TRUE,FALSE
apache_airflow,57494,TRUE,TRUE
apache_airflow,57493,FALSE,TRUE
apache_airflow,57490,FALSE,TRUE
apache_airflow,57489,TRUE,FALSE
apache_airflow,57486,FALSE,FALSE
apache_airflow,57484,FALSE,TRUE
apache_airflow,57483,FALSE,FALSE
apache_airflow,57482,TRUE,FALSE
apache_airflow,57481,FALSE,FALSE
apache_airflow,57479,FALSE,FALSE
apache_airflow,57478,FALSE,TRUE
apache_airflow,57476,FALSE,FALSE
apache_airflow,57475,FALSE,FALSE
apache_airflow,57474,TRUE,TRUE
apache_airflow,57473,FALSE,FALSE
apache_airflow,57472,FALSE,FALSE
apache_airflow,57469,FALSE,FALSE
apache_airflow,57468,FALSE,TRUE
apache_airflow,57467,TRUE,TRUE
apache_airflow,57466,TRUE,TRUE
apache_airflow,57465,FALSE,TRUE
apache_airflow,57464,FALSE,FALSE
apache_airflow,57463,TRUE,FALSE
apache_airflow,57462,FALSE,TRUE
apache_airflow,57460,TRUE,TRUE
apache_airflow,57459,FALSE,TRUE
apache_airflow,57458,TRUE,TRUE
apache_airflow,57457,FALSE,TRUE
apache_airflow,57456,TRUE,TRUE
apache_airflow,57455,FALSE,TRUE
apache_airflow,57453,FALSE,TRUE
apache_airflow,57452,TRUE,TRUE
apache_airflow,57450,TRUE,TRUE
apache_airflow,57449,FALSE,FALSE
apache_airflow,57448,FALSE,TRUE
apache_airflow,57447,FALSE,TRUE
apache_airflow,57446,FALSE,TRUE
apache_airflow,57445,FALSE,FALSE
apache_airflow,57444,TRUE,TRUE
apache_airflow,57443,TRUE,TRUE
apache_airflow,57442,TRUE,FALSE
apache_airflow,57440,FALSE,TRUE
apache_airflow,57439,TRUE,FALSE
apache_airflow,57438,TRUE,TRUE
apache_airflow,57436,FALSE,FALSE
apache_airflow,57435,FALSE,TRUE
apache_airflow,57434,FALSE,FALSE
apache_airflow,57425,TRUE,TRUE
apache_airflow,57424,FALSE,FALSE
apache_airflow,57423,FALSE,FALSE
apache_airflow,57421,FALSE,TRUE
apache_airflow,57420,FALSE,FALSE
apache_airflow,57417,FALSE,TRUE
apache_airflow,57414,TRUE,TRUE
apache_airflow,57413,FALSE,FALSE
apache_airflow,57412,TRUE,TRUE
apache_airflow,57411,TRUE,TRUE
apache_airflow,57409,FALSE,TRUE
apache_airflow,57408,FALSE,TRUE
apache_airflow,57407,FALSE,FALSE
apache_airflow,57406,FALSE,FALSE
apache_airflow,57405,FALSE,TRUE
apache_airflow,57404,FALSE,FALSE
apache_airflow,57403,TRUE,TRUE
apache_airflow,57402,FALSE,FALSE
apache_airflow,57401,TRUE,TRUE
apache_airflow,57399,TRUE,FALSE
apache_airflow,57398,FALSE,TRUE
apache_airflow,57397,TRUE,TRUE
apache_airflow,57396,FALSE,FALSE
apache_airflow,57395,FALSE,TRUE
apache_airflow,57394,FALSE,FALSE
apache_airflow,57393,FALSE,FALSE
apache_airflow,57392,FALSE,TRUE
apache_airflow,57391,FALSE,TRUE
apache_airflow,57390,FALSE,TRUE
apache_airflow,57388,FALSE,TRUE
apache_airflow,57387,FALSE,FALSE
apache_airflow,57386,FALSE,TRUE
apache_airflow,57385,TRUE,FALSE
apache_airflow,57384,FALSE,TRUE
apache_airflow,57383,FALSE,FALSE
apache_airflow,57382,FALSE,TRUE
apache_airflow,57381,FALSE,FALSE
apache_airflow,57380,FALSE,FALSE
apache_airflow,57379,TRUE,TRUE
apache_airflow,57378,TRUE,TRUE
apache_airflow,57377,FALSE,TRUE
apache_airflow,57376,TRUE,TRUE
apache_airflow,57375,TRUE,TRUE
apache_airflow,57374,TRUE,TRUE
apache_airflow,57373,FALSE,TRUE
apache_airflow,57372,TRUE,TRUE
apache_airflow,57371,FALSE,FALSE
apache_airflow,57370,FALSE,TRUE
apache_airflow,57369,TRUE,TRUE
apache_airflow,57368,TRUE,TRUE
apache_airflow,57367,FALSE,FALSE
apache_airflow,57366,FALSE,FALSE
apache_airflow,57365,FALSE,FALSE
apache_airflow,57364,FALSE,TRUE
apache_airflow,57363,FALSE,TRUE
apache_airflow,57362,FALSE,FALSE
apache_airflow,57361,FALSE,FALSE
apache_airflow,57360,TRUE,TRUE
apache_airflow,57358,FALSE,TRUE
apache_airflow,57357,FALSE,FALSE
apache_airflow,57354,TRUE,TRUE
apache_airflow,57352,TRUE,TRUE
apache_airflow,57351,FALSE,TRUE
apache_airflow,57349,TRUE,FALSE
apache_airflow,57345,FALSE,FALSE
apache_airflow,57343,FALSE,TRUE
apache_airflow,57339,FALSE,TRUE
apache_airflow,57338,FALSE,FALSE
apache_airflow,57337,FALSE,TRUE
apache_airflow,57335,FALSE,TRUE
apache_airflow,57334,TRUE,TRUE
apache_airflow,57333,TRUE,TRUE
apache_airflow,57332,FALSE,TRUE
apache_airflow,57331,FALSE,FALSE
apache_airflow,57330,TRUE,TRUE
apache_airflow,57327,FALSE,FALSE
apache_airflow,57326,FALSE,TRUE
apache_airflow,57325,FALSE,FALSE
apache_airflow,57324,TRUE,TRUE
apache_airflow,57323,FALSE,TRUE
apache_airflow,57322,TRUE,TRUE
apache_airflow,57321,TRUE,TRUE
apache_airflow,57319,FALSE,FALSE
apache_airflow,57318,FALSE,TRUE
apache_airflow,57317,FALSE,TRUE
apache_airflow,57316,FALSE,TRUE
apache_airflow,57315,TRUE,FALSE
apache_airflow,57314,FALSE,TRUE
apache_airflow,57313,FALSE,FALSE
apache_airflow,57312,FALSE,FALSE
apache_airflow,57311,FALSE,FALSE
apache_airflow,57310,FALSE,TRUE
apache_airflow,57309,FALSE,TRUE
apache_airflow,57308,FALSE,FALSE
apache_airflow,57307,FALSE,FALSE
apache_airflow,57305,FALSE,FALSE
apache_airflow,57304,FALSE,FALSE
apache_airflow,57303,FALSE,TRUE
apache_airflow,57302,FALSE,FALSE
apache_airflow,57301,FALSE,FALSE
apache_airflow,57300,TRUE,FALSE
apache_airflow,57299,FALSE,FALSE
apache_airflow,57298,TRUE,TRUE
apache_airflow,57297,FALSE,FALSE
apache_airflow,57296,FALSE,FALSE
apache_airflow,57295,FALSE,FALSE
apache_airflow,57294,FALSE,FALSE
apache_airflow,57293,FALSE,FALSE
apache_airflow,57292,FALSE,FALSE
apache_airflow,57291,TRUE,TRUE
apache_airflow,57290,TRUE,TRUE
apache_airflow,57289,FALSE,TRUE
apache_airflow,57288,FALSE,FALSE
apache_airflow,57287,FALSE,FALSE
apache_airflow,57286,FALSE,FALSE
apache_airflow,57285,FALSE,FALSE
apache_airflow,57284,FALSE,FALSE
apache_airflow,57283,FALSE,TRUE
apache_airflow,57282,FALSE,FALSE
apache_airflow,57280,FALSE,TRUE
apache_airflow,57279,FALSE,TRUE
apache_airflow,57278,FALSE,TRUE
apache_airflow,57277,FALSE,TRUE
apache_airflow,57276,FALSE,TRUE
apache_airflow,57275,FALSE,TRUE
apache_airflow,57274,FALSE,FALSE
apache_airflow,57273,FALSE,FALSE
apache_airflow,57272,FALSE,TRUE
apache_airflow,57271,FALSE,TRUE
apache_airflow,57270,TRUE,TRUE
apache_airflow,57269,FALSE,TRUE
apache_airflow,57268,TRUE,FALSE
apache_airflow,57267,TRUE,TRUE
apache_airflow,57266,TRUE,TRUE
apache_airflow,57264,FALSE,FALSE
apache_airflow,57263,FALSE,TRUE
apache_airflow,57262,FALSE,TRUE
apache_airflow,57261,TRUE,TRUE
apache_airflow,57260,FALSE,TRUE
apache_airflow,57259,TRUE,TRUE
apache_airflow,57258,TRUE,TRUE
apache_airflow,57257,FALSE,TRUE
apache_airflow,57255,FALSE,TRUE
apache_airflow,57254,TRUE,TRUE
apache_airflow,57253,FALSE,TRUE
apache_airflow,57252,FALSE,TRUE
apache_airflow,57251,FALSE,TRUE
apache_airflow,57250,FALSE,TRUE
apache_airflow,57249,FALSE,TRUE
apache_airflow,57248,FALSE,TRUE
apache_airflow,57247,FALSE,FALSE
apache_airflow,57246,FALSE,TRUE
apache_airflow,57245,TRUE,TRUE
apache_airflow,57244,FALSE,TRUE
apache_airflow,57243,FALSE,TRUE
apache_airflow,57242,TRUE,TRUE
apache_airflow,57240,FALSE,FALSE
apache_airflow,57239,FALSE,TRUE
apache_airflow,57237,FALSE,TRUE
apache_airflow,57235,FALSE,TRUE
apache_airflow,57233,TRUE,TRUE
apache_airflow,57232,FALSE,TRUE
apache_airflow,57231,FALSE,FALSE
apache_airflow,57230,TRUE,FALSE
apache_airflow,57229,FALSE,TRUE
apache_airflow,57228,FALSE,TRUE
apache_airflow,57227,FALSE,FALSE
apache_airflow,57226,TRUE,TRUE
apache_airflow,57225,TRUE,TRUE
apache_airflow,57223,FALSE,FALSE
apache_airflow,57222,TRUE,TRUE
apache_airflow,57221,FALSE,FALSE
apache_airflow,57219,FALSE,TRUE
apache_airflow,57218,FALSE,TRUE
apache_airflow,57217,FALSE,TRUE
apache_airflow,57216,TRUE,FALSE
apache_airflow,57215,TRUE,TRUE
apache_airflow,57214,TRUE,TRUE
apache_airflow,57213,FALSE,FALSE
apache_airflow,57212,TRUE,TRUE
apache_airflow,57211,FALSE,TRUE
apache_airflow,57209,FALSE,FALSE
apache_airflow,57208,TRUE,TRUE
apache_airflow,57207,FALSE,TRUE
apache_airflow,57206,FALSE,FALSE
apache_airflow,57205,FALSE,FALSE
apache_airflow,57204,FALSE,FALSE
apache_airflow,57203,FALSE,TRUE
apache_airflow,57202,FALSE,FALSE
apache_airflow,57201,FALSE,FALSE
apache_airflow,57200,FALSE,FALSE
apache_airflow,57199,TRUE,TRUE
apache_airflow,57198,TRUE,FALSE
apache_airflow,57195,FALSE,FALSE
apache_airflow,57193,FALSE,TRUE
apache_airflow,57192,TRUE,TRUE
apache_airflow,57190,FALSE,FALSE
apache_airflow,57189,TRUE,TRUE
apache_airflow,57188,TRUE,TRUE
apache_airflow,57187,TRUE,TRUE
apache_airflow,57186,TRUE,TRUE
apache_airflow,57185,TRUE,TRUE
apache_airflow,57184,TRUE,TRUE
apache_airflow,57183,FALSE,FALSE
apache_airflow,57182,FALSE,FALSE
apache_airflow,57181,FALSE,FALSE
apache_airflow,57179,TRUE,TRUE
apache_airflow,57178,TRUE,TRUE
apache_airflow,57175,TRUE,TRUE
apache_airflow,57172,TRUE,TRUE
apache_airflow,57171,TRUE,TRUE
apache_airflow,57170,FALSE,FALSE
apache_airflow,57169,FALSE,TRUE
apache_airflow,57168,TRUE,TRUE
apache_airflow,57166,TRUE,TRUE
apache_airflow,57165,TRUE,TRUE
apache_airflow,57163,FALSE,FALSE
apache_airflow,57162,FALSE,FALSE
apache_airflow,57161,FALSE,FALSE
apache_airflow,57160,FALSE,FALSE
apache_airflow,57159,FALSE,TRUE
apache_airflow,57156,TRUE,TRUE
apache_airflow,57155,FALSE,TRUE
apache_airflow,57154,TRUE,TRUE
apache_airflow,57153,TRUE,TRUE
apache_airflow,57150,FALSE,TRUE
apache_airflow,57149,FALSE,TRUE
apache_airflow,57148,FALSE,FALSE
apache_airflow,57147,FALSE,TRUE
apache_airflow,57146,FALSE,TRUE
apache_airflow,57144,FALSE,FALSE
apache_airflow,57143,TRUE,TRUE
apache_airflow,57142,TRUE,TRUE
apache_airflow,57141,FALSE,FALSE
apache_airflow,57137,FALSE,TRUE
apache_airflow,57136,FALSE,TRUE
apache_airflow,57135,FALSE,TRUE
apache_airflow,57134,FALSE,TRUE
apache_airflow,57133,FALSE,TRUE
apache_airflow,57132,FALSE,TRUE
apache_airflow,57131,FALSE,TRUE
apache_airflow,57130,TRUE,TRUE
apache_airflow,57129,TRUE,TRUE
apache_airflow,57128,FALSE,FALSE
apache_airflow,57127,FALSE,TRUE
apache_airflow,57126,FALSE,FALSE
apache_airflow,57124,TRUE,TRUE
apache_airflow,57123,TRUE,TRUE
apache_airflow,57122,FALSE,TRUE
apache_airflow,57121,FALSE,TRUE
apache_airflow,57120,FALSE,TRUE
apache_airflow,57119,FALSE,TRUE
apache_airflow,57118,FALSE,TRUE
apache_airflow,57117,FALSE,TRUE
apache_airflow,57116,TRUE,TRUE
apache_airflow,57115,FALSE,FALSE
apache_airflow,57114,FALSE,TRUE
apache_airflow,57113,TRUE,TRUE
apache_airflow,57112,TRUE,TRUE
apache_airflow,57111,FALSE,TRUE
apache_airflow,57110,FALSE,TRUE
apache_airflow,57108,FALSE,TRUE
apache_airflow,57107,FALSE,TRUE
apache_airflow,57106,FALSE,FALSE
apache_airflow,57105,FALSE,TRUE
apache_airflow,57104,FALSE,FALSE
apache_airflow,57103,FALSE,TRUE
apache_airflow,57102,TRUE,TRUE
apache_airflow,57100,FALSE,FALSE
apache_airflow,57099,FALSE,FALSE
apache_airflow,57098,TRUE,TRUE
apache_airflow,57097,FALSE,TRUE
apache_airflow,57096,FALSE,TRUE
apache_airflow,57095,FALSE,TRUE
apache_airflow,57094,FALSE,FALSE
apache_airflow,57093,FALSE,TRUE
apache_airflow,57092,FALSE,TRUE
apache_airflow,57091,FALSE,TRUE
apache_airflow,57090,FALSE,TRUE
apache_airflow,57089,FALSE,TRUE
apache_airflow,57088,FALSE,TRUE
apache_airflow,57087,FALSE,TRUE
apache_airflow,57086,FALSE,FALSE
apache_airflow,57085,FALSE,FALSE
apache_airflow,57084,FALSE,FALSE
apache_airflow,57083,FALSE,FALSE
apache_airflow,57082,FALSE,TRUE
apache_airflow,57079,FALSE,TRUE
apache_airflow,57078,FALSE,TRUE
apache_airflow,57077,FALSE,TRUE
apache_airflow,57076,FALSE,TRUE
apache_airflow,57075,TRUE,TRUE
apache_airflow,57074,FALSE,TRUE
apache_airflow,57073,FALSE,TRUE
apache_airflow,57072,FALSE,TRUE
apache_airflow,57071,TRUE,FALSE
apache_airflow,57070,FALSE,TRUE
apache_airflow,57069,TRUE,TRUE
apache_airflow,57068,FALSE,FALSE
apache_airflow,57067,TRUE,TRUE
apache_airflow,57066,FALSE,FALSE
apache_airflow,57064,TRUE,TRUE
apache_airflow,57063,FALSE,TRUE
apache_airflow,57062,TRUE,TRUE
apache_airflow,57060,FALSE,TRUE
apache_airflow,57059,FALSE,FALSE
apache_airflow,57058,FALSE,FALSE
apache_airflow,57057,FALSE,FALSE
apache_airflow,57056,TRUE,FALSE
apache_airflow,57055,FALSE,FALSE
apache_airflow,57054,TRUE,TRUE
apache_airflow,57053,FALSE,TRUE
apache_airflow,57052,FALSE,FALSE
apache_airflow,57050,FALSE,FALSE
apache_airflow,57048,FALSE,FALSE
apache_airflow,57047,FALSE,TRUE
apache_airflow,57046,FALSE,TRUE
apache_airflow,57045,TRUE,TRUE
apache_airflow,57043,FALSE,FALSE
apache_airflow,57042,TRUE,TRUE
apache_airflow,57040,FALSE,TRUE
apache_airflow,57039,FALSE,TRUE
apache_airflow,57037,FALSE,TRUE
apache_airflow,57036,FALSE,FALSE
apache_airflow,57035,FALSE,FALSE
apache_airflow,57034,FALSE,FALSE
apache_airflow,57033,FALSE,TRUE
apache_airflow,57032,TRUE,TRUE
apache_airflow,57031,TRUE,TRUE
apache_airflow,57030,FALSE,TRUE
apache_airflow,57029,TRUE,TRUE
apache_airflow,57028,FALSE,TRUE
apache_airflow,57027,FALSE,FALSE
apache_airflow,57024,TRUE,FALSE
apache_airflow,57023,FALSE,TRUE
apache_airflow,57022,TRUE,TRUE
apache_airflow,57021,FALSE,TRUE
apache_airflow,57020,TRUE,TRUE
apache_airflow,57019,FALSE,TRUE
apache_airflow,57017,FALSE,TRUE
apache_airflow,57016,TRUE,TRUE
apache_airflow,57015,FALSE,TRUE
apache_airflow,57014,TRUE,FALSE
apache_airflow,57013,TRUE,TRUE
apache_airflow,57012,FALSE,TRUE
apache_airflow,57011,TRUE,TRUE
apache_airflow,57010,TRUE,TRUE
apache_airflow,57009,FALSE,TRUE
apache_airflow,57008,FALSE,TRUE
apache_airflow,57007,TRUE,TRUE
apache_airflow,57006,TRUE,TRUE
apache_airflow,57005,FALSE,TRUE
apache_airflow,57004,TRUE,TRUE
apache_airflow,57003,TRUE,TRUE
apache_airflow,57002,FALSE,TRUE
apache_airflow,57001,FALSE,TRUE
apache_airflow,57000,FALSE,TRUE
apache_airflow,56999,TRUE,TRUE
apache_airflow,56998,TRUE,TRUE
apache_airflow,56997,FALSE,TRUE
apache_airflow,56996,TRUE,TRUE
apache_airflow,56995,TRUE,TRUE
apache_airflow,56994,TRUE,TRUE
apache_airflow,56993,FALSE,TRUE
apache_airflow,56991,TRUE,FALSE
apache_airflow,56989,FALSE,TRUE
apache_airflow,56988,TRUE,TRUE
apache_airflow,56987,FALSE,FALSE
apache_airflow,56986,TRUE,TRUE
apache_airflow,56985,TRUE,TRUE
apache_airflow,56984,FALSE,TRUE
apache_airflow,56983,FALSE,FALSE
apache_airflow,56982,TRUE,TRUE
apache_airflow,56981,FALSE,FALSE
apache_airflow,56980,FALSE,FALSE
apache_airflow,56978,FALSE,FALSE
apache_airflow,56976,FALSE,TRUE
apache_airflow,56975,FALSE,FALSE
apache_airflow,56974,FALSE,TRUE
apache_airflow,56972,FALSE,TRUE
apache_airflow,56971,TRUE,TRUE
apache_airflow,56970,FALSE,FALSE
apache_airflow,56969,TRUE,TRUE
apache_airflow,56967,FALSE,TRUE
apache_airflow,56966,FALSE,FALSE
apache_airflow,56965,TRUE,TRUE
apache_airflow,56964,FALSE,FALSE
apache_airflow,56963,TRUE,TRUE
apache_airflow,56962,FALSE,FALSE
apache_airflow,56961,TRUE,TRUE
apache_airflow,56960,TRUE,FALSE
apache_airflow,56958,TRUE,FALSE
apache_airflow,56957,FALSE,FALSE
apache_airflow,56956,TRUE,TRUE
apache_airflow,56955,FALSE,FALSE
apache_airflow,56952,FALSE,TRUE
apache_airflow,56951,TRUE,TRUE
apache_airflow,56950,TRUE,TRUE
apache_airflow,56948,FALSE,FALSE
apache_airflow,56946,FALSE,TRUE
apache_airflow,56945,TRUE,TRUE
apache_airflow,56944,FALSE,TRUE
apache_airflow,56943,TRUE,TRUE
apache_airflow,56941,TRUE,TRUE
apache_airflow,56939,FALSE,TRUE
apache_airflow,56938,FALSE,TRUE
apache_airflow,56937,FALSE,TRUE
apache_airflow,56936,TRUE,TRUE
apache_airflow,56935,TRUE,TRUE
apache_airflow,56934,FALSE,TRUE
apache_airflow,56933,FALSE,FALSE
apache_airflow,56932,TRUE,TRUE
apache_airflow,56931,FALSE,FALSE
apache_airflow,56930,FALSE,TRUE
apache_airflow,56928,TRUE,TRUE
apache_airflow,56929,TRUE,FALSE
apache_airflow,56927,FALSE,FALSE
apache_airflow,56926,FALSE,TRUE
apache_airflow,56925,FALSE,FALSE
apache_airflow,56923,TRUE,TRUE
apache_airflow,56922,TRUE,TRUE
apache_airflow,56921,FALSE,FALSE
apache_airflow,56920,TRUE,TRUE
apache_airflow,56919,TRUE,TRUE
apache_airflow,56918,FALSE,TRUE
apache_airflow,56917,FALSE,TRUE
apache_airflow,56916,TRUE,TRUE
apache_airflow,56914,FALSE,FALSE
apache_airflow,56913,TRUE,TRUE
apache_airflow,56912,FALSE,FALSE
apache_airflow,56911,TRUE,TRUE
apache_airflow,56910,TRUE,TRUE
apache_airflow,56909,FALSE,FALSE
apache_airflow,56908,FALSE,FALSE
apache_airflow,56907,FALSE,TRUE
apache_airflow,56906,FALSE,TRUE
apache_airflow,56905,FALSE,FALSE
apache_airflow,56904,TRUE,TRUE
apache_airflow,56903,FALSE,TRUE
apache_airflow,56902,FALSE,TRUE
apache_airflow,56901,FALSE,FALSE
apache_airflow,56900,FALSE,FALSE
apache_airflow,56899,FALSE,FALSE
apache_airflow,56898,FALSE,FALSE
apache_airflow,56897,FALSE,FALSE
apache_airflow,56896,FALSE,TRUE
apache_airflow,56894,FALSE,TRUE
apache_airflow,56893,FALSE,TRUE
apache_airflow,56892,TRUE,TRUE
apache_airflow,56891,FALSE,TRUE
apache_airflow,56889,FALSE,TRUE
apache_airflow,56888,FALSE,FALSE
apache_airflow,56887,FALSE,TRUE
apache_airflow,56885,TRUE,TRUE
apache_airflow,56884,TRUE,TRUE
apache_airflow,56883,FALSE,FALSE
apache_airflow,56881,TRUE,TRUE
apache_airflow,56880,TRUE,TRUE
apache_airflow,56878,FALSE,TRUE
apache_airflow,56877,FALSE,TRUE
apache_airflow,56876,FALSE,TRUE
apache_airflow,56875,TRUE,TRUE
apache_airflow,56873,FALSE,TRUE
apache_airflow,56872,TRUE,FALSE
apache_airflow,56870,FALSE,TRUE
apache_airflow,56869,TRUE,FALSE
apache_airflow,56868,FALSE,FALSE
apache_airflow,56867,TRUE,TRUE
apache_airflow,56866,TRUE,TRUE
apache_airflow,56864,FALSE,TRUE
apache_airflow,56862,FALSE,TRUE
apache_airflow,56861,FALSE,TRUE
apache_airflow,56860,TRUE,TRUE
apache_airflow,56859,TRUE,FALSE
apache_airflow,56858,TRUE,TRUE
apache_airflow,56857,FALSE,FALSE
apache_airflow,56856,TRUE,TRUE
apache_airflow,56855,FALSE,FALSE
apache_airflow,56854,TRUE,TRUE
apache_airflow,56853,FALSE,FALSE
apache_airflow,56851,TRUE,TRUE
apache_airflow,56850,FALSE,FALSE
apache_airflow,56849,FALSE,FALSE
apache_airflow,56848,FALSE,FALSE
apache_airflow,56847,FALSE,FALSE
apache_airflow,56845,FALSE,FALSE
apache_airflow,56844,TRUE,TRUE
apache_airflow,56843,FALSE,TRUE
apache_airflow,56842,FALSE,FALSE
apache_airflow,56841,FALSE,TRUE
apache_airflow,56839,FALSE,FALSE
apache_airflow,56838,FALSE,FALSE
apache_airflow,56837,FALSE,FALSE
apache_airflow,56836,TRUE,TRUE
apache_airflow,56835,FALSE,TRUE
apache_airflow,56834,TRUE,TRUE
apache_airflow,56833,TRUE,TRUE
apache_airflow,56832,TRUE,TRUE
apache_airflow,56831,TRUE,TRUE
apache_airflow,56830,TRUE,TRUE
apache_airflow,56829,TRUE,TRUE
apache_airflow,56827,TRUE,TRUE
apache_airflow,56826,TRUE,TRUE
apache_airflow,56825,FALSE,TRUE
apache_airflow,56824,TRUE,TRUE
apache_airflow,56823,FALSE,FALSE
apache_airflow,56822,TRUE,TRUE
apache_airflow,56821,TRUE,TRUE
apache_airflow,56820,TRUE,TRUE
apache_airflow,56819,FALSE,TRUE
apache_airflow,56818,FALSE,TRUE
apache_airflow,56817,TRUE,TRUE
apache_airflow,56815,FALSE,FALSE
apache_airflow,56813,FALSE,TRUE
apache_airflow,56812,FALSE,TRUE
apache_airflow,56811,TRUE,FALSE
apache_airflow,56810,FALSE,TRUE
apache_airflow,56809,FALSE,TRUE
apache_airflow,56808,FALSE,FALSE
apache_airflow,56807,FALSE,TRUE
apache_airflow,56806,TRUE,FALSE
apache_airflow,56805,TRUE,FALSE
apache_airflow,56804,TRUE,FALSE
apache_airflow,56803,TRUE,FALSE
apache_airflow,56802,TRUE,FALSE
apache_airflow,56801,TRUE,FALSE
apache_airflow,56800,TRUE,TRUE
apache_airflow,56799,FALSE,FALSE
apache_airflow,56798,FALSE,FALSE
apache_airflow,56797,FALSE,FALSE
apache_airflow,56796,TRUE,TRUE
apache_airflow,56795,FALSE,TRUE
apache_airflow,56794,TRUE,TRUE
apache_airflow,56793,FALSE,TRUE
apache_airflow,56792,FALSE,FALSE
apache_airflow,56790,TRUE,TRUE
apache_airflow,56789,FALSE,FALSE
apache_airflow,56788,FALSE,FALSE
apache_airflow,56787,FALSE,TRUE
apache_airflow,56786,FALSE,TRUE
apache_airflow,56785,TRUE,TRUE
apache_airflow,56784,TRUE,TRUE
apache_airflow,56782,TRUE,FALSE
apache_airflow,56780,FALSE,TRUE
apache_airflow,56779,TRUE,TRUE
apache_airflow,56777,FALSE,TRUE
apache_airflow,56776,FALSE,FALSE
apache_airflow,56775,TRUE,TRUE
apache_airflow,56774,FALSE,TRUE
apache_airflow,56773,TRUE,TRUE
apache_airflow,56772,FALSE,TRUE
apache_airflow,56771,FALSE,TRUE
apache_airflow,56770,TRUE,FALSE
apache_airflow,56765,FALSE,TRUE
apache_airflow,56764,FALSE,FALSE
apache_airflow,56762,TRUE,TRUE
apache_airflow,56759,FALSE,TRUE
apache_airflow,56758,TRUE,TRUE
apache_airflow,56757,TRUE,TRUE
apache_airflow,56754,FALSE,FALSE
apache_airflow,56753,FALSE,TRUE
apache_airflow,56752,FALSE,FALSE
apache_airflow,56751,FALSE,TRUE
apache_airflow,56748,TRUE,FALSE
apache_airflow,56746,TRUE,FALSE
apache_airflow,56744,TRUE,FALSE
apache_airflow,56743,TRUE,TRUE
apache_airflow,56742,TRUE,FALSE
apache_airflow,56741,FALSE,TRUE
apache_airflow,56740,TRUE,TRUE
apache_airflow,56737,TRUE,TRUE
apache_airflow,56734,FALSE,FALSE
apache_airflow,56733,TRUE,TRUE
apache_airflow,56732,FALSE,FALSE
apache_airflow,56731,TRUE,TRUE
apache_airflow,56729,TRUE,TRUE
apache_airflow,56728,TRUE,FALSE
apache_airflow,56727,FALSE,FALSE
apache_airflow,56725,TRUE,TRUE
apache_airflow,56724,FALSE,TRUE
apache_airflow,56721,FALSE,TRUE
apache_airflow,56720,FALSE,FALSE
apache_airflow,56719,FALSE,FALSE
apache_airflow,56718,FALSE,TRUE
apache_airflow,56717,FALSE,TRUE
apache_airflow,56716,FALSE,FALSE
apache_airflow,56715,TRUE,FALSE
apache_airflow,56714,TRUE,FALSE
apache_airflow,56713,FALSE,TRUE
apache_airflow,56712,TRUE,FALSE
apache_airflow,56711,TRUE,TRUE
apache_airflow,56710,FALSE,TRUE
apache_airflow,56709,FALSE,FALSE
apache_airflow,56703,FALSE,FALSE
apache_airflow,56702,TRUE,TRUE
apache_airflow,56700,TRUE,TRUE
apache_airflow,56699,TRUE,TRUE
apache_airflow,56698,TRUE,FALSE
apache_airflow,56697,FALSE,TRUE
apache_airflow,56696,FALSE,TRUE
apache_airflow,56695,TRUE,TRUE
apache_airflow,56694,TRUE,TRUE
apache_airflow,56692,TRUE,TRUE
apache_airflow,56688,FALSE,FALSE
apache_airflow,56687,FALSE,FALSE
apache_airflow,56686,FALSE,FALSE
apache_airflow,56685,TRUE,TRUE
apache_airflow,56684,FALSE,FALSE
apache_airflow,56683,FALSE,FALSE
apache_airflow,56682,TRUE,FALSE
apache_airflow,56681,TRUE,FALSE
apache_airflow,56679,TRUE,FALSE
apache_airflow,56677,TRUE,TRUE
apache_airflow,56676,FALSE,FALSE
apache_airflow,56675,TRUE,TRUE
apache_airflow,56674,FALSE,FALSE
apache_airflow,56673,FALSE,FALSE
apache_airflow,56672,TRUE,TRUE
apache_airflow,56666,TRUE,TRUE
apache_airflow,56665,FALSE,TRUE
apache_airflow,56662,FALSE,TRUE
apache_airflow,56661,FALSE,TRUE
apache_airflow,56660,TRUE,TRUE
apache_airflow,56659,FALSE,TRUE
apache_airflow,56658,FALSE,FALSE
apache_airflow,56656,FALSE,FALSE
apache_airflow,56655,TRUE,FALSE
apache_airflow,56654,TRUE,FALSE
apache_airflow,56653,FALSE,TRUE
apache_airflow,56652,FALSE,TRUE
apache_airflow,56651,TRUE,TRUE
apache_airflow,56650,FALSE,TRUE
apache_airflow,56649,FALSE,TRUE
apache_airflow,56648,FALSE,TRUE
apache_airflow,56645,FALSE,TRUE
apache_airflow,56644,FALSE,TRUE
apache_airflow,56643,TRUE,FALSE
apache_airflow,56642,TRUE,FALSE
apache_airflow,56640,FALSE,FALSE
apache_airflow,56639,FALSE,TRUE
apache_airflow,56638,FALSE,TRUE
apache_airflow,56637,FALSE,FALSE
apache_airflow,56636,FALSE,TRUE
apache_airflow,56634,FALSE,TRUE
apache_airflow,56633,TRUE,TRUE
apache_airflow,56631,TRUE,TRUE
apache_airflow,56630,FALSE,FALSE
apache_airflow,56629,FALSE,FALSE
apache_airflow,56628,FALSE,TRUE
apache_airflow,56627,FALSE,FALSE
apache_airflow,56626,FALSE,TRUE
apache_airflow,56625,FALSE,TRUE
apache_airflow,56624,FALSE,TRUE
apache_airflow,56623,FALSE,TRUE
apache_airflow,56622,FALSE,FALSE
apache_airflow,56621,TRUE,TRUE
apache_airflow,56620,FALSE,TRUE
apache_airflow,56619,FALSE,FALSE
apache_airflow,56618,FALSE,TRUE
apache_airflow,56617,FALSE,TRUE
apache_airflow,56616,TRUE,FALSE
apache_airflow,56612,TRUE,TRUE
apache_airflow,56611,TRUE,TRUE
apache_airflow,56610,FALSE,FALSE
apache_airflow,56609,TRUE,TRUE
apache_airflow,56608,TRUE,FALSE
apache_airflow,56607,TRUE,TRUE
apache_airflow,56606,FALSE,FALSE
apache_airflow,56605,TRUE,TRUE
apache_airflow,56604,TRUE,TRUE
apache_airflow,56603,FALSE,FALSE
apache_airflow,56602,TRUE,TRUE
apache_airflow,56601,FALSE,TRUE
apache_airflow,56600,FALSE,TRUE
apache_airflow,56599,TRUE,TRUE
apache_airflow,56598,FALSE,TRUE
apache_airflow,56593,FALSE,FALSE
apache_airflow,56592,FALSE,FALSE
apache_airflow,56589,FALSE,FALSE
apache_airflow,56588,FALSE,TRUE
apache_airflow,56586,TRUE,TRUE
apache_airflow,56584,FALSE,FALSE
apache_airflow,56582,FALSE,FALSE
apache_airflow,56581,TRUE,FALSE
apache_airflow,56579,TRUE,FALSE
apache_airflow,56578,TRUE,TRUE
apache_airflow,56577,TRUE,TRUE
apache_airflow,56576,FALSE,FALSE
apache_airflow,56574,FALSE,FALSE
apache_airflow,56573,FALSE,FALSE
apache_airflow,56572,FALSE,FALSE
apache_airflow,56570,FALSE,TRUE
apache_airflow,56569,FALSE,TRUE
apache_airflow,56568,TRUE,TRUE
apache_airflow,56565,FALSE,TRUE
apache_airflow,56564,FALSE,TRUE
apache_airflow,56563,TRUE,TRUE
apache_airflow,56560,FALSE,FALSE
apache_airflow,56559,FALSE,FALSE
apache_airflow,56558,FALSE,FALSE
apache_airflow,56557,FALSE,FALSE
apache_airflow,56556,TRUE,FALSE
apache_airflow,56553,FALSE,FALSE
apache_airflow,56547,FALSE,FALSE
apache_airflow,56546,FALSE,FALSE
apache_airflow,56544,FALSE,TRUE
apache_airflow,56542,TRUE,TRUE
apache_airflow,56540,TRUE,TRUE
apache_airflow,56539,FALSE,FALSE
apache_airflow,56536,FALSE,FALSE
apache_airflow,56530,FALSE,TRUE
apache_airflow,56528,TRUE,TRUE
apache_airflow,56527,FALSE,TRUE
apache_airflow,56526,TRUE,FALSE
apache_airflow,56525,FALSE,TRUE
apache_airflow,56524,FALSE,FALSE
apache_airflow,56523,FALSE,TRUE
apache_airflow,56522,TRUE,TRUE
apache_airflow,56521,FALSE,FALSE
apache_airflow,56520,FALSE,FALSE
apache_airflow,56519,FALSE,FALSE
apache_airflow,56518,FALSE,FALSE
apache_airflow,56517,FALSE,FALSE
apache_airflow,56516,FALSE,FALSE
apache_airflow,56515,FALSE,FALSE
apache_airflow,56514,FALSE,TRUE
apache_airflow,56513,FALSE,TRUE
apache_airflow,56512,TRUE,TRUE
apache_airflow,56511,FALSE,TRUE
apache_airflow,56509,TRUE,TRUE
apache_airflow,56506,FALSE,TRUE
apache_airflow,56505,FALSE,TRUE
apache_airflow,56496,FALSE,FALSE
apache_airflow,56495,TRUE,FALSE
apache_airflow,56493,TRUE,FALSE
apache_airflow,56491,TRUE,TRUE
apache_airflow,56490,FALSE,FALSE
apache_airflow,56489,FALSE,FALSE
apache_airflow,56488,FALSE,TRUE
apache_airflow,56485,FALSE,TRUE
apache_airflow,56484,FALSE,TRUE
apache_airflow,56483,FALSE,FALSE
apache_airflow,56481,TRUE,FALSE
apache_airflow,56480,TRUE,TRUE
apache_airflow,56478,FALSE,FALSE
apache_airflow,56476,TRUE,TRUE
apache_airflow,56474,TRUE,TRUE
apache_airflow,56472,FALSE,FALSE
apache_airflow,56467,TRUE,TRUE
apache_airflow,56464,TRUE,TRUE
apache_airflow,56463,FALSE,TRUE
apache_airflow,56462,FALSE,FALSE
apache_airflow,56461,FALSE,FALSE
apache_airflow,56455,FALSE,TRUE
apache_airflow,56454,FALSE,TRUE
apache_airflow,56452,FALSE,TRUE
apache_airflow,56442,FALSE,FALSE
apache_airflow,56441,FALSE,FALSE
apache_airflow,56440,FALSE,FALSE
apache_airflow,56439,FALSE,FALSE
apache_airflow,56438,FALSE,FALSE
apache_airflow,56437,FALSE,FALSE
apache_airflow,56436,FALSE,TRUE
apache_airflow,56435,FALSE,TRUE
apache_airflow,56434,TRUE,TRUE
apache_airflow,56431,TRUE,TRUE
apache_airflow,56429,TRUE,TRUE
apache_airflow,56423,TRUE,TRUE
apache_airflow,56422,FALSE,TRUE
apache_airflow,56419,FALSE,FALSE
apache_airflow,56416,FALSE,FALSE
apache_airflow,56415,FALSE,FALSE
apache_airflow,56414,FALSE,TRUE
apache_airflow,56413,FALSE,TRUE
apache_airflow,56412,FALSE,FALSE
apache_airflow,56411,FALSE,TRUE
apache_airflow,56410,TRUE,TRUE
apache_airflow,56409,FALSE,TRUE
apache_airflow,56408,FALSE,TRUE
apache_airflow,56407,FALSE,FALSE
apache_airflow,56405,FALSE,FALSE
apache_airflow,56404,FALSE,TRUE
apache_airflow,56403,FALSE,TRUE
apache_airflow,56402,TRUE,TRUE
apache_airflow,56400,TRUE,TRUE
apache_airflow,56398,FALSE,TRUE
apache_airflow,56396,TRUE,TRUE
apache_airflow,56395,TRUE,FALSE
apache_airflow,56394,TRUE,TRUE
apache_airflow,56393,TRUE,TRUE
apache_airflow,56392,FALSE,TRUE
apache_airflow,56390,FALSE,FALSE
apache_airflow,56389,FALSE,TRUE
apache_airflow,56386,FALSE,FALSE
apache_airflow,56385,FALSE,FALSE
apache_airflow,56384,FALSE,FALSE
apache_airflow,56383,TRUE,TRUE
apache_airflow,56382,FALSE,TRUE
apache_airflow,56381,FALSE,FALSE
apache_airflow,56380,TRUE,TRUE
apache_airflow,56379,FALSE,TRUE
apache_airflow,56378,FALSE,TRUE
apache_airflow,56376,FALSE,FALSE
apache_airflow,56375,FALSE,TRUE
apache_airflow,56373,TRUE,TRUE
apache_airflow,56370,FALSE,FALSE
apache_airflow,56368,FALSE,FALSE
apache_airflow,56367,TRUE,TRUE
apache_airflow,56365,TRUE,TRUE
apache_airflow,56363,TRUE,TRUE
apache_airflow,56362,FALSE,FALSE
apache_airflow,56359,FALSE,FALSE
apache_airflow,56358,FALSE,FALSE
apache_airflow,56357,FALSE,FALSE
apache_airflow,56355,FALSE,TRUE
apache_airflow,56354,FALSE,TRUE
apache_airflow,56353,FALSE,TRUE
apache_airflow,56352,FALSE,TRUE
apache_airflow,56351,TRUE,TRUE
apache_airflow,56350,FALSE,TRUE
apache_airflow,56348,TRUE,TRUE
apache_airflow,56346,TRUE,TRUE
apache_airflow,56345,FALSE,FALSE
apache_airflow,56344,FALSE,TRUE
apache_airflow,56341,TRUE,TRUE
apache_airflow,56339,FALSE,FALSE
apache_airflow,56338,FALSE,FALSE
apache_airflow,56337,FALSE,FALSE
apache_airflow,56336,FALSE,FALSE
apache_airflow,56335,FALSE,FALSE
apache_airflow,56334,FALSE,TRUE
apache_airflow,56333,FALSE,FALSE
apache_airflow,56330,FALSE,TRUE
apache_airflow,56329,TRUE,TRUE
apache_airflow,56328,FALSE,TRUE
apache_airflow,56326,TRUE,TRUE
apache_airflow,56323,TRUE,TRUE
apache_airflow,56321,TRUE,TRUE
apache_airflow,56320,TRUE,FALSE
apache_airflow,56318,FALSE,FALSE
apache_airflow,56317,FALSE,FALSE
apache_airflow,56316,FALSE,TRUE
apache_airflow,56314,FALSE,TRUE
apache_airflow,56310,TRUE,TRUE
apache_airflow,56308,TRUE,FALSE
apache_airflow,56307,FALSE,TRUE
apache_airflow,56305,TRUE,TRUE
apache_airflow,56304,FALSE,TRUE
apache_airflow,56303,FALSE,TRUE
apache_airflow,56302,TRUE,FALSE
apache_airflow,56301,FALSE,FALSE
apache_airflow,56300,FALSE,TRUE
apache_airflow,56298,TRUE,TRUE
apache_airflow,56297,TRUE,TRUE
apache_airflow,56296,FALSE,TRUE
apache_airflow,56293,FALSE,TRUE
apache_airflow,56292,FALSE,FALSE
apache_airflow,56290,FALSE,FALSE
apache_airflow,56288,TRUE,FALSE
apache_airflow,56286,TRUE,TRUE
apache_airflow,56285,FALSE,TRUE
apache_airflow,56282,TRUE,TRUE
apache_airflow,56280,FALSE,TRUE
apache_airflow,56278,FALSE,TRUE
apache_airflow,56277,TRUE,FALSE
apache_airflow,56276,TRUE,TRUE
apache_airflow,56274,FALSE,TRUE
apache_airflow,56272,TRUE,TRUE
apache_airflow,56270,TRUE,TRUE
apache_airflow,56269,FALSE,FALSE
apache_airflow,56268,FALSE,TRUE
apache_airflow,56267,FALSE,FALSE
apache_airflow,56266,FALSE,TRUE
apache_airflow,56265,TRUE,FALSE
apache_airflow,56264,FALSE,TRUE
apache_airflow,56263,FALSE,FALSE
apache_airflow,56262,FALSE,FALSE
apache_airflow,56261,FALSE,FALSE
apache_airflow,56259,FALSE,TRUE
apache_airflow,56258,FALSE,TRUE
apache_airflow,56257,FALSE,TRUE
apache_airflow,56256,FALSE,TRUE
apache_airflow,56255,TRUE,TRUE
apache_airflow,56253,FALSE,TRUE
apache_airflow,56251,FALSE,FALSE
apache_airflow,56249,FALSE,TRUE
apache_airflow,56247,TRUE,FALSE
apache_airflow,56245,TRUE,FALSE
apache_airflow,56244,FALSE,TRUE
apache_airflow,56242,FALSE,TRUE
apache_airflow,56241,FALSE,TRUE
apache_airflow,56240,TRUE,TRUE
apache_airflow,56239,FALSE,FALSE
apache_airflow,56238,FALSE,TRUE
apache_airflow,56237,TRUE,FALSE
apache_airflow,56236,TRUE,TRUE
apache_airflow,56234,TRUE,TRUE
apache_airflow,56233,FALSE,FALSE
apache_airflow,56231,FALSE,FALSE
apache_airflow,56229,FALSE,TRUE
apache_airflow,56228,TRUE,TRUE
apache_airflow,56227,FALSE,FALSE
apache_airflow,56226,FALSE,TRUE
apache_airflow,56225,FALSE,FALSE
apache_airflow,56224,FALSE,FALSE
apache_airflow,56223,TRUE,TRUE
apache_airflow,56222,FALSE,FALSE
apache_airflow,56221,FALSE,FALSE
apache_airflow,56218,FALSE,FALSE
apache_airflow,56216,FALSE,TRUE
apache_airflow,56214,FALSE,TRUE
apache_airflow,56213,FALSE,TRUE
apache_airflow,56212,FALSE,FALSE
apache_airflow,56211,FALSE,FALSE
apache_airflow,56210,FALSE,FALSE
apache_airflow,56209,FALSE,FALSE
apache_airflow,56208,FALSE,FALSE
apache_airflow,56206,TRUE,TRUE
apache_airflow,56205,FALSE,TRUE
apache_airflow,56203,FALSE,FALSE
apache_airflow,56202,TRUE,TRUE
apache_airflow,56200,FALSE,FALSE
apache_airflow,56198,FALSE,FALSE
apache_airflow,56197,FALSE,FALSE
apache_airflow,56195,TRUE,TRUE
apache_airflow,56193,TRUE,TRUE
apache_airflow,56191,TRUE,FALSE
apache_airflow,56189,FALSE,TRUE
apache_airflow,56188,FALSE,FALSE
apache_airflow,56185,FALSE,TRUE
apache_airflow,56182,FALSE,FALSE
apache_airflow,56181,FALSE,FALSE
apache_airflow,56180,FALSE,FALSE
apache_airflow,56179,FALSE,FALSE
apache_airflow,56178,FALSE,TRUE
apache_airflow,56177,FALSE,FALSE
apache_airflow,56176,FALSE,FALSE
apache_airflow,56174,TRUE,TRUE
apache_airflow,56173,TRUE,TRUE
apache_airflow,56171,TRUE,TRUE
apache_airflow,56170,FALSE,FALSE
apache_airflow,56168,FALSE,FALSE
apache_airflow,56167,FALSE,FALSE
apache_airflow,56166,FALSE,FALSE
apache_airflow,56164,TRUE,TRUE
apache_airflow,56163,FALSE,TRUE
apache_airflow,56162,TRUE,TRUE
apache_airflow,56161,FALSE,TRUE
apache_airflow,56160,TRUE,TRUE
apache_airflow,56159,TRUE,TRUE
apache_airflow,56158,TRUE,TRUE
apache_airflow,56157,TRUE,TRUE
apache_airflow,56156,FALSE,FALSE
apache_airflow,56154,FALSE,FALSE
apache_airflow,56151,FALSE,FALSE
apache_airflow,56147,FALSE,FALSE
apache_airflow,56146,FALSE,FALSE
apache_airflow,56145,FALSE,FALSE
apache_airflow,56144,FALSE,FALSE
apache_airflow,56141,FALSE,TRUE
apache_airflow,56140,FALSE,FALSE
apache_airflow,56139,TRUE,FALSE
apache_airflow,56138,TRUE,TRUE
apache_airflow,56137,FALSE,FALSE
apache_airflow,56136,FALSE,TRUE
apache_airflow,56135,FALSE,FALSE
apache_airflow,56133,TRUE,TRUE
apache_airflow,56132,TRUE,TRUE
apache_airflow,56131,TRUE,FALSE
apache_airflow,56127,FALSE,TRUE
apache_airflow,56125,TRUE,TRUE
apache_airflow,56124,TRUE,TRUE
apache_airflow,56122,FALSE,FALSE
apache_airflow,56121,FALSE,FALSE
apache_airflow,56119,TRUE,TRUE
apache_airflow,56118,TRUE,TRUE
apache_airflow,56117,FALSE,FALSE
apache_airflow,56116,TRUE,TRUE
apache_airflow,56115,FALSE,FALSE
apache_airflow,56113,FALSE,FALSE
apache_airflow,56112,FALSE,TRUE
apache_airflow,56111,FALSE,FALSE
apache_airflow,56110,FALSE,TRUE
apache_airflow,56109,TRUE,TRUE
apache_airflow,56108,FALSE,TRUE
apache_airflow,56106,TRUE,TRUE
apache_airflow,56105,FALSE,FALSE
apache_airflow,56104,FALSE,FALSE
apache_airflow,56102,FALSE,TRUE
apache_airflow,56101,TRUE,FALSE
apache_airflow,56100,FALSE,TRUE
apache_airflow,56099,FALSE,FALSE
apache_airflow,56098,FALSE,FALSE
apache_airflow,56096,FALSE,FALSE
apache_airflow,56093,FALSE,FALSE
apache_airflow,56092,FALSE,TRUE
apache_airflow,56090,FALSE,TRUE
apache_airflow,56089,FALSE,FALSE
apache_airflow,56087,TRUE,FALSE
apache_airflow,56086,FALSE,TRUE
apache_airflow,56085,TRUE,TRUE
apache_airflow,56084,FALSE,TRUE
apache_airflow,56083,FALSE,TRUE
apache_airflow,56082,FALSE,FALSE
apache_airflow,56079,TRUE,FALSE
apache_airflow,56077,TRUE,TRUE
apache_airflow,56075,FALSE,TRUE
apache_airflow,56074,FALSE,TRUE
apache_airflow,56071,TRUE,TRUE
apache_airflow,56069,TRUE,TRUE
apache_airflow,56065,TRUE,FALSE
apache_airflow,56064,FALSE,FALSE
apache_airflow,56063,TRUE,TRUE
apache_airflow,56056,FALSE,FALSE
apache_airflow,56055,TRUE,TRUE
apache_airflow,56053,FALSE,TRUE
apache_airflow,56047,FALSE,TRUE
apache_airflow,56046,FALSE,FALSE
apache_airflow,56043,TRUE,TRUE
apache_airflow,56042,TRUE,TRUE
apache_airflow,56041,TRUE,TRUE
apache_airflow,56040,TRUE,TRUE
apache_airflow,56039,TRUE,TRUE
apache_airflow,56036,TRUE,FALSE
apache_airflow,56033,FALSE,FALSE
apache_airflow,56032,TRUE,TRUE
apache_airflow,56031,FALSE,FALSE
apache_airflow,56030,FALSE,TRUE
apache_airflow,56028,FALSE,TRUE
apache_airflow,56026,FALSE,TRUE
apache_airflow,56021,TRUE,FALSE
apache_airflow,56020,FALSE,TRUE
apache_airflow,56019,TRUE,FALSE
apache_airflow,56018,FALSE,FALSE
apache_airflow,56017,TRUE,FALSE
apache_airflow,56016,FALSE,TRUE
apache_airflow,56014,FALSE,TRUE
apache_airflow,56013,TRUE,TRUE
apache_airflow,56012,TRUE,TRUE
apache_airflow,56011,FALSE,FALSE
apache_airflow,56010,TRUE,TRUE
apache_airflow,56009,FALSE,FALSE
apache_airflow,56007,FALSE,TRUE
apache_airflow,56006,TRUE,TRUE
apache_airflow,56005,FALSE,FALSE
apache_airflow,56004,FALSE,FALSE
apache_airflow,56003,FALSE,FALSE
apache_airflow,56002,FALSE,FALSE
apache_airflow,56000,FALSE,FALSE
apache_airflow,55999,FALSE,TRUE
apache_airflow,55998,TRUE,TRUE
apache_airflow,55997,FALSE,TRUE
apache_airflow,55995,FALSE,TRUE
apache_airflow,55994,FALSE,TRUE
apache_airflow,55993,FALSE,TRUE
apache_airflow,55992,FALSE,TRUE
apache_airflow,55991,FALSE,TRUE
apache_airflow,55990,FALSE,FALSE
apache_airflow,55988,FALSE,TRUE
apache_airflow,55986,FALSE,TRUE
apache_airflow,55984,FALSE,FALSE
apache_airflow,55981,TRUE,TRUE
apache_airflow,55980,TRUE,FALSE
apache_airflow,55979,FALSE,TRUE
apache_airflow,55978,TRUE,TRUE
apache_airflow,55977,FALSE,TRUE
apache_airflow,55976,FALSE,TRUE
apache_airflow,55975,FALSE,TRUE
apache_airflow,55973,TRUE,TRUE
apache_airflow,55972,TRUE,TRUE
apache_airflow,55971,FALSE,TRUE
apache_airflow,55970,FALSE,TRUE
apache_airflow,55969,TRUE,TRUE
apache_airflow,55968,FALSE,TRUE
apache_airflow,55967,FALSE,FALSE
apache_airflow,55966,TRUE,TRUE
apache_airflow,55965,FALSE,FALSE
apache_airflow,55964,FALSE,FALSE
apache_airflow,55963,FALSE,FALSE
apache_airflow,55961,FALSE,FALSE
apache_airflow,55960,FALSE,TRUE
apache_airflow,55959,FALSE,FALSE
apache_airflow,55958,FALSE,TRUE
apache_airflow,55957,FALSE,TRUE
apache_airflow,55954,FALSE,TRUE
apache_airflow,55952,TRUE,TRUE
apache_airflow,55951,TRUE,FALSE
apache_airflow,55950,TRUE,FALSE
apache_airflow,55948,TRUE,TRUE
apache_airflow,55946,TRUE,TRUE
apache_airflow,55942,FALSE,TRUE
apache_airflow,55940,TRUE,FALSE
apache_airflow,55939,TRUE,FALSE
apache_airflow,55938,TRUE,FALSE
apache_airflow,55936,TRUE,TRUE
apache_airflow,55935,TRUE,FALSE
apache_airflow,55934,TRUE,TRUE
apache_airflow,55933,FALSE,FALSE
apache_airflow,55932,FALSE,FALSE
apache_airflow,55931,FALSE,FALSE
apache_airflow,55930,FALSE,FALSE
apache_airflow,55929,FALSE,TRUE
apache_airflow,55928,TRUE,TRUE
apache_airflow,55927,FALSE,FALSE
apache_airflow,55924,TRUE,TRUE
apache_airflow,55923,FALSE,FALSE
apache_airflow,55922,FALSE,TRUE
apache_airflow,55921,FALSE,FALSE
apache_airflow,55919,TRUE,TRUE
apache_airflow,55916,TRUE,FALSE
apache_airflow,55915,TRUE,TRUE
apache_airflow,55914,FALSE,TRUE
apache_airflow,55913,TRUE,TRUE
apache_airflow,55911,FALSE,FALSE
apache_airflow,55909,TRUE,TRUE
apache_airflow,55907,TRUE,TRUE
apache_airflow,55906,TRUE,TRUE
apache_airflow,55905,FALSE,TRUE
apache_airflow,55904,TRUE,TRUE
apache_airflow,55902,TRUE,TRUE
apache_airflow,55901,FALSE,TRUE
apache_airflow,55898,TRUE,TRUE
apache_airflow,55895,FALSE,FALSE
apache_airflow,55892,FALSE,FALSE
apache_airflow,55890,FALSE,FALSE
apache_airflow,55888,TRUE,FALSE
apache_airflow,55887,FALSE,FALSE
apache_airflow,55884,TRUE,TRUE
apache_airflow,55883,FALSE,TRUE
apache_airflow,55881,TRUE,TRUE
apache_airflow,55880,FALSE,TRUE
apache_airflow,55878,FALSE,TRUE
apache_airflow,55877,FALSE,TRUE
apache_airflow,55876,FALSE,FALSE
apache_airflow,55874,TRUE,TRUE
apache_airflow,55873,FALSE,FALSE
apache_airflow,55872,FALSE,TRUE
apache_airflow,55870,FALSE,TRUE
apache_airflow,55869,FALSE,FALSE
apache_airflow,55868,FALSE,TRUE
apache_airflow,55867,FALSE,TRUE
apache_airflow,55865,FALSE,FALSE
apache_airflow,55864,FALSE,FALSE
apache_airflow,55863,FALSE,FALSE
apache_airflow,55862,FALSE,FALSE
apache_airflow,55861,FALSE,TRUE
apache_airflow,55860,FALSE,TRUE
apache_airflow,55859,FALSE,FALSE
apache_airflow,55858,TRUE,TRUE
apache_airflow,55855,FALSE,FALSE
apache_airflow,55854,FALSE,TRUE
apache_airflow,55852,TRUE,FALSE
apache_airflow,55851,FALSE,TRUE
apache_airflow,55850,TRUE,TRUE
apache_airflow,55849,TRUE,TRUE
apache_airflow,55848,TRUE,TRUE
apache_airflow,55846,FALSE,TRUE
apache_airflow,55845,FALSE,TRUE
apache_airflow,55844,FALSE,FALSE
apache_airflow,55843,FALSE,FALSE
apache_airflow,55842,FALSE,FALSE
apache_airflow,55839,FALSE,FALSE
apache_airflow,55836,TRUE,TRUE
apache_airflow,55833,FALSE,TRUE
apache_airflow,55832,TRUE,FALSE
apache_airflow,55824,FALSE,TRUE
apache_airflow,55822,TRUE,FALSE
apache_airflow,55821,TRUE,TRUE
apache_airflow,55820,FALSE,FALSE
apache_airflow,55817,FALSE,FALSE
apache_airflow,55816,TRUE,TRUE
apache_airflow,55814,FALSE,FALSE
apache_airflow,55813,FALSE,FALSE
apache_airflow,55812,TRUE,TRUE
apache_airflow,55809,FALSE,TRUE
apache_airflow,55808,FALSE,TRUE
apache_airflow,55807,TRUE,FALSE
apache_airflow,55806,TRUE,TRUE
apache_airflow,55805,FALSE,TRUE
apache_airflow,55802,TRUE,FALSE
apache_airflow,55801,FALSE,TRUE
apache_airflow,55800,TRUE,FALSE
apache_airflow,55799,TRUE,TRUE
apache_airflow,55798,FALSE,FALSE
apache_airflow,55797,TRUE,TRUE
apache_airflow,55795,FALSE,FALSE
apache_airflow,55794,FALSE,TRUE
apache_airflow,55793,FALSE,FALSE
apache_airflow,55792,FALSE,FALSE
apache_airflow,55791,FALSE,FALSE
apache_airflow,55790,FALSE,FALSE
apache_airflow,55788,TRUE,FALSE
apache_airflow,55786,FALSE,TRUE
apache_airflow,55784,FALSE,TRUE
apache_airflow,55779,TRUE,TRUE
apache_airflow,55777,TRUE,TRUE
apache_airflow,55776,TRUE,TRUE
apache_airflow,55775,TRUE,FALSE
apache_airflow,55773,FALSE,FALSE
apache_airflow,55772,FALSE,TRUE
apache_airflow,55771,FALSE,TRUE
apache_airflow,55769,TRUE,TRUE
apache_airflow,55767,TRUE,TRUE
apache_airflow,55765,TRUE,TRUE
apache_airflow,55763,FALSE,TRUE
apache_airflow,55762,FALSE,TRUE
apache_airflow,55761,TRUE,TRUE
apache_airflow,55760,TRUE,TRUE
apache_airflow,55758,FALSE,TRUE
apache_airflow,55751,FALSE,FALSE
apache_airflow,55749,TRUE,FALSE
apache_airflow,55746,FALSE,FALSE
apache_airflow,55745,FALSE,TRUE
apache_airflow,55744,FALSE,TRUE
apache_airflow,55743,FALSE,TRUE
apache_airflow,55742,TRUE,TRUE
apache_airflow,55741,TRUE,TRUE
apache_airflow,55740,FALSE,FALSE
apache_airflow,55739,FALSE,TRUE
apache_airflow,55738,FALSE,TRUE
apache_airflow,55737,FALSE,FALSE
apache_airflow,55736,TRUE,TRUE
apache_airflow,55735,TRUE,TRUE
apache_airflow,55733,TRUE,TRUE
apache_airflow,55732,FALSE,FALSE
apache_airflow,55731,FALSE,FALSE
apache_airflow,55730,FALSE,FALSE
apache_airflow,55729,TRUE,TRUE
apache_airflow,55727,TRUE,TRUE
apache_airflow,55726,FALSE,FALSE
apache_airflow,55725,FALSE,FALSE
apache_airflow,55723,FALSE,FALSE
apache_airflow,55722,FALSE,FALSE
apache_airflow,55720,FALSE,FALSE
apache_airflow,55719,FALSE,TRUE
apache_airflow,55717,FALSE,FALSE
apache_airflow,55716,FALSE,TRUE
apache_airflow,55714,TRUE,TRUE
apache_airflow,55712,FALSE,TRUE
apache_airflow,55710,FALSE,TRUE
apache_airflow,55707,FALSE,FALSE
apache_airflow,55706,TRUE,FALSE
apache_airflow,55705,FALSE,TRUE
apache_airflow,55704,TRUE,TRUE
apache_airflow,55703,TRUE,TRUE
apache_airflow,55701,TRUE,FALSE
apache_airflow,55700,TRUE,FALSE
apache_airflow,55699,TRUE,TRUE
apache_airflow,55698,TRUE,TRUE
apache_airflow,55696,FALSE,TRUE
apache_airflow,55695,FALSE,FALSE
apache_airflow,55694,FALSE,FALSE
apache_airflow,55692,TRUE,TRUE
apache_airflow,55691,TRUE,TRUE
apache_airflow,55690,FALSE,FALSE
apache_airflow,55688,TRUE,TRUE
apache_airflow,55687,TRUE,TRUE
apache_airflow,55686,TRUE,TRUE
apache_airflow,55684,FALSE,TRUE
apache_airflow,55683,TRUE,TRUE
apache_airflow,55682,TRUE,TRUE
apache_airflow,55681,TRUE,TRUE
apache_airflow,55680,FALSE,FALSE
apache_airflow,55677,TRUE,TRUE
apache_airflow,55676,FALSE,TRUE
apache_airflow,55674,TRUE,TRUE
apache_airflow,55673,TRUE,TRUE
apache_airflow,55672,TRUE,FALSE
apache_airflow,55670,TRUE,TRUE
apache_airflow,55668,FALSE,TRUE
apache_airflow,55667,FALSE,FALSE
apache_airflow,55666,FALSE,TRUE
apache_airflow,55665,TRUE,FALSE
apache_airflow,55664,TRUE,TRUE
apache_airflow,55662,FALSE,FALSE
apache_airflow,55661,TRUE,TRUE
apache_airflow,55660,TRUE,TRUE
apache_airflow,55659,TRUE,FALSE
apache_airflow,55657,FALSE,FALSE
apache_airflow,55656,FALSE,TRUE
apache_airflow,55655,FALSE,FALSE
apache_airflow,55654,FALSE,FALSE
apache_airflow,55653,TRUE,FALSE
apache_airflow,55652,FALSE,TRUE
apache_airflow,55651,TRUE,FALSE
apache_airflow,55650,FALSE,TRUE
apache_airflow,55649,TRUE,TRUE
apache_airflow,55648,FALSE,TRUE
apache_airflow,55647,FALSE,TRUE
apache_airflow,55646,FALSE,TRUE
apache_airflow,55645,TRUE,TRUE
apache_airflow,55644,FALSE,TRUE
apache_airflow,55643,TRUE,TRUE
apache_airflow,55642,FALSE,TRUE
apache_airflow,55640,FALSE,FALSE
apache_airflow,55639,FALSE,TRUE
apache_airflow,55638,FALSE,TRUE
apache_airflow,55637,FALSE,TRUE
apache_airflow,55633,FALSE,TRUE
apache_airflow,55631,FALSE,TRUE
apache_airflow,55630,FALSE,FALSE
apache_airflow,55629,FALSE,FALSE
apache_airflow,55628,FALSE,FALSE
apache_airflow,55627,FALSE,FALSE
apache_airflow,55626,FALSE,TRUE
apache_airflow,55625,FALSE,TRUE
apache_airflow,55624,TRUE,FALSE
apache_airflow,55623,FALSE,TRUE
apache_airflow,55622,FALSE,FALSE
apache_airflow,55621,FALSE,FALSE
apache_airflow,55620,FALSE,TRUE
apache_airflow,55619,FALSE,TRUE
apache_airflow,55618,FALSE,FALSE
apache_airflow,55617,FALSE,TRUE
apache_airflow,55616,FALSE,FALSE
apache_airflow,55615,FALSE,FALSE
apache_airflow,55614,TRUE,TRUE
apache_airflow,55611,FALSE,TRUE
apache_airflow,55609,FALSE,FALSE
apache_airflow,55607,FALSE,FALSE
apache_airflow,55606,FALSE,FALSE
apache_airflow,55605,FALSE,FALSE
apache_airflow,55604,FALSE,TRUE
apache_airflow,55603,TRUE,TRUE
apache_airflow,55602,TRUE,TRUE
apache_airflow,55601,FALSE,TRUE
apache_airflow,55600,FALSE,FALSE
apache_airflow,55598,FALSE,TRUE
apache_airflow,55597,TRUE,TRUE
apache_airflow,55596,TRUE,TRUE
apache_airflow,55594,FALSE,FALSE
apache_airflow,55593,FALSE,FALSE
apache_airflow,55592,FALSE,FALSE
apache_airflow,55589,FALSE,TRUE
apache_airflow,55588,FALSE,FALSE
apache_airflow,55587,FALSE,FALSE
apache_airflow,55586,FALSE,FALSE
apache_airflow,55585,FALSE,FALSE
apache_airflow,55584,FALSE,FALSE
apache_airflow,55583,FALSE,FALSE
apache_airflow,55582,FALSE,FALSE
apache_airflow,55581,TRUE,TRUE
apache_airflow,55580,FALSE,FALSE
apache_airflow,55578,FALSE,FALSE
apache_airflow,55577,FALSE,FALSE
apache_airflow,55576,FALSE,FALSE
apache_airflow,55575,FALSE,TRUE
apache_airflow,55573,TRUE,TRUE
apache_airflow,55572,TRUE,TRUE
apache_airflow,55570,FALSE,TRUE
apache_airflow,55569,TRUE,TRUE
apache_airflow,55566,FALSE,TRUE
apache_airflow,55565,FALSE,FALSE
apache_airflow,55564,FALSE,FALSE
apache_airflow,55563,TRUE,FALSE
apache_airflow,55560,TRUE,FALSE
apache_airflow,55559,TRUE,FALSE
apache_airflow,55558,FALSE,TRUE
apache_airflow,55556,FALSE,FALSE
apache_airflow,55554,FALSE,TRUE
apache_airflow,55553,FALSE,TRUE
apache_airflow,55552,FALSE,FALSE
apache_airflow,55551,FALSE,FALSE
apache_airflow,55550,FALSE,FALSE
apache_airflow,55547,FALSE,TRUE
apache_airflow,55546,FALSE,TRUE
apache_airflow,55545,FALSE,TRUE
apache_airflow,55544,FALSE,TRUE
apache_airflow,55543,FALSE,TRUE
apache_airflow,55542,TRUE,TRUE
apache_airflow,55541,FALSE,TRUE
apache_airflow,55539,TRUE,TRUE
apache_airflow,55538,TRUE,TRUE
apache_airflow,55537,FALSE,FALSE
apache_airflow,55536,TRUE,TRUE
apache_airflow,55535,TRUE,TRUE
apache_airflow,55534,TRUE,TRUE
apache_airflow,55533,FALSE,TRUE
apache_airflow,55532,FALSE,TRUE
apache_airflow,55530,FALSE,FALSE
apache_airflow,55529,FALSE,TRUE
apache_airflow,55528,FALSE,TRUE
apache_airflow,55527,TRUE,FALSE
apache_airflow,55525,TRUE,TRUE
apache_airflow,55523,TRUE,FALSE
apache_airflow,55522,FALSE,TRUE
apache_airflow,55519,TRUE,TRUE
apache_airflow,55518,TRUE,FALSE
apache_airflow,55517,TRUE,TRUE
apache_airflow,55516,FALSE,FALSE
apache_airflow,55513,FALSE,TRUE
apache_airflow,55512,FALSE,TRUE
apache_airflow,55509,FALSE,TRUE
apache_airflow,55508,TRUE,TRUE
apache_airflow,55507,FALSE,FALSE
apache_airflow,55506,TRUE,TRUE
apache_airflow,55504,FALSE,TRUE
apache_airflow,55501,FALSE,TRUE
apache_airflow,55499,FALSE,TRUE
apache_airflow,55494,TRUE,TRUE
apache_airflow,55493,FALSE,TRUE
apache_airflow,55492,FALSE,TRUE
apache_airflow,55491,FALSE,FALSE
apache_airflow,55490,FALSE,TRUE
apache_airflow,55488,FALSE,TRUE
apache_airflow,55487,FALSE,TRUE
apache_airflow,55486,FALSE,TRUE
apache_airflow,55485,FALSE,TRUE
apache_airflow,55483,FALSE,TRUE
apache_airflow,55482,FALSE,FALSE
apache_airflow,55480,TRUE,TRUE
apache_airflow,55479,FALSE,TRUE
apache_airflow,55478,FALSE,FALSE
apache_airflow,55477,FALSE,FALSE
apache_airflow,55476,FALSE,TRUE
apache_airflow,55474,TRUE,TRUE
apache_airflow,55472,FALSE,FALSE
apache_airflow,55471,FALSE,TRUE
apache_airflow,55469,TRUE,TRUE
apache_airflow,55468,FALSE,FALSE
apache_airflow,55463,TRUE,TRUE
apache_airflow,55462,TRUE,TRUE
apache_airflow,55461,FALSE,FALSE
apache_airflow,55458,TRUE,FALSE
apache_airflow,55457,TRUE,TRUE
apache_airflow,55455,FALSE,TRUE
apache_airflow,55454,TRUE,TRUE
apache_airflow,55453,TRUE,TRUE
apache_airflow,55451,FALSE,TRUE
apache_airflow,55450,FALSE,FALSE
apache_airflow,55449,FALSE,FALSE
apache_airflow,55448,FALSE,FALSE
apache_airflow,55447,FALSE,TRUE
apache_airflow,55445,TRUE,TRUE
apache_airflow,55444,FALSE,TRUE
apache_airflow,55443,FALSE,TRUE
apache_airflow,55442,FALSE,FALSE
apache_airflow,55441,FALSE,FALSE
apache_airflow,55439,FALSE,TRUE
apache_airflow,55438,FALSE,FALSE
apache_airflow,55437,TRUE,TRUE
apache_airflow,55436,TRUE,TRUE
apache_airflow,55435,FALSE,FALSE
apache_airflow,55434,FALSE,TRUE
apache_airflow,55431,FALSE,TRUE
apache_airflow,55430,FALSE,TRUE
apache_airflow,55429,FALSE,FALSE
apache_airflow,55428,FALSE,FALSE
apache_airflow,55425,FALSE,TRUE
apache_airflow,55424,FALSE,FALSE
apache_airflow,55423,FALSE,TRUE
apache_airflow,55422,FALSE,FALSE
apache_airflow,55421,FALSE,FALSE
apache_airflow,55420,FALSE,FALSE
apache_airflow,55419,FALSE,FALSE
apache_airflow,55418,FALSE,FALSE
apache_airflow,55417,FALSE,FALSE
apache_airflow,55415,FALSE,TRUE
apache_airflow,55411,FALSE,FALSE
apache_airflow,55408,FALSE,FALSE
apache_airflow,55407,TRUE,FALSE
apache_airflow,55404,FALSE,FALSE
apache_airflow,55403,TRUE,TRUE
apache_airflow,55401,FALSE,FALSE
apache_airflow,55400,FALSE,TRUE
apache_airflow,55399,FALSE,TRUE
apache_airflow,55398,FALSE,FALSE
apache_airflow,55397,FALSE,FALSE
apache_airflow,55396,FALSE,FALSE
apache_airflow,55395,FALSE,FALSE
apache_airflow,55394,FALSE,FALSE
apache_airflow,55393,FALSE,FALSE
apache_airflow,55392,TRUE,TRUE
apache_airflow,55390,TRUE,TRUE
apache_airflow,55389,FALSE,FALSE
apache_airflow,55388,FALSE,FALSE
apache_airflow,55387,FALSE,FALSE
apache_airflow,55386,FALSE,FALSE
apache_airflow,55385,FALSE,FALSE
apache_airflow,55384,FALSE,FALSE
apache_airflow,55383,FALSE,FALSE
apache_airflow,55382,FALSE,FALSE
apache_airflow,55381,FALSE,FALSE
apache_airflow,55379,FALSE,FALSE
apache_airflow,55378,FALSE,FALSE
apache_airflow,55377,FALSE,FALSE
apache_airflow,55376,TRUE,TRUE
apache_airflow,55374,FALSE,FALSE
apache_airflow,55372,TRUE,TRUE
apache_airflow,55371,FALSE,TRUE
apache_airflow,55370,FALSE,FALSE
apache_airflow,55367,FALSE,TRUE
apache_airflow,55365,TRUE,TRUE
apache_airflow,55363,FALSE,TRUE
apache_airflow,55362,FALSE,TRUE
apache_airflow,55361,FALSE,FALSE
apache_airflow,55360,FALSE,FALSE
apache_airflow,55359,FALSE,FALSE
apache_airflow,55356,FALSE,TRUE
apache_airflow,55354,FALSE,TRUE
apache_airflow,55353,FALSE,FALSE
apache_airflow,55352,FALSE,FALSE
apache_airflow,55350,TRUE,TRUE
apache_airflow,55349,FALSE,FALSE
apache_airflow,55348,FALSE,TRUE
apache_airflow,55347,FALSE,FALSE
apache_airflow,55346,FALSE,FALSE
apache_airflow,55345,TRUE,FALSE
apache_airflow,55343,TRUE,FALSE
apache_airflow,55342,FALSE,TRUE
apache_airflow,55341,TRUE,FALSE
apache_airflow,55340,FALSE,FALSE
apache_airflow,55338,TRUE,FALSE
apache_airflow,55337,FALSE,FALSE
apache_airflow,55336,FALSE,TRUE
apache_airflow,55335,FALSE,FALSE
apache_airflow,55334,FALSE,TRUE
apache_airflow,55333,FALSE,FALSE
apache_airflow,55332,FALSE,TRUE
apache_airflow,55331,FALSE,FALSE
apache_airflow,55330,FALSE,TRUE
apache_airflow,55329,FALSE,FALSE
apache_airflow,55328,TRUE,FALSE
apache_airflow,55327,TRUE,TRUE
apache_airflow,55326,FALSE,FALSE
apache_airflow,55325,TRUE,TRUE
apache_airflow,55324,TRUE,TRUE
apache_airflow,55323,FALSE,TRUE
apache_airflow,55322,FALSE,TRUE
apache_airflow,55321,TRUE,TRUE
apache_airflow,55318,FALSE,TRUE
apache_airflow,55316,FALSE,TRUE
apache_airflow,55313,FALSE,FALSE
apache_airflow,55312,FALSE,FALSE
apache_airflow,55311,FALSE,TRUE
apache_airflow,55309,TRUE,TRUE
apache_airflow,55308,TRUE,TRUE
apache_airflow,55307,TRUE,TRUE
apache_airflow,55306,TRUE,TRUE
apache_airflow,55304,FALSE,FALSE
apache_airflow,55303,FALSE,FALSE
apache_airflow,55302,FALSE,FALSE
apache_airflow,55301,FALSE,TRUE
apache_airflow,55300,FALSE,TRUE
apache_airflow,55298,TRUE,TRUE
apache_airflow,55296,FALSE,TRUE
apache_airflow,55295,FALSE,FALSE
apache_airflow,55294,FALSE,TRUE
apache_airflow,55293,FALSE,FALSE
apache_airflow,55292,TRUE,TRUE
apache_airflow,55291,FALSE,TRUE
apache_airflow,55290,TRUE,TRUE
apache_airflow,55289,FALSE,TRUE
apache_airflow,55288,TRUE,TRUE
apache_airflow,55287,FALSE,TRUE
apache_airflow,55286,FALSE,FALSE
apache_airflow,55284,FALSE,TRUE
apache_airflow,55283,TRUE,TRUE
apache_airflow,55282,TRUE,TRUE
apache_airflow,55281,FALSE,FALSE
apache_airflow,55280,FALSE,TRUE
apache_airflow,55278,TRUE,TRUE
apache_airflow,55277,FALSE,FALSE
apache_airflow,55273,TRUE,TRUE
apache_airflow,55272,TRUE,TRUE
apache_airflow,55271,FALSE,TRUE
apache_airflow,55270,FALSE,FALSE
apache_airflow,55269,FALSE,TRUE
apache_airflow,55265,FALSE,TRUE
apache_airflow,55264,TRUE,TRUE
apache_airflow,55262,TRUE,TRUE
apache_airflow,55261,TRUE,FALSE
apache_airflow,55260,FALSE,TRUE
apache_airflow,55259,TRUE,TRUE
apache_airflow,55258,FALSE,FALSE
apache_airflow,55257,TRUE,TRUE
apache_airflow,55256,TRUE,TRUE
apache_airflow,55255,TRUE,TRUE
apache_airflow,55254,TRUE,TRUE
apache_airflow,55253,FALSE,TRUE
apache_airflow,55252,FALSE,TRUE
apache_airflow,55248,TRUE,TRUE
apache_airflow,55247,TRUE,TRUE
apache_airflow,55245,FALSE,FALSE
apache_airflow,55243,TRUE,TRUE
apache_airflow,55242,FALSE,FALSE
apache_airflow,55241,TRUE,TRUE
apache_airflow,55240,FALSE,FALSE
apache_airflow,55238,TRUE,TRUE
apache_airflow,55236,TRUE,TRUE
apache_airflow,55235,FALSE,FALSE
apache_airflow,55234,FALSE,FALSE
apache_airflow,55233,FALSE,TRUE
apache_airflow,55232,FALSE,FALSE
apache_airflow,55231,FALSE,TRUE
apache_airflow,55229,TRUE,FALSE
apache_airflow,55228,FALSE,FALSE
apache_airflow,55227,FALSE,FALSE
apache_airflow,55226,TRUE,TRUE
apache_airflow,55222,FALSE,TRUE
apache_airflow,55221,TRUE,TRUE
apache_airflow,55219,TRUE,TRUE
apache_airflow,55218,FALSE,TRUE
apache_airflow,55217,TRUE,TRUE
apache_airflow,55216,FALSE,TRUE
apache_airflow,55214,FALSE,FALSE
apache_airflow,55210,TRUE,FALSE
apache_airflow,55209,TRUE,TRUE
apache_airflow,55205,TRUE,FALSE
apache_airflow,55204,FALSE,FALSE
apache_airflow,55203,TRUE,TRUE
apache_airflow,55202,TRUE,FALSE
apache_airflow,55201,TRUE,TRUE
apache_airflow,55199,TRUE,TRUE
apache_airflow,55197,FALSE,TRUE
apache_airflow,55196,TRUE,TRUE
apache_airflow,55195,TRUE,TRUE
apache_airflow,55194,TRUE,TRUE
apache_airflow,55193,TRUE,TRUE
apache_airflow,55191,FALSE,TRUE
apache_airflow,55189,FALSE,FALSE
apache_airflow,55188,TRUE,TRUE
apache_airflow,55186,FALSE,TRUE
apache_airflow,55184,FALSE,TRUE
apache_airflow,55183,FALSE,FALSE
apache_airflow,55181,FALSE,FALSE
apache_airflow,55180,TRUE,TRUE
apache_airflow,55179,TRUE,TRUE
apache_airflow,55178,FALSE,FALSE
apache_airflow,55174,TRUE,FALSE
apache_airflow,55170,FALSE,TRUE
apache_airflow,55169,TRUE,TRUE
apache_airflow,55168,TRUE,TRUE
apache_airflow,55167,FALSE,FALSE
apache_airflow,55165,FALSE,FALSE
apache_airflow,55164,TRUE,FALSE
apache_airflow,55162,TRUE,TRUE
apache_airflow,55160,TRUE,TRUE
apache_airflow,55158,TRUE,FALSE
apache_airflow,55156,FALSE,TRUE
apache_airflow,55155,FALSE,TRUE
apache_airflow,55154,TRUE,TRUE
apache_airflow,55153,TRUE,FALSE
apache_airflow,55152,FALSE,FALSE
apache_airflow,55151,FALSE,FALSE
apache_airflow,55150,FALSE,TRUE
apache_airflow,55149,FALSE,TRUE
apache_airflow,55145,TRUE,FALSE
apache_airflow,55141,FALSE,TRUE
apache_airflow,55139,TRUE,TRUE
apache_airflow,55138,TRUE,FALSE
apache_airflow,55135,TRUE,TRUE
apache_airflow,55130,FALSE,TRUE
apache_airflow,55127,TRUE,TRUE
apache_airflow,55126,FALSE,TRUE
apache_airflow,55125,FALSE,FALSE
apache_airflow,55124,FALSE,FALSE
apache_airflow,55123,FALSE,FALSE
apache_airflow,55122,FALSE,TRUE
apache_airflow,55120,FALSE,FALSE
apache_airflow,55119,FALSE,TRUE
apache_airflow,55118,FALSE,TRUE
apache_airflow,55116,TRUE,TRUE
apache_airflow,55115,TRUE,TRUE
apache_airflow,55114,FALSE,TRUE
apache_airflow,55113,FALSE,FALSE
apache_airflow,55112,FALSE,TRUE
apache_airflow,55111,TRUE,TRUE
apache_airflow,55110,TRUE,TRUE
apache_airflow,55109,FALSE,FALSE
apache_airflow,55108,TRUE,TRUE
apache_airflow,55107,TRUE,TRUE
apache_airflow,55106,FALSE,FALSE
apache_airflow,55105,TRUE,TRUE
apache_airflow,55104,FALSE,FALSE
apache_airflow,55103,FALSE,FALSE
apache_airflow,55102,TRUE,FALSE
apache_airflow,55101,FALSE,FALSE
apache_airflow,55100,FALSE,FALSE
apache_airflow,55099,TRUE,FALSE
apache_airflow,55098,FALSE,FALSE
apache_airflow,55097,FALSE,FALSE
apache_airflow,55096,FALSE,TRUE
apache_airflow,55095,TRUE,TRUE
apache_airflow,55093,TRUE,TRUE
apache_airflow,55092,FALSE,TRUE
apache_airflow,55091,TRUE,TRUE
apache_airflow,55090,FALSE,FALSE
apache_airflow,55089,FALSE,TRUE
apache_airflow,55088,TRUE,TRUE
apache_airflow,55087,FALSE,TRUE
apache_airflow,55086,TRUE,TRUE
apache_airflow,55084,TRUE,TRUE
apache_airflow,55083,FALSE,FALSE
apache_airflow,55082,TRUE,TRUE
apache_airflow,55080,TRUE,TRUE
apache_airflow,55079,FALSE,TRUE
apache_airflow,55078,FALSE,FALSE
apache_airflow,55077,FALSE,FALSE
apache_airflow,55076,FALSE,FALSE
apache_airflow,55075,FALSE,FALSE
apache_airflow,55072,TRUE,TRUE
apache_airflow,55070,TRUE,TRUE
apache_airflow,55067,TRUE,TRUE
apache_airflow,55064,TRUE,TRUE
apache_airflow,55063,FALSE,FALSE
apache_airflow,55060,FALSE,TRUE
apache_airflow,55059,FALSE,FALSE
apache_airflow,55058,FALSE,FALSE
apache_airflow,55057,FALSE,TRUE
apache_airflow,55056,TRUE,TRUE
apache_airflow,55052,FALSE,TRUE
apache_airflow,55051,FALSE,FALSE
apache_airflow,55050,TRUE,TRUE
apache_airflow,55048,FALSE,TRUE
apache_airflow,55047,FALSE,TRUE
apache_airflow,55046,FALSE,TRUE
apache_airflow,55044,FALSE,FALSE
apache_airflow,55043,TRUE,TRUE
apache_airflow,55042,FALSE,FALSE
apache_airflow,55041,TRUE,TRUE
apache_airflow,55040,TRUE,TRUE
apache_airflow,55038,FALSE,FALSE
apache_airflow,55037,TRUE,TRUE
apache_airflow,55035,TRUE,TRUE
apache_airflow,55034,FALSE,FALSE
apache_airflow,55032,TRUE,TRUE
apache_airflow,55031,TRUE,TRUE
apache_airflow,55027,FALSE,TRUE
apache_airflow,55025,FALSE,TRUE
apache_airflow,55022,TRUE,TRUE
apache_airflow,55021,TRUE,TRUE
apache_airflow,55019,TRUE,TRUE
apache_airflow,55018,FALSE,TRUE
apache_airflow,55016,FALSE,FALSE
apache_airflow,55014,TRUE,TRUE
apache_airflow,55013,FALSE,TRUE
apache_airflow,55012,FALSE,TRUE
apache_airflow,55011,FALSE,TRUE
apache_airflow,55009,TRUE,FALSE
apache_airflow,55008,FALSE,TRUE
apache_airflow,55006,TRUE,TRUE
apache_airflow,55003,TRUE,TRUE
apache_airflow,55001,FALSE,FALSE
apache_airflow,55000,FALSE,FALSE
apache_airflow,54999,FALSE,FALSE
apache_airflow,54998,TRUE,TRUE
apache_airflow,54997,TRUE,TRUE
apache_airflow,54995,FALSE,TRUE
apache_airflow,54994,FALSE,TRUE
apache_airflow,54993,FALSE,TRUE
apache_airflow,54992,FALSE,TRUE
apache_airflow,54991,TRUE,TRUE
apache_airflow,54990,FALSE,TRUE
apache_airflow,54989,FALSE,FALSE
apache_airflow,54988,TRUE,TRUE
apache_airflow,54987,TRUE,TRUE
apache_airflow,54986,TRUE,FALSE
apache_airflow,54985,FALSE,FALSE
apache_airflow,54984,TRUE,TRUE
apache_airflow,54982,FALSE,TRUE
apache_airflow,54979,TRUE,TRUE
apache_airflow,54978,FALSE,TRUE
apache_airflow,54977,TRUE,TRUE
apache_airflow,54976,TRUE,TRUE
apache_airflow,54975,TRUE,FALSE
apache_airflow,54974,FALSE,FALSE
apache_airflow,54973,FALSE,FALSE
apache_airflow,54972,FALSE,TRUE
apache_airflow,54970,FALSE,FALSE
apache_airflow,54968,FALSE,FALSE
apache_airflow,54967,TRUE,TRUE
apache_airflow,54966,FALSE,FALSE
apache_airflow,54963,FALSE,TRUE
apache_airflow,54960,FALSE,TRUE
apache_airflow,54959,FALSE,FALSE
apache_airflow,54957,TRUE,TRUE
apache_airflow,54955,FALSE,FALSE
apache_airflow,54954,TRUE,TRUE
apache_airflow,54953,TRUE,TRUE
apache_airflow,54950,FALSE,FALSE
apache_airflow,54949,FALSE,TRUE
apache_airflow,54948,FALSE,TRUE
apache_airflow,54946,FALSE,FALSE
apache_airflow,54945,TRUE,TRUE
apache_airflow,54944,FALSE,FALSE
apache_airflow,54943,FALSE,FALSE
apache_airflow,54942,FALSE,TRUE
apache_airflow,54940,TRUE,FALSE
apache_airflow,54936,FALSE,TRUE
apache_airflow,54934,FALSE,TRUE
apache_airflow,54933,FALSE,FALSE
apache_airflow,54930,TRUE,FALSE
apache_airflow,54929,TRUE,TRUE
apache_airflow,54928,FALSE,TRUE
apache_airflow,54926,TRUE,TRUE
apache_airflow,54925,FALSE,FALSE
apache_airflow,54924,FALSE,FALSE
apache_airflow,54923,TRUE,TRUE
apache_airflow,54922,TRUE,TRUE
apache_airflow,54921,FALSE,TRUE
apache_airflow,54920,FALSE,TRUE
apache_airflow,54917,TRUE,TRUE
apache_airflow,54916,TRUE,TRUE
apache_airflow,54915,FALSE,TRUE
apache_airflow,54914,FALSE,FALSE
apache_airflow,54912,FALSE,TRUE
apache_airflow,54912,FALSE,TRUE
apache_airflow,54911,FALSE,TRUE
apache_airflow,54910,FALSE,FALSE
apache_airflow,54909,FALSE,TRUE
apache_airflow,54908,TRUE,FALSE
apache_airflow,54907,TRUE,FALSE
apache_airflow,54905,TRUE,FALSE
apache_airflow,54904,TRUE,FALSE
apache_airflow,54903,TRUE,TRUE
apache_airflow,54898,FALSE,FALSE
apache_airflow,54897,TRUE,FALSE
apache_airflow,54896,TRUE,TRUE
apache_airflow,54895,FALSE,TRUE
apache_airflow,54893,FALSE,FALSE
apache_airflow,54892,TRUE,TRUE
apache_airflow,54891,TRUE,TRUE
apache_airflow,54888,FALSE,FALSE
apache_airflow,54887,FALSE,FALSE
apache_airflow,54885,TRUE,TRUE
apache_airflow,54884,TRUE,FALSE
apache_airflow,54883,TRUE,FALSE
apache_airflow,54882,TRUE,TRUE
apache_airflow,54881,TRUE,TRUE
apache_airflow,54880,TRUE,TRUE
apache_airflow,54879,TRUE,TRUE
apache_airflow,54878,TRUE,FALSE
apache_airflow,54877,FALSE,TRUE
apache_airflow,54876,FALSE,FALSE
apache_airflow,54874,TRUE,FALSE
apache_airflow,54873,FALSE,TRUE
apache_airflow,54872,FALSE,TRUE
apache_airflow,54871,FALSE,TRUE
apache_airflow,54870,FALSE,TRUE
apache_airflow,54869,FALSE,TRUE
apache_airflow,54868,FALSE,TRUE
apache_airflow,54867,FALSE,FALSE
apache_airflow,54866,TRUE,FALSE
apache_airflow,54865,FALSE,FALSE
apache_airflow,54864,FALSE,TRUE
apache_airflow,54863,TRUE,TRUE
apache_airflow,54862,FALSE,TRUE
apache_airflow,54861,FALSE,FALSE
apache_airflow,54860,TRUE,FALSE
apache_airflow,54858,TRUE,TRUE
apache_airflow,54857,TRUE,TRUE
apache_airflow,54856,FALSE,TRUE
apache_airflow,54855,TRUE,TRUE
apache_airflow,54854,FALSE,TRUE
apache_airflow,54852,TRUE,TRUE
apache_airflow,54851,FALSE,TRUE
apache_airflow,54849,FALSE,TRUE
apache_airflow,54848,FALSE,TRUE
apache_airflow,54847,FALSE,FALSE
apache_airflow,54846,FALSE,TRUE
apache_airflow,54845,TRUE,TRUE
apache_airflow,54844,FALSE,TRUE
apache_airflow,54843,FALSE,TRUE
apache_airflow,54842,TRUE,FALSE
apache_airflow,54841,FALSE,FALSE
apache_airflow,54840,FALSE,FALSE
apache_airflow,54839,FALSE,FALSE
apache_airflow,54838,FALSE,FALSE
apache_airflow,54833,FALSE,FALSE
apache_airflow,54832,TRUE,TRUE
apache_airflow,54831,TRUE,TRUE
apache_airflow,54828,FALSE,TRUE
apache_airflow,54827,TRUE,TRUE
apache_airflow,54826,FALSE,FALSE
apache_airflow,54825,FALSE,FALSE
apache_airflow,54823,TRUE,TRUE
apache_airflow,54821,TRUE,TRUE
apache_airflow,54820,TRUE,TRUE
apache_airflow,54819,FALSE,FALSE
apache_airflow,54818,FALSE,TRUE
apache_airflow,54817,TRUE,TRUE
apache_airflow,54816,TRUE,TRUE
apache_airflow,54815,FALSE,FALSE
apache_airflow,54814,FALSE,TRUE
apache_airflow,54813,TRUE,TRUE
apache_airflow,54812,TRUE,TRUE
apache_airflow,54810,FALSE,TRUE
apache_airflow,54809,TRUE,TRUE
apache_airflow,54808,TRUE,TRUE
apache_airflow,54807,TRUE,FALSE
apache_airflow,54806,FALSE,FALSE
apache_airflow,54805,FALSE,FALSE
apache_airflow,54803,FALSE,FALSE
apache_airflow,54802,FALSE,FALSE
apache_airflow,54801,FALSE,TRUE
apache_airflow,54799,FALSE,FALSE
apache_airflow,54798,FALSE,TRUE
apache_airflow,54797,FALSE,TRUE
apache_airflow,54796,TRUE,TRUE
apache_airflow,54795,TRUE,FALSE
apache_airflow,54793,FALSE,FALSE
apache_airflow,54792,TRUE,TRUE
apache_airflow,54791,TRUE,TRUE
apache_airflow,54790,FALSE,TRUE
apache_airflow,54789,FALSE,TRUE
apache_airflow,54788,FALSE,TRUE
apache_airflow,54787,FALSE,FALSE
apache_airflow,54785,TRUE,TRUE
apache_airflow,54783,FALSE,TRUE
apache_airflow,54782,FALSE,FALSE
apache_airflow,54780,TRUE,TRUE
apache_airflow,54777,TRUE,TRUE
apache_airflow,54776,FALSE,TRUE
apache_airflow,54775,TRUE,TRUE
apache_airflow,54774,FALSE,TRUE
apache_airflow,54773,TRUE,TRUE
apache_airflow,54769,TRUE,TRUE
apache_airflow,54767,TRUE,TRUE
apache_airflow,54765,FALSE,TRUE
apache_airflow,54764,TRUE,TRUE
apache_airflow,54763,TRUE,TRUE
apache_airflow,54762,FALSE,FALSE
apache_airflow,54761,FALSE,TRUE
apache_airflow,54760,FALSE,TRUE
apache_airflow,54759,TRUE,TRUE
apache_airflow,54758,FALSE,TRUE
apache_airflow,54756,TRUE,TRUE
apache_airflow,54755,FALSE,FALSE
apache_airflow,54754,FALSE,TRUE
apache_airflow,54752,TRUE,TRUE
apache_airflow,54751,FALSE,FALSE
apache_airflow,54750,FALSE,TRUE
apache_airflow,54748,FALSE,FALSE
apache_airflow,54747,FALSE,FALSE
apache_airflow,54746,FALSE,FALSE
apache_airflow,54745,FALSE,FALSE
apache_airflow,54743,TRUE,FALSE
apache_airflow,54742,FALSE,TRUE
apache_airflow,54741,FALSE,FALSE
apache_airflow,54739,FALSE,FALSE
apache_airflow,54738,FALSE,FALSE
apache_airflow,54737,FALSE,FALSE
apache_airflow,54736,FALSE,FALSE
apache_airflow,54735,FALSE,FALSE
apache_airflow,54734,TRUE,TRUE
apache_airflow,54733,FALSE,FALSE
apache_airflow,54732,FALSE,FALSE
apache_airflow,54731,TRUE,FALSE
apache_airflow,54730,FALSE,FALSE
apache_airflow,54729,TRUE,FALSE
apache_airflow,54728,FALSE,FALSE
apache_airflow,54727,FALSE,FALSE
apache_airflow,54726,TRUE,TRUE
apache_airflow,54725,FALSE,FALSE
apache_airflow,54724,TRUE,TRUE
apache_airflow,54723,TRUE,TRUE
apache_airflow,54722,FALSE,FALSE
apache_airflow,54721,FALSE,TRUE
apache_airflow,54720,TRUE,TRUE
apache_airflow,54719,FALSE,FALSE
apache_airflow,54716,FALSE,TRUE
apache_airflow,54715,FALSE,TRUE
apache_airflow,54708,FALSE,TRUE
apache_airflow,54707,TRUE,TRUE
apache_airflow,54705,TRUE,TRUE
apache_airflow,54702,FALSE,FALSE
apache_airflow,54699,TRUE,FALSE
apache_airflow,54698,FALSE,FALSE
apache_airflow,54695,TRUE,TRUE
apache_airflow,54693,FALSE,FALSE
apache_airflow,54692,FALSE,TRUE
apache_airflow,54691,TRUE,TRUE
apache_airflow,54689,FALSE,TRUE
apache_airflow,54687,FALSE,TRUE
apache_airflow,54686,TRUE,TRUE
apache_airflow,54685,TRUE,FALSE
apache_airflow,54683,TRUE,TRUE
apache_airflow,54682,TRUE,FALSE
apache_airflow,54681,TRUE,FALSE
apache_airflow,54680,FALSE,FALSE
apache_airflow,54679,TRUE,TRUE
apache_airflow,54678,TRUE,TRUE
apache_airflow,54677,FALSE,TRUE
apache_airflow,54676,TRUE,FALSE
apache_airflow,54675,FALSE,TRUE
apache_airflow,54674,TRUE,FALSE
apache_airflow,54672,TRUE,TRUE
apache_airflow,54671,FALSE,TRUE
apache_airflow,54670,TRUE,TRUE
apache_airflow,54668,TRUE,FALSE
apache_airflow,54667,FALSE,TRUE
apache_airflow,54664,TRUE,TRUE
apache_airflow,54662,FALSE,TRUE
apache_airflow,54661,FALSE,TRUE
apache_airflow,54660,TRUE,FALSE
apache_airflow,54657,TRUE,TRUE
apache_airflow,54656,TRUE,TRUE
apache_airflow,54655,TRUE,FALSE
apache_airflow,54654,FALSE,TRUE
apache_airflow,54653,FALSE,FALSE
apache_airflow,54652,TRUE,TRUE
apache_airflow,54651,TRUE,TRUE
apache_airflow,54650,FALSE,TRUE
apache_airflow,54649,TRUE,TRUE
apache_airflow,54648,FALSE,TRUE
apache_airflow,54647,TRUE,FALSE
apache_airflow,54646,TRUE,TRUE
apache_airflow,54644,TRUE,TRUE
apache_airflow,54643,TRUE,TRUE
apache_airflow,54641,TRUE,FALSE
apache_airflow,54640,FALSE,TRUE
apache_airflow,54639,TRUE,TRUE
apache_airflow,54637,FALSE,TRUE
apache_airflow,54636,TRUE,FALSE
apache_airflow,54635,TRUE,FALSE
apache_airflow,54633,FALSE,FALSE
apache_airflow,54632,FALSE,FALSE
apache_airflow,54630,FALSE,TRUE
apache_airflow,54629,TRUE,FALSE
apache_airflow,54628,FALSE,TRUE
apache_airflow,54626,FALSE,TRUE
apache_airflow,54625,FALSE,TRUE
apache_airflow,54624,FALSE,TRUE
apache_airflow,54623,FALSE,FALSE
apache_airflow,54622,TRUE,TRUE
apache_airflow,54621,FALSE,TRUE
apache_airflow,54618,FALSE,TRUE
apache_airflow,54617,FALSE,TRUE
apache_airflow,54616,FALSE,TRUE
apache_airflow,54615,FALSE,TRUE
apache_airflow,54614,FALSE,TRUE
apache_airflow,54613,FALSE,TRUE
apache_airflow,54612,TRUE,TRUE
apache_airflow,54611,FALSE,FALSE
apache_airflow,54608,FALSE,TRUE
apache_airflow,54607,FALSE,TRUE
apache_airflow,54606,FALSE,TRUE
apache_airflow,54605,TRUE,TRUE
apache_airflow,54604,FALSE,TRUE
apache_airflow,54601,TRUE,TRUE
apache_airflow,54600,FALSE,FALSE
apache_airflow,54599,TRUE,TRUE
apache_airflow,54598,TRUE,TRUE
apache_airflow,54597,TRUE,TRUE
apache_airflow,54596,TRUE,TRUE
apache_airflow,54595,TRUE,FALSE
apache_airflow,54594,FALSE,TRUE
apache_airflow,54593,FALSE,TRUE
apache_airflow,54592,FALSE,TRUE
apache_airflow,54591,FALSE,TRUE
apache_airflow,54590,TRUE,FALSE
apache_airflow,54589,FALSE,TRUE
apache_airflow,54588,TRUE,TRUE
apache_airflow,54586,FALSE,FALSE
apache_airflow,54585,TRUE,TRUE
apache_airflow,54584,FALSE,TRUE
apache_airflow,54583,TRUE,FALSE
apache_airflow,54582,FALSE,FALSE
apache_airflow,54580,TRUE,TRUE
apache_airflow,54579,FALSE,TRUE
apache_airflow,54578,TRUE,FALSE
apache_airflow,54577,TRUE,FALSE
apache_airflow,54576,TRUE,FALSE
apache_airflow,54575,TRUE,FALSE
apache_airflow,54574,FALSE,TRUE
apache_airflow,54573,FALSE,TRUE
apache_airflow,54572,TRUE,TRUE
apache_airflow,54571,FALSE,FALSE
apache_airflow,54570,FALSE,FALSE
apache_airflow,54569,TRUE,TRUE
apache_airflow,54568,TRUE,TRUE
apache_airflow,54567,FALSE,TRUE
apache_airflow,54566,FALSE,FALSE
apache_airflow,54563,TRUE,TRUE
apache_airflow,54562,FALSE,TRUE
apache_airflow,54560,TRUE,TRUE
apache_airflow,54559,FALSE,FALSE
apache_airflow,54558,FALSE,TRUE
apache_airflow,54557,FALSE,FALSE
apache_airflow,54556,FALSE,TRUE
apache_airflow,54555,TRUE,TRUE
apache_airflow,54549,FALSE,TRUE
apache_airflow,54548,TRUE,FALSE
apache_airflow,54546,TRUE,FALSE
apache_airflow,54543,TRUE,TRUE
apache_airflow,54542,TRUE,FALSE
apache_airflow,54541,FALSE,FALSE
apache_airflow,54538,FALSE,FALSE
apache_airflow,54537,FALSE,TRUE
apache_airflow,54536,FALSE,TRUE
apache_airflow,54535,FALSE,FALSE
apache_airflow,54533,FALSE,FALSE
apache_airflow,54532,FALSE,FALSE
apache_airflow,54531,FALSE,TRUE
apache_airflow,54530,FALSE,FALSE
apache_airflow,54529,FALSE,TRUE
apache_airflow,54528,TRUE,TRUE
apache_airflow,54526,FALSE,FALSE
apache_airflow,54525,FALSE,FALSE
apache_airflow,54524,FALSE,TRUE
apache_airflow,54523,TRUE,TRUE
apache_airflow,54522,FALSE,TRUE
apache_airflow,54521,FALSE,FALSE
apache_airflow,54520,FALSE,TRUE
apache_airflow,54519,TRUE,FALSE
apache_airflow,54518,FALSE,FALSE
apache_airflow,54517,FALSE,FALSE
apache_airflow,54516,FALSE,FALSE
apache_airflow,54515,FALSE,FALSE
apache_airflow,54513,FALSE,FALSE
apache_airflow,54512,FALSE,FALSE
apache_airflow,54511,FALSE,FALSE
apache_airflow,54510,FALSE,FALSE
apache_airflow,54509,FALSE,TRUE
apache_airflow,54508,FALSE,TRUE
apache_airflow,54505,TRUE,TRUE
apache_airflow,54504,FALSE,TRUE
apache_airflow,54503,FALSE,TRUE
apache_airflow,54500,TRUE,FALSE
apache_airflow,54499,TRUE,FALSE
apache_airflow,54497,TRUE,TRUE
apache_airflow,54496,FALSE,FALSE
apache_airflow,54495,TRUE,TRUE
apache_airflow,54494,TRUE,TRUE
apache_airflow,54493,FALSE,FALSE
apache_airflow,54492,TRUE,TRUE
apache_airflow,54490,FALSE,FALSE
apache_airflow,54487,FALSE,TRUE
apache_airflow,54486,TRUE,TRUE
apache_airflow,54485,FALSE,TRUE
apache_airflow,54484,FALSE,TRUE
apache_airflow,54483,TRUE,TRUE
apache_airflow,54481,FALSE,FALSE
apache_airflow,54480,FALSE,TRUE
apache_airflow,54478,TRUE,TRUE
apache_airflow,54477,TRUE,TRUE
apache_airflow,54475,FALSE,TRUE
apache_airflow,54473,FALSE,TRUE
apache_airflow,54472,FALSE,TRUE
apache_airflow,54471,FALSE,TRUE
apache_airflow,54470,FALSE,TRUE
apache_airflow,54469,FALSE,TRUE
apache_airflow,54468,FALSE,FALSE
apache_airflow,54467,TRUE,TRUE
apache_airflow,54465,FALSE,FALSE
apache_airflow,54464,FALSE,TRUE
apache_airflow,54463,FALSE,FALSE
apache_airflow,54462,FALSE,TRUE
apache_airflow,54461,TRUE,TRUE
apache_airflow,54460,TRUE,TRUE
apache_airflow,54459,TRUE,TRUE
apache_airflow,54458,TRUE,TRUE
apache_airflow,54457,FALSE,FALSE
apache_airflow,54455,FALSE,FALSE
apache_airflow,54452,FALSE,TRUE
apache_airflow,54450,FALSE,FALSE
apache_airflow,54449,TRUE,TRUE
apache_airflow,54448,FALSE,FALSE
apache_airflow,54447,FALSE,FALSE
apache_airflow,54446,TRUE,TRUE
apache_airflow,54445,TRUE,TRUE
apache_airflow,54444,FALSE,TRUE
apache_airflow,54443,FALSE,TRUE
apache_airflow,54442,FALSE,TRUE
apache_airflow,54441,TRUE,TRUE
apache_airflow,54439,FALSE,TRUE
apache_airflow,54438,TRUE,TRUE
apache_airflow,54437,TRUE,TRUE
apache_airflow,54436,FALSE,FALSE
apache_airflow,54435,FALSE,TRUE
apache_airflow,54434,TRUE,TRUE
apache_airflow,54433,FALSE,FALSE
apache_airflow,54432,TRUE,TRUE
apache_airflow,54431,TRUE,TRUE
apache_airflow,54428,TRUE,TRUE
apache_airflow,54426,TRUE,TRUE
apache_airflow,54425,FALSE,FALSE
apache_airflow,54424,FALSE,FALSE
apache_airflow,54423,TRUE,TRUE
apache_airflow,54422,FALSE,FALSE
apache_airflow,54420,TRUE,TRUE
apache_airflow,54419,FALSE,TRUE
apache_airflow,54418,TRUE,FALSE
apache_airflow,54417,FALSE,TRUE
apache_airflow,54416,TRUE,TRUE
apache_airflow,54415,TRUE,FALSE
apache_airflow,54412,FALSE,TRUE
apache_airflow,54411,TRUE,TRUE
apache_airflow,54409,TRUE,TRUE
apache_airflow,54408,TRUE,FALSE
apache_airflow,54407,FALSE,FALSE
apache_airflow,54406,TRUE,TRUE
apache_airflow,54405,FALSE,TRUE
apache_airflow,54404,FALSE,TRUE
apache_airflow,54401,TRUE,TRUE
apache_airflow,54400,FALSE,FALSE
apache_airflow,54399,TRUE,TRUE
apache_airflow,54396,TRUE,TRUE
apache_airflow,54395,FALSE,FALSE
apache_airflow,54393,FALSE,TRUE
apache_airflow,54392,TRUE,TRUE
apache_airflow,54391,TRUE,FALSE
apache_airflow,54390,TRUE,TRUE
apache_airflow,54389,TRUE,TRUE
apache_airflow,54388,TRUE,TRUE
apache_airflow,54385,TRUE,FALSE
apache_airflow,54384,TRUE,TRUE
apache_airflow,54383,TRUE,TRUE
apache_airflow,54382,FALSE,FALSE
apache_airflow,54378,FALSE,FALSE
apache_airflow,54377,FALSE,TRUE
apache_airflow,54376,FALSE,FALSE
apache_airflow,54375,FALSE,FALSE
apache_airflow,54374,FALSE,FALSE
apache_airflow,54373,TRUE,TRUE
apache_airflow,54371,TRUE,TRUE
apache_airflow,54370,FALSE,TRUE
apache_airflow,54367,TRUE,TRUE
apache_airflow,54366,FALSE,TRUE
apache_airflow,54363,TRUE,TRUE
apache_airflow,54362,FALSE,TRUE
apache_airflow,54359,TRUE,FALSE
apache_airflow,54358,FALSE,TRUE
apache_airflow,54356,FALSE,FALSE
apache_airflow,54355,TRUE,TRUE
apache_airflow,54354,TRUE,FALSE
apache_airflow,54352,TRUE,FALSE
apache_airflow,54351,TRUE,TRUE
apache_airflow,54349,FALSE,TRUE
apache_airflow,54347,FALSE,TRUE
apache_airflow,54346,TRUE,TRUE
apache_airflow,54345,FALSE,FALSE
apache_airflow,54344,FALSE,TRUE
apache_airflow,54343,TRUE,TRUE
apache_airflow,54342,FALSE,TRUE
apache_airflow,54338,FALSE,FALSE
apache_airflow,54336,FALSE,TRUE
apache_airflow,54334,FALSE,TRUE
apache_airflow,54331,TRUE,TRUE
apache_airflow,54330,FALSE,TRUE
apache_airflow,54329,FALSE,FALSE
apache_airflow,54328,FALSE,TRUE
apache_airflow,54327,FALSE,FALSE
apache_airflow,54326,FALSE,FALSE
apache_airflow,54325,FALSE,TRUE
apache_airflow,54324,FALSE,FALSE
apache_airflow,54323,FALSE,TRUE
apache_airflow,54322,FALSE,TRUE
apache_airflow,54321,FALSE,TRUE
apache_airflow,54320,TRUE,FALSE
apache_airflow,54319,FALSE,TRUE
apache_airflow,54318,FALSE,TRUE
apache_airflow,54317,FALSE,FALSE
apache_airflow,54316,TRUE,TRUE
apache_airflow,54315,TRUE,TRUE
apache_airflow,54313,FALSE,TRUE
apache_airflow,54311,FALSE,TRUE
apache_airflow,54310,TRUE,TRUE
apache_airflow,54309,TRUE,TRUE
apache_airflow,54308,TRUE,TRUE
apache_airflow,54307,FALSE,TRUE
apache_airflow,54305,FALSE,TRUE
apache_airflow,54304,FALSE,TRUE
apache_airflow,54303,FALSE,TRUE
apache_airflow,54302,TRUE,TRUE
apache_airflow,54301,FALSE,TRUE
apache_airflow,54300,FALSE,TRUE
apache_airflow,54299,FALSE,TRUE
apache_airflow,54296,TRUE,TRUE
apache_airflow,54295,FALSE,TRUE
apache_airflow,54294,TRUE,TRUE
apache_airflow,54293,FALSE,FALSE
apache_airflow,54292,FALSE,FALSE
apache_airflow,54289,FALSE,FALSE
apache_airflow,54288,FALSE,TRUE
apache_airflow,54287,FALSE,FALSE
apache_airflow,54284,FALSE,FALSE
apache_airflow,54282,TRUE,TRUE
apache_airflow,54281,TRUE,TRUE
apache_airflow,54280,FALSE,FALSE
apache_airflow,54279,FALSE,FALSE
apache_airflow,54278,FALSE,FALSE
apache_airflow,54277,FALSE,FALSE
apache_airflow,54276,TRUE,TRUE
apache_airflow,54275,FALSE,FALSE
apache_airflow,54273,TRUE,TRUE
apache_airflow,54272,TRUE,TRUE
apache_airflow,54271,FALSE,TRUE
apache_airflow,54270,TRUE,FALSE
apache_airflow,54269,TRUE,TRUE
apache_airflow,54268,TRUE,TRUE
apache_airflow,54267,FALSE,TRUE
apache_airflow,54264,FALSE,TRUE
apache_airflow,54263,TRUE,TRUE
apache_airflow,54262,FALSE,TRUE
apache_airflow,54261,TRUE,FALSE
apache_airflow,54260,FALSE,TRUE
apache_airflow,54258,TRUE,TRUE
apache_airflow,54257,FALSE,TRUE
apache_airflow,54256,FALSE,FALSE
apache_airflow,54253,FALSE,TRUE
apache_airflow,54252,FALSE,TRUE
apache_airflow,54251,FALSE,TRUE
apache_airflow,54250,FALSE,TRUE
apache_airflow,54249,TRUE,TRUE
apache_airflow,54248,FALSE,TRUE
apache_airflow,54246,TRUE,TRUE
apache_airflow,54245,FALSE,TRUE
apache_airflow,54244,TRUE,FALSE
apache_airflow,54242,FALSE,TRUE
apache_airflow,54241,FALSE,FALSE
apache_airflow,54240,FALSE,FALSE
apache_airflow,54239,TRUE,FALSE
apache_airflow,54238,FALSE,TRUE
apache_airflow,54237,FALSE,FALSE
apache_airflow,54236,FALSE,FALSE
apache_airflow,54235,TRUE,TRUE
apache_airflow,54234,FALSE,FALSE
apache_airflow,54232,FALSE,FALSE
apache_airflow,54231,TRUE,TRUE
apache_airflow,54227,FALSE,TRUE
apache_airflow,54225,TRUE,FALSE
apache_airflow,54222,TRUE,TRUE
apache_airflow,54221,TRUE,TRUE
apache_airflow,54220,TRUE,FALSE
apache_airflow,54219,TRUE,TRUE
apache_airflow,54218,FALSE,TRUE
apache_airflow,54216,FALSE,TRUE
apache_airflow,54215,FALSE,TRUE
apache_airflow,54214,TRUE,TRUE
apache_airflow,54213,TRUE,TRUE
apache_airflow,54212,TRUE,TRUE
apache_airflow,54211,TRUE,TRUE
apache_airflow,54210,FALSE,TRUE
apache_airflow,54208,FALSE,TRUE
apache_airflow,54207,TRUE,TRUE
apache_airflow,54206,FALSE,FALSE
apache_airflow,54205,FALSE,FALSE
apache_airflow,54203,FALSE,FALSE
apache_airflow,54202,TRUE,TRUE
apache_airflow,54198,FALSE,TRUE
apache_airflow,54197,FALSE,TRUE
apache_airflow,54195,TRUE,TRUE
apache_airflow,54194,FALSE,FALSE
apache_airflow,54193,TRUE,TRUE
apache_airflow,54191,FALSE,FALSE
apache_airflow,54190,FALSE,FALSE
apache_airflow,54188,FALSE,TRUE
apache_airflow,54187,TRUE,TRUE
apache_airflow,54186,FALSE,FALSE
apache_airflow,54185,FALSE,FALSE
apache_airflow,54184,TRUE,TRUE
apache_airflow,54183,FALSE,TRUE
apache_airflow,54181,FALSE,TRUE
apache_airflow,54180,FALSE,FALSE
apache_airflow,54179,FALSE,FALSE
apache_airflow,54176,FALSE,TRUE
apache_airflow,54173,FALSE,FALSE
apache_airflow,54172,FALSE,FALSE
apache_airflow,54171,FALSE,FALSE
apache_airflow,54170,TRUE,TRUE
apache_airflow,54169,TRUE,FALSE
apache_airflow,54168,FALSE,TRUE
apache_airflow,54167,TRUE,FALSE
apache_airflow,54166,FALSE,TRUE
apache_airflow,54165,FALSE,TRUE
apache_airflow,54164,FALSE,TRUE
apache_airflow,54163,FALSE,TRUE
apache_airflow,54162,FALSE,FALSE
apache_airflow,54160,FALSE,TRUE
apache_airflow,54158,TRUE,FALSE
apache_airflow,54154,FALSE,FALSE
apache_airflow,54152,FALSE,FALSE
apache_airflow,54151,FALSE,FALSE
apache_airflow,54150,FALSE,TRUE
apache_airflow,54149,FALSE,FALSE
apache_airflow,54148,FALSE,FALSE
apache_airflow,54147,FALSE,FALSE
apache_airflow,54146,FALSE,FALSE
apache_airflow,54144,FALSE,TRUE
apache_airflow,54142,FALSE,FALSE
apache_airflow,54139,TRUE,TRUE
apache_airflow,54137,FALSE,TRUE
apache_airflow,54136,FALSE,TRUE
apache_airflow,54135,TRUE,FALSE
apache_airflow,54131,FALSE,TRUE
apache_airflow,54130,TRUE,TRUE
apache_airflow,54129,FALSE,TRUE
apache_airflow,54128,TRUE,TRUE
apache_airflow,54126,FALSE,TRUE
apache_airflow,54123,TRUE,FALSE
apache_airflow,54121,FALSE,TRUE
apache_airflow,54120,FALSE,FALSE
apache_airflow,54116,FALSE,FALSE
apache_airflow,54115,TRUE,TRUE
apache_airflow,54114,TRUE,TRUE
apache_airflow,54113,FALSE,FALSE
apache_airflow,54111,FALSE,FALSE
apache_airflow,54110,FALSE,FALSE
apache_airflow,54109,FALSE,FALSE
apache_airflow,54108,FALSE,FALSE
apache_airflow,54107,TRUE,TRUE
apache_airflow,54106,FALSE,TRUE
apache_airflow,54105,TRUE,TRUE
apache_airflow,54102,FALSE,TRUE
apache_airflow,54100,FALSE,FALSE
apache_airflow,54099,FALSE,FALSE
apache_airflow,54096,TRUE,FALSE
apache_airflow,54092,FALSE,TRUE
apache_airflow,54091,FALSE,TRUE
apache_airflow,54089,FALSE,TRUE
apache_airflow,54088,FALSE,FALSE
apache_airflow,54086,FALSE,FALSE
apache_airflow,54085,FALSE,FALSE
apache_airflow,54084,FALSE,TRUE
apache_airflow,54083,TRUE,TRUE
apache_airflow,54082,FALSE,FALSE
apache_airflow,54081,FALSE,FALSE
apache_airflow,54080,FALSE,FALSE
apache_airflow,54078,FALSE,FALSE
apache_airflow,54077,FALSE,FALSE
apache_airflow,54076,TRUE,TRUE
apache_airflow,54075,FALSE,TRUE
apache_airflow,54074,FALSE,TRUE
apache_airflow,54073,TRUE,TRUE
apache_airflow,54072,TRUE,TRUE
apache_airflow,54070,TRUE,TRUE
apache_airflow,54068,TRUE,FALSE
apache_airflow,54066,FALSE,FALSE
apache_airflow,54065,TRUE,TRUE
apache_airflow,54063,TRUE,TRUE
apache_airflow,54062,FALSE,FALSE
apache_airflow,54061,TRUE,TRUE
apache_airflow,54059,FALSE,TRUE
apache_airflow,54057,FALSE,FALSE
apache_airflow,54056,FALSE,TRUE
apache_airflow,54055,TRUE,TRUE
apache_airflow,54053,FALSE,TRUE
apache_airflow,54052,TRUE,FALSE
apache_airflow,54051,FALSE,TRUE
apache_airflow,54050,TRUE,TRUE
apache_airflow,54049,TRUE,TRUE
apache_airflow,54048,TRUE,TRUE
apache_airflow,54047,FALSE,TRUE
apache_airflow,54046,FALSE,TRUE
apache_airflow,54045,TRUE,TRUE
apache_airflow,54044,TRUE,TRUE
apache_airflow,54043,TRUE,TRUE
apache_airflow,54042,TRUE,TRUE
apache_airflow,54041,TRUE,TRUE
apache_airflow,54040,FALSE,TRUE
apache_airflow,54039,FALSE,FALSE
apache_airflow,54038,TRUE,FALSE
apache_airflow,54037,FALSE,FALSE
apache_airflow,54036,FALSE,FALSE
apache_airflow,54035,FALSE,FALSE
apache_airflow,54034,TRUE,TRUE
apache_airflow,54032,FALSE,TRUE
apache_airflow,54031,TRUE,FALSE
apache_airflow,54030,FALSE,FALSE
apache_airflow,54029,FALSE,FALSE
apache_airflow,54028,FALSE,FALSE
apache_airflow,54027,FALSE,TRUE
apache_airflow,54026,FALSE,FALSE
apache_airflow,54025,FALSE,TRUE
apache_airflow,54021,FALSE,TRUE
apache_airflow,54020,FALSE,TRUE
apache_airflow,54019,FALSE,TRUE
apache_airflow,54014,TRUE,TRUE
apache_airflow,54013,FALSE,TRUE
apache_airflow,54012,TRUE,TRUE
apache_airflow,54011,FALSE,TRUE
apache_airflow,54010,TRUE,TRUE
apache_airflow,54009,FALSE,FALSE
apache_airflow,54008,FALSE,TRUE
apache_airflow,54007,TRUE,TRUE
apache_airflow,54005,FALSE,FALSE
apache_airflow,54004,TRUE,TRUE
apache_airflow,54002,TRUE,TRUE
apache_airflow,54001,TRUE,FALSE
apache_airflow,54000,FALSE,TRUE
apache_airflow,53998,FALSE,TRUE
apache_airflow,53997,TRUE,FALSE
apache_airflow,53996,TRUE,FALSE
apache_airflow,53995,FALSE,TRUE
apache_airflow,53994,TRUE,TRUE
apache_airflow,53992,FALSE,TRUE
apache_airflow,53991,FALSE,FALSE
apache_airflow,53990,FALSE,TRUE
apache_airflow,53989,FALSE,FALSE
apache_airflow,53988,FALSE,FALSE
apache_airflow,53987,FALSE,FALSE
apache_airflow,53986,TRUE,TRUE
apache_airflow,53985,FALSE,FALSE
apache_airflow,53983,TRUE,FALSE
apache_airflow,53982,FALSE,TRUE
apache_airflow,53981,TRUE,TRUE
apache_airflow,53980,FALSE,TRUE
apache_airflow,53979,TRUE,FALSE
apache_airflow,53978,FALSE,FALSE
apache_airflow,53977,TRUE,TRUE
apache_airflow,53975,TRUE,TRUE
apache_airflow,53973,TRUE,TRUE
apache_airflow,53970,FALSE,TRUE
apache_airflow,53969,TRUE,TRUE
apache_airflow,53966,FALSE,TRUE
apache_airflow,53965,FALSE,FALSE
apache_airflow,53964,FALSE,FALSE
apache_airflow,53962,FALSE,TRUE
apache_airflow,53960,TRUE,TRUE
apache_airflow,53959,TRUE,TRUE
apache_airflow,53958,FALSE,FALSE
apache_airflow,53955,FALSE,FALSE
apache_airflow,53954,FALSE,TRUE
apache_airflow,53953,TRUE,TRUE
apache_airflow,53952,TRUE,TRUE
apache_airflow,53951,TRUE,TRUE
apache_airflow,53950,FALSE,FALSE
apache_airflow,53949,FALSE,TRUE
apache_airflow,53948,FALSE,TRUE
apache_airflow,53947,FALSE,FALSE
apache_airflow,53946,TRUE,TRUE
apache_airflow,53944,TRUE,TRUE
apache_airflow,53943,TRUE,TRUE
apache_airflow,53942,FALSE,FALSE
apache_airflow,53941,FALSE,FALSE
apache_airflow,53937,FALSE,TRUE
apache_airflow,53935,FALSE,TRUE
apache_airflow,53934,TRUE,TRUE
apache_airflow,53930,FALSE,TRUE
apache_airflow,53929,FALSE,TRUE
apache_airflow,53927,TRUE,TRUE
apache_airflow,53923,TRUE,TRUE
apache_airflow,53922,TRUE,FALSE
apache_airflow,53921,TRUE,FALSE
apache_airflow,53920,FALSE,TRUE
apache_airflow,53918,TRUE,TRUE
apache_airflow,53917,FALSE,TRUE
apache_airflow,53915,TRUE,FALSE
apache_airflow,53914,TRUE,FALSE
apache_airflow,53913,FALSE,TRUE
apache_airflow,53911,TRUE,TRUE
apache_airflow,53907,FALSE,FALSE
apache_airflow,53906,TRUE,TRUE
apache_airflow,53903,TRUE,TRUE
apache_airflow,53900,FALSE,TRUE
apache_airflow,53899,TRUE,TRUE
apache_airflow,53897,FALSE,FALSE
apache_airflow,53893,FALSE,FALSE
apache_airflow,53892,FALSE,FALSE
apache_airflow,53890,FALSE,TRUE
apache_airflow,53889,TRUE,TRUE
apache_airflow,53888,TRUE,TRUE
apache_airflow,53886,FALSE,TRUE
apache_airflow,53885,TRUE,TRUE
apache_airflow,53884,FALSE,TRUE
apache_airflow,53883,FALSE,TRUE
apache_airflow,53880,FALSE,FALSE
apache_airflow,53879,TRUE,FALSE
apache_airflow,53877,FALSE,TRUE
apache_airflow,53876,TRUE,FALSE
apache_airflow,53875,TRUE,FALSE
apache_airflow,53870,TRUE,TRUE
apache_airflow,53869,FALSE,TRUE
apache_airflow,53865,TRUE,TRUE
apache_airflow,53864,FALSE,TRUE
apache_airflow,53863,TRUE,TRUE
apache_airflow,53860,TRUE,TRUE
apache_airflow,53858,FALSE,TRUE
apache_airflow,53857,FALSE,FALSE
apache_airflow,53856,TRUE,TRUE
apache_airflow,53855,FALSE,TRUE
apache_airflow,53854,FALSE,TRUE
apache_airflow,53852,TRUE,TRUE
apache_airflow,53850,TRUE,TRUE
apache_airflow,53849,FALSE,TRUE
apache_airflow,53848,TRUE,TRUE
apache_airflow,53847,FALSE,TRUE
apache_airflow,53845,TRUE,TRUE
apache_airflow,53844,TRUE,TRUE
apache_airflow,53842,FALSE,FALSE
apache_airflow,53841,FALSE,FALSE
apache_airflow,53840,FALSE,FALSE
apache_airflow,53838,FALSE,TRUE
apache_airflow,53837,TRUE,TRUE
apache_airflow,53836,FALSE,TRUE
apache_airflow,53835,TRUE,TRUE
apache_airflow,53832,TRUE,TRUE
apache_airflow,53831,TRUE,TRUE
apache_airflow,53830,FALSE,FALSE
apache_airflow,53828,FALSE,FALSE
apache_airflow,53827,FALSE,FALSE
apache_airflow,53825,FALSE,TRUE
apache_airflow,53824,TRUE,TRUE
apache_airflow,53823,FALSE,TRUE
apache_airflow,53822,FALSE,FALSE
apache_airflow,53820,FALSE,FALSE
apache_airflow,53819,FALSE,FALSE
apache_airflow,53816,FALSE,TRUE
apache_airflow,53815,TRUE,TRUE
apache_airflow,53814,TRUE,TRUE
apache_airflow,53813,TRUE,TRUE
apache_airflow,53812,FALSE,TRUE
apache_airflow,53811,FALSE,FALSE
apache_airflow,53810,TRUE,TRUE
apache_airflow,53809,TRUE,TRUE
apache_airflow,53807,FALSE,TRUE
apache_airflow,53806,FALSE,TRUE
apache_airflow,53805,TRUE,TRUE
apache_airflow,53804,FALSE,TRUE
apache_airflow,53800,TRUE,TRUE
apache_airflow,53799,FALSE,TRUE
apache_airflow,53798,TRUE,TRUE
apache_airflow,53796,TRUE,TRUE
apache_airflow,53795,FALSE,TRUE
apache_airflow,53794,FALSE,FALSE
apache_airflow,53793,TRUE,TRUE
apache_airflow,53792,FALSE,FALSE
apache_airflow,53791,TRUE,TRUE
apache_airflow,53790,FALSE,FALSE
apache_airflow,53789,FALSE,FALSE
apache_airflow,53788,FALSE,FALSE
apache_airflow,53787,FALSE,FALSE
apache_airflow,53786,FALSE,FALSE
apache_airflow,53785,TRUE,TRUE
apache_airflow,53784,FALSE,FALSE
apache_airflow,53783,FALSE,TRUE
apache_airflow,53782,FALSE,TRUE
apache_airflow,53781,FALSE,FALSE
apache_airflow,53780,TRUE,TRUE
apache_airflow,53779,FALSE,FALSE
apache_airflow,53778,FALSE,TRUE
apache_airflow,53777,TRUE,FALSE
apache_airflow,53776,TRUE,FALSE
apache_airflow,53775,TRUE,TRUE
apache_airflow,53773,TRUE,FALSE
apache_airflow,53772,TRUE,FALSE
apache_airflow,53770,TRUE,TRUE
apache_airflow,53769,FALSE,TRUE
apache_airflow,53766,FALSE,FALSE
apache_airflow,53765,FALSE,TRUE
apache_airflow,53764,FALSE,FALSE
apache_airflow,53761,TRUE,TRUE
apache_airflow,53760,TRUE,TRUE
apache_airflow,53758,FALSE,FALSE
apache_airflow,53757,FALSE,FALSE
apache_airflow,53755,FALSE,FALSE
apache_airflow,53754,FALSE,FALSE
apache_airflow,53750,FALSE,TRUE
apache_airflow,53747,TRUE,FALSE
apache_airflow,53744,FALSE,TRUE
apache_airflow,53743,TRUE,FALSE
apache_airflow,53742,TRUE,FALSE
apache_airflow,53735,TRUE,TRUE
apache_airflow,53734,TRUE,TRUE
apache_airflow,53733,FALSE,TRUE
apache_airflow,53732,FALSE,FALSE
apache_airflow,53731,FALSE,FALSE
apache_airflow,53730,TRUE,TRUE
apache_airflow,53729,FALSE,FALSE
apache_airflow,53728,TRUE,TRUE
apache_airflow,53727,FALSE,FALSE
apache_airflow,53726,TRUE,TRUE
apache_airflow,53725,FALSE,FALSE
apache_airflow,53724,FALSE,FALSE
apache_airflow,53723,FALSE,FALSE
apache_airflow,53721,FALSE,FALSE
apache_airflow,53720,FALSE,TRUE
apache_airflow,53719,TRUE,TRUE
apache_airflow,53718,TRUE,TRUE
apache_airflow,53714,FALSE,TRUE
apache_airflow,53709,FALSE,FALSE
apache_airflow,53708,FALSE,FALSE
apache_airflow,53707,TRUE,TRUE
apache_airflow,53704,FALSE,TRUE
apache_airflow,53701,FALSE,TRUE
apache_airflow,53700,FALSE,TRUE
apache_airflow,53699,TRUE,TRUE
apache_airflow,53698,FALSE,FALSE
apache_airflow,53697,TRUE,TRUE
apache_airflow,53696,TRUE,TRUE
apache_airflow,53694,FALSE,TRUE
apache_airflow,53692,FALSE,TRUE
apache_airflow,53690,TRUE,TRUE
apache_airflow,53689,FALSE,FALSE
apache_airflow,53688,FALSE,TRUE
apache_airflow,53687,TRUE,TRUE
apache_airflow,53686,FALSE,FALSE
apache_airflow,53685,FALSE,TRUE
apache_airflow,53684,TRUE,TRUE
apache_airflow,53680,TRUE,TRUE
apache_airflow,53679,FALSE,FALSE
apache_airflow,53678,TRUE,TRUE
apache_airflow,53677,TRUE,FALSE
apache_airflow,53676,TRUE,FALSE
apache_airflow,53675,FALSE,FALSE
apache_airflow,53674,TRUE,FALSE
apache_airflow,53673,FALSE,FALSE
apache_airflow,53672,FALSE,TRUE
apache_airflow,53671,FALSE,FALSE
apache_airflow,53670,TRUE,FALSE
apache_airflow,53669,TRUE,TRUE
apache_airflow,53668,TRUE,TRUE
apache_airflow,53666,TRUE,FALSE
apache_airflow,53665,FALSE,FALSE
apache_airflow,53664,FALSE,TRUE
apache_airflow,53661,FALSE,FALSE
apache_airflow,53659,FALSE,FALSE
apache_airflow,53658,FALSE,FALSE
apache_airflow,53657,FALSE,TRUE
apache_airflow,53656,FALSE,TRUE
apache_airflow,53655,TRUE,TRUE
apache_airflow,53654,TRUE,TRUE
apache_airflow,53653,TRUE,TRUE
apache_airflow,53652,TRUE,TRUE
apache_airflow,53651,FALSE,FALSE
apache_airflow,53650,TRUE,TRUE
apache_airflow,53649,TRUE,TRUE
apache_airflow,53648,TRUE,FALSE
apache_airflow,53647,FALSE,TRUE
apache_airflow,53644,TRUE,TRUE
apache_airflow,53643,FALSE,FALSE
apache_airflow,53642,TRUE,FALSE
apache_airflow,53641,FALSE,TRUE
apache_airflow,53639,TRUE,TRUE
apache_airflow,53636,FALSE,FALSE
apache_airflow,53635,FALSE,TRUE
apache_airflow,53632,TRUE,TRUE
apache_airflow,53631,FALSE,TRUE
apache_airflow,53630,FALSE,FALSE
apache_airflow,53629,TRUE,TRUE
apache_airflow,53627,FALSE,FALSE
apache_airflow,53625,FALSE,FALSE
apache_airflow,53624,FALSE,FALSE
apache_airflow,53622,FALSE,FALSE
apache_airflow,53621,FALSE,TRUE
apache_airflow,53619,FALSE,TRUE
apache_airflow,53616,TRUE,TRUE
apache_airflow,53614,FALSE,FALSE
apache_airflow,53613,TRUE,TRUE
apache_airflow,53609,FALSE,FALSE
apache_airflow,53608,FALSE,FALSE
apache_airflow,53607,FALSE,FALSE
apache_airflow,53606,FALSE,FALSE
apache_airflow,53603,TRUE,FALSE
apache_airflow,53602,FALSE,TRUE
apache_airflow,53600,FALSE,TRUE
apache_airflow,53599,FALSE,TRUE
apache_airflow,53598,TRUE,TRUE
apache_airflow,53597,TRUE,TRUE
apache_airflow,53595,FALSE,TRUE
apache_airflow,53594,FALSE,TRUE
apache_airflow,53592,FALSE,TRUE
apache_airflow,53589,TRUE,TRUE
apache_airflow,53586,FALSE,TRUE
apache_airflow,53584,FALSE,TRUE
apache_airflow,53583,FALSE,TRUE
apache_airflow,53582,FALSE,TRUE
apache_airflow,53581,FALSE,FALSE
apache_airflow,53580,TRUE,FALSE
apache_airflow,53577,FALSE,TRUE
apache_airflow,53576,FALSE,TRUE
apache_airflow,53575,FALSE,TRUE
apache_airflow,53574,TRUE,TRUE
apache_airflow,53572,FALSE,FALSE
apache_airflow,53571,TRUE,TRUE
apache_airflow,53570,FALSE,FALSE
apache_airflow,53569,FALSE,FALSE
apache_airflow,53568,FALSE,FALSE
apache_airflow,53567,TRUE,TRUE
apache_airflow,53566,FALSE,FALSE
apache_airflow,53564,FALSE,TRUE
apache_airflow,53563,TRUE,TRUE
apache_airflow,53559,TRUE,TRUE
apache_airflow,53558,FALSE,FALSE
apache_airflow,53556,TRUE,TRUE
apache_airflow,53554,TRUE,TRUE
apache_airflow,53553,TRUE,TRUE
apache_airflow,53552,FALSE,TRUE
apache_airflow,53545,FALSE,TRUE
apache_airflow,53543,FALSE,FALSE
apache_airflow,53542,FALSE,TRUE
apache_airflow,53541,TRUE,FALSE
apache_airflow,53540,FALSE,FALSE
apache_airflow,53539,FALSE,FALSE
apache_airflow,53535,FALSE,FALSE
apache_airflow,53534,FALSE,FALSE
apache_airflow,53533,TRUE,FALSE
apache_airflow,53532,TRUE,TRUE
apache_airflow,53531,TRUE,FALSE
apache_airflow,53529,FALSE,TRUE
apache_airflow,53528,FALSE,FALSE
apache_airflow,53524,FALSE,TRUE
apache_airflow,53523,FALSE,TRUE
apache_airflow,53522,FALSE,FALSE
apache_airflow,53521,TRUE,TRUE
apache_airflow,53519,FALSE,TRUE
apache_airflow,53518,TRUE,TRUE
apache_airflow,53517,TRUE,FALSE
apache_airflow,53516,FALSE,FALSE
apache_airflow,53514,TRUE,TRUE
apache_airflow,53511,FALSE,TRUE
apache_airflow,53510,FALSE,TRUE
apache_airflow,53507,FALSE,TRUE
apache_airflow,53506,FALSE,FALSE
apache_airflow,53505,FALSE,TRUE
apache_airflow,53504,TRUE,TRUE
apache_airflow,53503,FALSE,FALSE
apache_airflow,53502,FALSE,FALSE
apache_airflow,53501,TRUE,TRUE
apache_airflow,53499,FALSE,TRUE
apache_airflow,53496,FALSE,TRUE
apache_airflow,53492,FALSE,FALSE
apache_airflow,53489,TRUE,TRUE
apache_airflow,53488,FALSE,TRUE
apache_airflow,53487,FALSE,FALSE
apache_airflow,53485,TRUE,TRUE
apache_airflow,53483,TRUE,FALSE
apache_airflow,53477,TRUE,TRUE
apache_airflow,53476,TRUE,TRUE
apache_airflow,53475,TRUE,TRUE
apache_airflow,53473,FALSE,FALSE
apache_airflow,53469,TRUE,TRUE
apache_airflow,53468,FALSE,TRUE
apache_airflow,53467,FALSE,FALSE
apache_airflow,53466,FALSE,FALSE
apache_airflow,53464,FALSE,TRUE
apache_airflow,53463,FALSE,FALSE
apache_airflow,53462,FALSE,FALSE
apache_airflow,53461,TRUE,FALSE
apache_airflow,53460,FALSE,FALSE
apache_airflow,53459,TRUE,TRUE
apache_airflow,53457,FALSE,TRUE
apache_airflow,53456,FALSE,FALSE
apache_airflow,53455,TRUE,TRUE
apache_airflow,53454,FALSE,TRUE
apache_airflow,53453,FALSE,TRUE
apache_airflow,53452,FALSE,TRUE
apache_airflow,53451,FALSE,TRUE
apache_airflow,53450,TRUE,TRUE
apache_airflow,53449,FALSE,TRUE
apache_airflow,53446,TRUE,TRUE
apache_airflow,53441,TRUE,TRUE
apache_airflow,53440,FALSE,TRUE
apache_airflow,53438,FALSE,TRUE
apache_airflow,53437,FALSE,TRUE
apache_airflow,53436,FALSE,TRUE
apache_airflow,53435,TRUE,TRUE
apache_airflow,53434,FALSE,TRUE
apache_airflow,53433,FALSE,TRUE
apache_airflow,53431,TRUE,TRUE
apache_airflow,53430,FALSE,TRUE
apache_airflow,53429,FALSE,TRUE
apache_airflow,53428,FALSE,TRUE
apache_airflow,53425,FALSE,FALSE
apache_airflow,53424,TRUE,TRUE
apache_airflow,53423,FALSE,FALSE
apache_airflow,53420,TRUE,TRUE
apache_airflow,53418,TRUE,TRUE
apache_airflow,53417,TRUE,TRUE
apache_airflow,53414,TRUE,TRUE
apache_airflow,53412,FALSE,FALSE
apache_airflow,53408,TRUE,TRUE
apache_airflow,53407,FALSE,TRUE
apache_airflow,53406,FALSE,TRUE
apache_airflow,53404,FALSE,TRUE
apache_airflow,53403,FALSE,TRUE
apache_airflow,53399,TRUE,TRUE
apache_airflow,53398,FALSE,TRUE
apache_airflow,53397,FALSE,FALSE
apache_airflow,53396,TRUE,TRUE
apache_airflow,53394,TRUE,FALSE
apache_airflow,53393,TRUE,TRUE
apache_airflow,53390,TRUE,TRUE
apache_airflow,53389,TRUE,TRUE
apache_airflow,53387,TRUE,TRUE
apache_airflow,53384,FALSE,TRUE
apache_airflow,53383,FALSE,FALSE
apache_airflow,53380,FALSE,FALSE
apache_airflow,53377,FALSE,TRUE
apache_airflow,53376,TRUE,TRUE
apache_airflow,53374,FALSE,FALSE
apache_airflow,53373,TRUE,TRUE
apache_airflow,53372,TRUE,TRUE
apache_airflow,53370,TRUE,TRUE
apache_airflow,53367,FALSE,TRUE
apache_airflow,53365,TRUE,TRUE
apache_airflow,53364,FALSE,TRUE
apache_airflow,53362,FALSE,FALSE
apache_airflow,53360,FALSE,TRUE
apache_airflow,53357,FALSE,FALSE
apache_airflow,53356,TRUE,TRUE
apache_airflow,53353,FALSE,FALSE
apache_airflow,53352,FALSE,TRUE
apache_airflow,53351,TRUE,TRUE
apache_airflow,53350,FALSE,FALSE
apache_airflow,53349,TRUE,TRUE
apache_airflow,53348,FALSE,FALSE
apache_airflow,53347,FALSE,FALSE
apache_airflow,53346,FALSE,TRUE
apache_airflow,53344,FALSE,FALSE
apache_airflow,53343,FALSE,FALSE
apache_airflow,53342,TRUE,TRUE
apache_airflow,53340,TRUE,TRUE
apache_airflow,53339,FALSE,TRUE
apache_airflow,53338,TRUE,TRUE
apache_airflow,53336,FALSE,FALSE
apache_airflow,53335,FALSE,TRUE
apache_airflow,53334,FALSE,TRUE
apache_airflow,53332,TRUE,TRUE
apache_airflow,53331,FALSE,FALSE
apache_airflow,53329,FALSE,FALSE
apache_airflow,53328,FALSE,TRUE
apache_airflow,53326,TRUE,FALSE
apache_airflow,53325,TRUE,FALSE
apache_airflow,53323,FALSE,TRUE
apache_airflow,53321,FALSE,FALSE
apache_airflow,53320,FALSE,TRUE
apache_airflow,53318,FALSE,TRUE
apache_airflow,53317,FALSE,TRUE
apache_airflow,53315,FALSE,FALSE
apache_airflow,53314,TRUE,TRUE
apache_airflow,53313,FALSE,TRUE
apache_airflow,53312,TRUE,TRUE
apache_airflow,53311,FALSE,TRUE
apache_airflow,53310,FALSE,TRUE
apache_airflow,53308,TRUE,TRUE
apache_airflow,53307,FALSE,TRUE
apache_airflow,53306,TRUE,FALSE
apache_airflow,53305,FALSE,TRUE
apache_airflow,53304,FALSE,TRUE
apache_airflow,53303,FALSE,TRUE
apache_airflow,53302,FALSE,TRUE
apache_airflow,53301,FALSE,TRUE
apache_airflow,53300,FALSE,TRUE
apache_airflow,53299,FALSE,TRUE
apache_airflow,53298,FALSE,TRUE
apache_airflow,53297,TRUE,TRUE
apache_airflow,53296,FALSE,TRUE
apache_airflow,53295,FALSE,TRUE
apache_airflow,53294,FALSE,TRUE
apache_airflow,53293,FALSE,TRUE
apache_airflow,53292,FALSE,TRUE
apache_airflow,53291,TRUE,TRUE
apache_airflow,53290,FALSE,FALSE
apache_airflow,53289,TRUE,TRUE
apache_airflow,53288,FALSE,TRUE
apache_airflow,53287,FALSE,TRUE
apache_airflow,53286,TRUE,FALSE
apache_airflow,53285,FALSE,TRUE
apache_airflow,53284,TRUE,TRUE
apache_airflow,53283,TRUE,TRUE
apache_airflow,53282,TRUE,FALSE
apache_airflow,53281,FALSE,TRUE
apache_airflow,53280,FALSE,TRUE
apache_airflow,53279,FALSE,TRUE
apache_airflow,53278,FALSE,TRUE
apache_airflow,53277,FALSE,TRUE
apache_airflow,53276,FALSE,TRUE
apache_airflow,53275,FALSE,TRUE
apache_airflow,53274,FALSE,TRUE
apache_airflow,53273,TRUE,FALSE
apache_airflow,53272,FALSE,TRUE
apache_airflow,53271,FALSE,TRUE
apache_airflow,53270,FALSE,TRUE
apache_airflow,53269,FALSE,TRUE
apache_airflow,53268,FALSE,TRUE
apache_airflow,53267,FALSE,TRUE
apache_airflow,53266,TRUE,TRUE
apache_airflow,53265,FALSE,TRUE
apache_airflow,53264,FALSE,TRUE
apache_airflow,53263,TRUE,FALSE
apache_airflow,53262,FALSE,TRUE
apache_airflow,53261,FALSE,TRUE
apache_airflow,53260,FALSE,TRUE
apache_airflow,53259,FALSE,TRUE
apache_airflow,53258,FALSE,TRUE
apache_airflow,53257,FALSE,TRUE
apache_airflow,53256,FALSE,TRUE
apache_airflow,53255,FALSE,TRUE
apache_airflow,53254,FALSE,TRUE
apache_airflow,53253,FALSE,TRUE
apache_airflow,53252,FALSE,TRUE
apache_airflow,53251,TRUE,FALSE
apache_airflow,53250,FALSE,TRUE
apache_airflow,53249,TRUE,TRUE
apache_airflow,53248,TRUE,TRUE
apache_airflow,53247,FALSE,TRUE
apache_airflow,53246,FALSE,TRUE
apache_airflow,53245,FALSE,TRUE
apache_airflow,53243,TRUE,TRUE
apache_airflow,53240,FALSE,TRUE
apache_airflow,53239,TRUE,TRUE
apache_airflow,53238,FALSE,TRUE
apache_airflow,53237,FALSE,TRUE
apache_airflow,53236,TRUE,FALSE
apache_airflow,53235,TRUE,FALSE
apache_airflow,53234,TRUE,FALSE
apache_airflow,53233,FALSE,TRUE
apache_airflow,53232,FALSE,TRUE
apache_airflow,53230,FALSE,FALSE
apache_airflow,53229,FALSE,TRUE
apache_airflow,53228,FALSE,TRUE
apache_airflow,53227,FALSE,FALSE
apache_airflow,53226,FALSE,FALSE
apache_airflow,53224,FALSE,FALSE
apache_airflow,53223,TRUE,TRUE
apache_airflow,53222,FALSE,FALSE
apache_airflow,53221,TRUE,FALSE
apache_airflow,53220,FALSE,FALSE
apache_airflow,53219,TRUE,FALSE
apache_airflow,53218,FALSE,FALSE
apache_airflow,53217,TRUE,TRUE
apache_airflow,53215,TRUE,TRUE
apache_airflow,53214,FALSE,TRUE
apache_airflow,53213,TRUE,FALSE
apache_airflow,53212,FALSE,FALSE
apache_airflow,53211,TRUE,TRUE
apache_airflow,53210,FALSE,FALSE
apache_airflow,53209,FALSE,FALSE
apache_airflow,53208,FALSE,TRUE
apache_airflow,53207,FALSE,FALSE
apache_airflow,53206,TRUE,FALSE
apache_airflow,53205,TRUE,FALSE
apache_airflow,53204,TRUE,FALSE
apache_airflow,53203,TRUE,FALSE
apache_airflow,53202,TRUE,TRUE
apache_airflow,53201,TRUE,TRUE
apache_airflow,53200,TRUE,TRUE
apache_airflow,53199,FALSE,FALSE
apache_airflow,53197,TRUE,TRUE
apache_airflow,53196,TRUE,TRUE
apache_airflow,53194,TRUE,TRUE
apache_airflow,53193,FALSE,TRUE
apache_airflow,53191,FALSE,TRUE
apache_airflow,53189,TRUE,TRUE
apache_airflow,53188,TRUE,TRUE
apache_airflow,53187,TRUE,TRUE
apache_airflow,53186,TRUE,TRUE
apache_airflow,53185,FALSE,FALSE
apache_airflow,53184,TRUE,TRUE
apache_airflow,53183,FALSE,FALSE
apache_airflow,53182,TRUE,TRUE
apache_airflow,53180,TRUE,TRUE
apache_airflow,53179,FALSE,FALSE
apache_airflow,53170,TRUE,TRUE
apache_airflow,53169,FALSE,TRUE
apache_airflow,53168,FALSE,TRUE
apache_airflow,53167,TRUE,TRUE
apache_airflow,53161,TRUE,FALSE
apache_airflow,53160,FALSE,TRUE
apache_airflow,53159,FALSE,FALSE
apache_airflow,53158,FALSE,TRUE
apache_airflow,53156,TRUE,TRUE
apache_airflow,53155,FALSE,TRUE
apache_airflow,53153,TRUE,TRUE
apache_airflow,53151,FALSE,TRUE
apache_airflow,53150,TRUE,TRUE
apache_airflow,53149,TRUE,TRUE
apache_airflow,53148,FALSE,TRUE
apache_airflow,53144,TRUE,TRUE
apache_airflow,53143,TRUE,TRUE
apache_airflow,53142,TRUE,TRUE
apache_airflow,53141,FALSE,FALSE
apache_airflow,53139,TRUE,TRUE
apache_airflow,53138,FALSE,FALSE
apache_airflow,53137,FALSE,FALSE
apache_airflow,53134,TRUE,TRUE
apache_airflow,53133,FALSE,FALSE
apache_airflow,53132,FALSE,FALSE
apache_airflow,53131,FALSE,TRUE
apache_airflow,53128,FALSE,TRUE
apache_airflow,53126,TRUE,TRUE
apache_airflow,53125,FALSE,TRUE
apache_airflow,53123,FALSE,TRUE
apache_airflow,53122,FALSE,TRUE
apache_airflow,53121,FALSE,TRUE
apache_airflow,53120,FALSE,FALSE
apache_airflow,53119,FALSE,TRUE
apache_airflow,53118,FALSE,FALSE
apache_airflow,53117,FALSE,FALSE
apache_airflow,53116,FALSE,TRUE
apache_airflow,53115,TRUE,TRUE
apache_airflow,53113,FALSE,TRUE
apache_airflow,53112,FALSE,TRUE
apache_airflow,53111,FALSE,TRUE
apache_airflow,53110,FALSE,TRUE
apache_airflow,53109,FALSE,TRUE
apache_airflow,53108,FALSE,TRUE
apache_airflow,53107,FALSE,TRUE
apache_airflow,53106,TRUE,TRUE
apache_airflow,53104,FALSE,TRUE
apache_airflow,53102,TRUE,TRUE
apache_airflow,53101,FALSE,TRUE
apache_airflow,53100,FALSE,FALSE
apache_airflow,53099,FALSE,TRUE
apache_airflow,53098,FALSE,FALSE
apache_airflow,53097,FALSE,FALSE
apache_airflow,53096,FALSE,FALSE
apache_airflow,53095,FALSE,TRUE
apache_airflow,53094,FALSE,TRUE
apache_airflow,53093,TRUE,TRUE
apache_airflow,53092,TRUE,TRUE
apache_airflow,53090,TRUE,FALSE
apache_airflow,53088,TRUE,TRUE
apache_airflow,53087,TRUE,TRUE
apache_airflow,53086,FALSE,TRUE
apache_airflow,53083,TRUE,TRUE
apache_airflow,53082,TRUE,TRUE
apache_airflow,53081,FALSE,TRUE
apache_airflow,53080,TRUE,TRUE
apache_airflow,53079,FALSE,FALSE
apache_airflow,53076,TRUE,TRUE
apache_airflow,53075,FALSE,TRUE
apache_airflow,53073,FALSE,FALSE
apache_airflow,53072,FALSE,FALSE
apache_airflow,53071,TRUE,TRUE
apache_airflow,53068,FALSE,FALSE
apache_airflow,53064,FALSE,TRUE
apache_airflow,53061,FALSE,FALSE
apache_airflow,53060,FALSE,FALSE
apache_airflow,53059,TRUE,TRUE
apache_airflow,53058,TRUE,TRUE
apache_airflow,53057,FALSE,FALSE
apache_airflow,53047,FALSE,TRUE
apache_airflow,53039,TRUE,TRUE
apache_airflow,53037,FALSE,TRUE
apache_airflow,53036,TRUE,TRUE
apache_airflow,53035,TRUE,TRUE
apache_airflow,53032,FALSE,TRUE
apache_airflow,53031,TRUE,TRUE
apache_airflow,53029,TRUE,TRUE
apache_airflow,53028,TRUE,TRUE
apache_airflow,53027,TRUE,TRUE
apache_airflow,53026,FALSE,TRUE
apache_airflow,53024,TRUE,TRUE
apache_airflow,53023,FALSE,FALSE
apache_airflow,53020,TRUE,TRUE
apache_airflow,53014,FALSE,FALSE
apache_airflow,53012,FALSE,TRUE
apache_airflow,53011,FALSE,TRUE
apache_airflow,53010,FALSE,TRUE
apache_airflow,53008,FALSE,FALSE
apache_airflow,53007,FALSE,FALSE
apache_airflow,53005,FALSE,TRUE
apache_airflow,53004,TRUE,TRUE
apache_airflow,53003,FALSE,TRUE
apache_airflow,53001,FALSE,TRUE
apache_airflow,53000,TRUE,TRUE
apache_airflow,52998,FALSE,FALSE
apache_airflow,52997,FALSE,TRUE
apache_airflow,52996,TRUE,TRUE
apache_airflow,52995,FALSE,FALSE
apache_airflow,52994,FALSE,FALSE
apache_airflow,52993,FALSE,FALSE
apache_airflow,52992,TRUE,FALSE
apache_airflow,52991,FALSE,FALSE
apache_airflow,52990,TRUE,TRUE
apache_airflow,52989,FALSE,TRUE
apache_airflow,52988,FALSE,FALSE
apache_airflow,52987,FALSE,TRUE
apache_airflow,52986,FALSE,TRUE
apache_airflow,52985,TRUE,TRUE
apache_airflow,52984,TRUE,TRUE
apache_airflow,52983,TRUE,TRUE
apache_airflow,52982,FALSE,TRUE
apache_airflow,52981,TRUE,TRUE
apache_airflow,52980,TRUE,TRUE
apache_airflow,52979,FALSE,TRUE
apache_airflow,52978,TRUE,TRUE
apache_airflow,52977,TRUE,FALSE
apache_airflow,52976,TRUE,TRUE
apache_airflow,52975,TRUE,TRUE
apache_airflow,52974,FALSE,FALSE
apache_airflow,52973,TRUE,TRUE
apache_airflow,52972,TRUE,TRUE
apache_airflow,52971,TRUE,FALSE
apache_airflow,52968,TRUE,TRUE
apache_airflow,52967,FALSE,TRUE
apache_airflow,52966,FALSE,TRUE
apache_airflow,52965,TRUE,FALSE
apache_airflow,52964,TRUE,TRUE
apache_airflow,52963,FALSE,TRUE
apache_airflow,52961,FALSE,TRUE
apache_airflow,52960,FALSE,TRUE
apache_airflow,52958,FALSE,FALSE
apache_airflow,52957,FALSE,TRUE
apache_airflow,52956,FALSE,TRUE
apache_airflow,52955,FALSE,FALSE
apache_airflow,52954,FALSE,TRUE
apache_airflow,52953,TRUE,FALSE
apache_airflow,52952,TRUE,TRUE
apache_airflow,52950,FALSE,TRUE
apache_airflow,52949,FALSE,TRUE
apache_airflow,52948,FALSE,TRUE
apache_airflow,52947,FALSE,TRUE
apache_airflow,52946,FALSE,TRUE
apache_airflow,52945,FALSE,TRUE
apache_airflow,52944,FALSE,TRUE
apache_airflow,52942,TRUE,FALSE
apache_airflow,52941,FALSE,TRUE
apache_airflow,52940,TRUE,TRUE
apache_airflow,52939,FALSE,TRUE
apache_airflow,52937,FALSE,FALSE
apache_airflow,52936,TRUE,FALSE
apache_airflow,52935,FALSE,FALSE
apache_airflow,52934,FALSE,TRUE
apache_airflow,52933,FALSE,TRUE
apache_airflow,52931,TRUE,FALSE
apache_airflow,52930,FALSE,FALSE
apache_airflow,52929,TRUE,TRUE
apache_airflow,52928,FALSE,FALSE
apache_airflow,52927,TRUE,FALSE
apache_airflow,52926,TRUE,TRUE
apache_airflow,52925,TRUE,TRUE
apache_airflow,52924,TRUE,TRUE
apache_airflow,52919,FALSE,TRUE
apache_airflow,52918,FALSE,TRUE
apache_airflow,52917,TRUE,TRUE
apache_airflow,52915,FALSE,TRUE
apache_airflow,52914,FALSE,TRUE
apache_airflow,52913,FALSE,TRUE
apache_airflow,52912,FALSE,TRUE
apache_airflow,52911,FALSE,TRUE
apache_airflow,52910,FALSE,FALSE
apache_airflow,52909,TRUE,TRUE
apache_airflow,52908,FALSE,FALSE
apache_airflow,52905,TRUE,FALSE
apache_airflow,52904,TRUE,TRUE
apache_airflow,52903,FALSE,FALSE
apache_airflow,52902,TRUE,TRUE
apache_airflow,52901,FALSE,FALSE
apache_airflow,52900,TRUE,TRUE
apache_airflow,52899,TRUE,TRUE
apache_airflow,52898,FALSE,TRUE
apache_airflow,52897,TRUE,TRUE
apache_airflow,52896,TRUE,TRUE
apache_airflow,52895,FALSE,FALSE
apache_airflow,52894,FALSE,TRUE
apache_airflow,52892,TRUE,TRUE
apache_airflow,52891,FALSE,FALSE
apache_airflow,52890,FALSE,FALSE
apache_airflow,52888,TRUE,TRUE
apache_airflow,52887,FALSE,TRUE
apache_airflow,52886,FALSE,FALSE
apache_airflow,52885,FALSE,FALSE
apache_airflow,52883,TRUE,TRUE
apache_airflow,52879,FALSE,FALSE
apache_airflow,52878,FALSE,FALSE
apache_airflow,52876,TRUE,TRUE
apache_airflow,52875,FALSE,FALSE
apache_airflow,52874,TRUE,TRUE
apache_airflow,52873,FALSE,TRUE
apache_airflow,52872,FALSE,TRUE
apache_airflow,52871,TRUE,TRUE
apache_airflow,52870,FALSE,TRUE
apache_airflow,52868,TRUE,TRUE
apache_airflow,52867,FALSE,TRUE
apache_airflow,52866,TRUE,TRUE
apache_airflow,52864,FALSE,TRUE
apache_airflow,52863,FALSE,TRUE
apache_airflow,52861,FALSE,TRUE
apache_airflow,52860,TRUE,TRUE
apache_airflow,52859,FALSE,TRUE
apache_airflow,52858,FALSE,TRUE
apache_airflow,52857,FALSE,TRUE
apache_airflow,52856,FALSE,TRUE
apache_airflow,52855,FALSE,TRUE
apache_airflow,52854,FALSE,TRUE
apache_airflow,52853,TRUE,FALSE
apache_airflow,52852,FALSE,TRUE
apache_airflow,52851,TRUE,TRUE
apache_airflow,52850,FALSE,TRUE
apache_airflow,52849,FALSE,TRUE
apache_airflow,52848,TRUE,FALSE
apache_airflow,52846,TRUE,TRUE
apache_airflow,52844,FALSE,TRUE
apache_airflow,52843,FALSE,TRUE
apache_airflow,52842,FALSE,TRUE
apache_airflow,52841,FALSE,TRUE
apache_airflow,52840,TRUE,FALSE
apache_airflow,52839,TRUE,TRUE
apache_airflow,52838,FALSE,TRUE
apache_airflow,52836,FALSE,FALSE
apache_airflow,52835,FALSE,TRUE
apache_airflow,52834,FALSE,FALSE
apache_airflow,52833,FALSE,TRUE
apache_airflow,52832,TRUE,TRUE
apache_airflow,52831,FALSE,TRUE
apache_airflow,52830,FALSE,FALSE
apache_airflow,52829,FALSE,TRUE
apache_airflow,52828,FALSE,TRUE
apache_airflow,52827,FALSE,TRUE
apache_airflow,52826,FALSE,FALSE
apache_airflow,52825,FALSE,TRUE
apache_airflow,52823,FALSE,FALSE
apache_airflow,52822,FALSE,TRUE
apache_airflow,52821,FALSE,TRUE
apache_airflow,52820,FALSE,TRUE
apache_airflow,52819,FALSE,TRUE
apache_airflow,52817,FALSE,TRUE
apache_airflow,52816,FALSE,TRUE
apache_airflow,52815,TRUE,TRUE
apache_airflow,52814,FALSE,TRUE
apache_airflow,52812,FALSE,TRUE
apache_airflow,52811,FALSE,TRUE
apache_airflow,52810,FALSE,TRUE
apache_airflow,52809,FALSE,TRUE
apache_airflow,52808,FALSE,TRUE
apache_airflow,52807,FALSE,FALSE
apache_airflow,52806,FALSE,TRUE
apache_airflow,52805,FALSE,TRUE
apache_airflow,52804,FALSE,FALSE
apache_airflow,52803,TRUE,TRUE
apache_airflow,52802,FALSE,TRUE
apache_airflow,52801,FALSE,TRUE
apache_airflow,52800,TRUE,TRUE
apache_airflow,52799,FALSE,TRUE
apache_airflow,52798,FALSE,TRUE
apache_airflow,52797,TRUE,TRUE
apache_airflow,52796,TRUE,TRUE
apache_airflow,52795,FALSE,TRUE
apache_airflow,52794,FALSE,TRUE
apache_airflow,52792,FALSE,TRUE
apache_airflow,52790,FALSE,TRUE
apache_airflow,52789,FALSE,TRUE
apache_airflow,52788,FALSE,TRUE
apache_airflow,52787,FALSE,TRUE
apache_airflow,52786,FALSE,TRUE
apache_airflow,52785,FALSE,TRUE
apache_airflow,52784,FALSE,TRUE
apache_airflow,52783,FALSE,TRUE
apache_airflow,52782,FALSE,TRUE
apache_airflow,52781,FALSE,TRUE
apache_airflow,52780,FALSE,TRUE
apache_airflow,52779,FALSE,TRUE
apache_airflow,52778,FALSE,TRUE
apache_airflow,52777,FALSE,TRUE
apache_airflow,52776,FALSE,TRUE
apache_airflow,52774,FALSE,FALSE
apache_airflow,52773,FALSE,TRUE
apache_airflow,52770,TRUE,TRUE
apache_airflow,52769,TRUE,TRUE
apache_airflow,52768,FALSE,TRUE
apache_airflow,52766,FALSE,TRUE
apache_airflow,52765,FALSE,TRUE
apache_airflow,52759,FALSE,TRUE
apache_airflow,52757,TRUE,TRUE
apache_airflow,52756,FALSE,TRUE
apache_airflow,52752,TRUE,TRUE
apache_airflow,52751,FALSE,TRUE
apache_airflow,52750,FALSE,TRUE
apache_airflow,52749,FALSE,TRUE
apache_airflow,52748,TRUE,TRUE
apache_airflow,52747,FALSE,TRUE
apache_airflow,52745,FALSE,FALSE
apache_airflow,52744,FALSE,TRUE
apache_airflow,52743,FALSE,TRUE
apache_airflow,52742,FALSE,TRUE
apache_airflow,52741,TRUE,FALSE
apache_airflow,52740,FALSE,TRUE
apache_airflow,52739,FALSE,FALSE
apache_airflow,52738,TRUE,TRUE
apache_airflow,52737,FALSE,TRUE
apache_airflow,52736,FALSE,TRUE
apache_airflow,52734,FALSE,TRUE
apache_airflow,52732,TRUE,TRUE
apache_airflow,52731,FALSE,TRUE
apache_airflow,52729,TRUE,TRUE
apache_airflow,52728,FALSE,FALSE
apache_airflow,52727,FALSE,TRUE
apache_airflow,52726,FALSE,FALSE
apache_airflow,52725,FALSE,FALSE
apache_airflow,52724,TRUE,TRUE
apache_airflow,52721,TRUE,TRUE
apache_airflow,52719,FALSE,TRUE
apache_airflow,52718,TRUE,TRUE
apache_airflow,52717,FALSE,FALSE
apache_airflow,52716,TRUE,FALSE
apache_airflow,52715,TRUE,TRUE
apache_airflow,52714,FALSE,TRUE
apache_airflow,52713,FALSE,TRUE
apache_airflow,52710,FALSE,FALSE
apache_airflow,52709,FALSE,FALSE
apache_airflow,52708,TRUE,FALSE
apache_airflow,52707,FALSE,TRUE
apache_airflow,52706,TRUE,TRUE
apache_airflow,52705,FALSE,FALSE
apache_airflow,52704,TRUE,TRUE
apache_airflow,52703,TRUE,TRUE
apache_airflow,52702,TRUE,TRUE
apache_airflow,52701,FALSE,FALSE
apache_airflow,52700,TRUE,TRUE
apache_airflow,52699,FALSE,FALSE
apache_airflow,52698,TRUE,TRUE
apache_airflow,52696,TRUE,TRUE
apache_airflow,52695,FALSE,FALSE
apache_airflow,52694,FALSE,TRUE
apache_airflow,52693,TRUE,TRUE
apache_airflow,52691,TRUE,TRUE
apache_airflow,52690,FALSE,TRUE
apache_airflow,52689,FALSE,TRUE
apache_airflow,52688,TRUE,TRUE
apache_airflow,52687,FALSE,TRUE
apache_airflow,52686,FALSE,TRUE
apache_airflow,52685,FALSE,TRUE
apache_airflow,52684,FALSE,TRUE
apache_airflow,52683,FALSE,TRUE
apache_airflow,52682,TRUE,TRUE
apache_airflow,52681,FALSE,TRUE
apache_airflow,52680,FALSE,TRUE
apache_airflow,52674,FALSE,FALSE
apache_airflow,52673,TRUE,TRUE
apache_airflow,52672,TRUE,TRUE
apache_airflow,52671,FALSE,TRUE
apache_airflow,52670,FALSE,TRUE
apache_airflow,52669,FALSE,FALSE
apache_airflow,52668,TRUE,TRUE
apache_airflow,52667,TRUE,TRUE
apache_airflow,52664,FALSE,TRUE
apache_airflow,52662,FALSE,TRUE
apache_airflow,52661,FALSE,TRUE
apache_airflow,52659,FALSE,TRUE
apache_airflow,52658,FALSE,FALSE
apache_airflow,52657,FALSE,TRUE
apache_airflow,52656,FALSE,FALSE
apache_airflow,52654,TRUE,TRUE
apache_airflow,52652,FALSE,TRUE
apache_airflow,52651,TRUE,TRUE
apache_airflow,52649,FALSE,TRUE
apache_airflow,52648,TRUE,FALSE
apache_airflow,52647,TRUE,FALSE
apache_airflow,52646,FALSE,FALSE
apache_airflow,52644,TRUE,TRUE
apache_airflow,52642,TRUE,TRUE
apache_airflow,52641,TRUE,TRUE
apache_airflow,52639,FALSE,TRUE
apache_airflow,52638,TRUE,TRUE
apache_airflow,52636,TRUE,TRUE
apache_airflow,52635,FALSE,FALSE
apache_airflow,52634,TRUE,FALSE
apache_airflow,52633,FALSE,TRUE
apache_airflow,52631,FALSE,FALSE
apache_airflow,52629,FALSE,TRUE
apache_airflow,52628,FALSE,TRUE
apache_airflow,52626,TRUE,TRUE
apache_airflow,52625,FALSE,TRUE
apache_airflow,52624,TRUE,TRUE
apache_airflow,52623,FALSE,TRUE
apache_airflow,52620,FALSE,TRUE
apache_airflow,52619,TRUE,TRUE
apache_airflow,52618,FALSE,TRUE
apache_airflow,52617,FALSE,FALSE
apache_airflow,52616,FALSE,FALSE
apache_airflow,52615,FALSE,TRUE
apache_airflow,52614,TRUE,TRUE
apache_airflow,52613,TRUE,TRUE
apache_airflow,52612,FALSE,TRUE
apache_airflow,52610,FALSE,TRUE
apache_airflow,52609,FALSE,TRUE
apache_airflow,52608,FALSE,TRUE
apache_airflow,52607,TRUE,TRUE
apache_airflow,52606,TRUE,TRUE
apache_airflow,52604,FALSE,TRUE
apache_airflow,52603,FALSE,TRUE
apache_airflow,52602,FALSE,TRUE
apache_airflow,52601,FALSE,FALSE
apache_airflow,52600,FALSE,TRUE
apache_airflow,52599,FALSE,FALSE
apache_airflow,52598,FALSE,FALSE
apache_airflow,52597,FALSE,TRUE
apache_airflow,52596,FALSE,TRUE
apache_airflow,52595,TRUE,FALSE
apache_airflow,52594,TRUE,FALSE
apache_airflow,52592,FALSE,FALSE
apache_airflow,52591,FALSE,TRUE
apache_airflow,52590,FALSE,TRUE
apache_airflow,52589,TRUE,FALSE
apache_airflow,52588,FALSE,TRUE
apache_airflow,52587,FALSE,TRUE
apache_airflow,52586,FALSE,FALSE
apache_airflow,52585,TRUE,TRUE
apache_airflow,52584,TRUE,TRUE
apache_airflow,52583,FALSE,TRUE
apache_airflow,52582,FALSE,TRUE
apache_airflow,52581,TRUE,TRUE
apache_airflow,52579,FALSE,TRUE
apache_airflow,52578,TRUE,FALSE
apache_airflow,52577,FALSE,TRUE
apache_airflow,52573,TRUE,TRUE
apache_airflow,52572,FALSE,TRUE
apache_airflow,52570,FALSE,FALSE
apache_airflow,52569,FALSE,TRUE
apache_airflow,52568,FALSE,TRUE
apache_airflow,52567,TRUE,TRUE
apache_airflow,52566,FALSE,TRUE
apache_airflow,52565,FALSE,TRUE
apache_airflow,52564,FALSE,TRUE
apache_airflow,52563,FALSE,TRUE
apache_airflow,52562,TRUE,TRUE
apache_airflow,52561,FALSE,TRUE
apache_airflow,52559,TRUE,TRUE
apache_airflow,52558,TRUE,TRUE
apache_airflow,52535,TRUE,FALSE
apache_airflow,52531,TRUE,TRUE
apache_airflow,52528,TRUE,TRUE
apache_airflow,52525,TRUE,FALSE
apache_airflow,52518,TRUE,TRUE
apache_airflow,52517,FALSE,TRUE
apache_airflow,52515,FALSE,TRUE
apache_airflow,52510,FALSE,TRUE
apache_airflow,52507,TRUE,TRUE
apache_airflow,52506,FALSE,TRUE
apache_airflow,52505,FALSE,TRUE
apache_airflow,52504,FALSE,TRUE
apache_airflow,52503,FALSE,TRUE
apache_airflow,52500,TRUE,TRUE
apache_airflow,52499,FALSE,TRUE
apache_airflow,52498,FALSE,TRUE
apache_airflow,52497,TRUE,FALSE
apache_airflow,52496,TRUE,FALSE
apache_airflow,52495,FALSE,FALSE
apache_airflow,52494,FALSE,TRUE
apache_airflow,52493,FALSE,TRUE
apache_airflow,52492,TRUE,FALSE
apache_airflow,52491,TRUE,TRUE
apache_airflow,52490,TRUE,FALSE
apache_airflow,52489,TRUE,FALSE
apache_airflow,52473,TRUE,FALSE
apache_airflow,52472,TRUE,FALSE
apache_airflow,52471,TRUE,FALSE
apache_airflow,52470,FALSE,TRUE
apache_airflow,52468,TRUE,TRUE
apache_airflow,52466,FALSE,FALSE
apache_airflow,52465,TRUE,TRUE
apache_airflow,52464,FALSE,FALSE
apache_airflow,52463,FALSE,TRUE
apache_airflow,52462,TRUE,TRUE
apache_airflow,52461,TRUE,FALSE
apache_airflow,52460,TRUE,FALSE
apache_airflow,52459,FALSE,FALSE
apache_airflow,52458,TRUE,TRUE
apache_airflow,52457,FALSE,TRUE
apache_airflow,52456,TRUE,TRUE
apache_airflow,52455,TRUE,TRUE
apache_airflow,52454,FALSE,FALSE
apache_airflow,52453,FALSE,TRUE
apache_airflow,52452,TRUE,TRUE
apache_airflow,52451,TRUE,TRUE
apache_airflow,52450,TRUE,FALSE
apache_airflow,52449,TRUE,FALSE
apache_airflow,52448,FALSE,TRUE
apache_airflow,52447,FALSE,FALSE
apache_airflow,52446,FALSE,TRUE
apache_airflow,52445,TRUE,TRUE
apache_airflow,52444,FALSE,TRUE
apache_airflow,52443,TRUE,TRUE
apache_airflow,52442,FALSE,TRUE
apache_airflow,52441,TRUE,FALSE
apache_airflow,52440,FALSE,FALSE
apache_airflow,52437,TRUE,TRUE
apache_airflow,52436,TRUE,FALSE
apache_airflow,52435,FALSE,TRUE
apache_airflow,52434,TRUE,TRUE
apache_airflow,52433,FALSE,TRUE
apache_airflow,52432,TRUE,TRUE
apache_airflow,52431,TRUE,TRUE
apache_airflow,52430,FALSE,TRUE
apache_airflow,52429,TRUE,TRUE
apache_airflow,52428,FALSE,TRUE
apache_airflow,52427,TRUE,FALSE
apache_airflow,52426,TRUE,TRUE
apache_airflow,52425,TRUE,TRUE
apache_airflow,52424,FALSE,TRUE
apache_airflow,52423,FALSE,FALSE
apache_airflow,52422,TRUE,TRUE
apache_airflow,52421,FALSE,TRUE
apache_airflow,52420,TRUE,TRUE
apache_airflow,52419,FALSE,TRUE
apache_airflow,52418,FALSE,TRUE
apache_airflow,52417,FALSE,FALSE
apache_airflow,52416,TRUE,FALSE
apache_airflow,52415,TRUE,TRUE
apache_airflow,52414,FALSE,TRUE
apache_airflow,52412,TRUE,TRUE
apache_airflow,52410,TRUE,TRUE
apache_airflow,52409,FALSE,FALSE
apache_airflow,52408,FALSE,FALSE
apache_airflow,52407,TRUE,TRUE
apache_airflow,52406,FALSE,TRUE
apache_airflow,52405,FALSE,TRUE
apache_airflow,52404,TRUE,FALSE
apache_airflow,52403,TRUE,TRUE
apache_airflow,52402,TRUE,FALSE
apache_airflow,52401,FALSE,TRUE
apache_airflow,52400,TRUE,TRUE
apache_airflow,52399,TRUE,FALSE
apache_airflow,52398,TRUE,TRUE
apache_airflow,52397,FALSE,FALSE
apache_airflow,52396,FALSE,FALSE
apache_airflow,52395,FALSE,FALSE
apache_airflow,52394,TRUE,FALSE
apache_airflow,52393,TRUE,FALSE
apache_airflow,52391,FALSE,TRUE
apache_airflow,52390,FALSE,TRUE
apache_airflow,52389,TRUE,FALSE
apache_airflow,52388,TRUE,FALSE
apache_airflow,52387,FALSE,TRUE
apache_airflow,52386,FALSE,TRUE
apache_airflow,52385,TRUE,TRUE
apache_airflow,52384,FALSE,TRUE
apache_airflow,52383,FALSE,TRUE
apache_airflow,52382,TRUE,TRUE
apache_airflow,52381,TRUE,TRUE
apache_airflow,52380,TRUE,TRUE
apache_airflow,52379,FALSE,TRUE
apache_airflow,52377,FALSE,TRUE
apache_airflow,52376,TRUE,TRUE
apache_airflow,52375,TRUE,TRUE
apache_airflow,52374,TRUE,TRUE
apache_airflow,52373,FALSE,TRUE
apache_airflow,52372,FALSE,TRUE
apache_airflow,52371,FALSE,TRUE
apache_airflow,52370,FALSE,TRUE
apache_airflow,52369,FALSE,TRUE
apache_airflow,52367,TRUE,TRUE
apache_airflow,52366,TRUE,TRUE
apache_airflow,52365,FALSE,TRUE
apache_airflow,52364,FALSE,FALSE
apache_airflow,52361,TRUE,FALSE
apache_airflow,52360,TRUE,TRUE
apache_airflow,52359,FALSE,FALSE
apache_airflow,52358,FALSE,FALSE
apache_airflow,52357,TRUE,FALSE
apache_airflow,52356,FALSE,FALSE
apache_airflow,52354,FALSE,FALSE
apache_airflow,52353,FALSE,TRUE
apache_airflow,52352,FALSE,TRUE
apache_airflow,52351,FALSE,FALSE
apache_airflow,52350,TRUE,FALSE
apache_airflow,52347,TRUE,TRUE
apache_airflow,52345,TRUE,TRUE
apache_airflow,52344,FALSE,FALSE
apache_airflow,52343,TRUE,TRUE
apache_airflow,52342,FALSE,TRUE
apache_airflow,52341,FALSE,TRUE
apache_airflow,52340,FALSE,TRUE
apache_airflow,52339,TRUE,TRUE
apache_airflow,52338,FALSE,TRUE
apache_airflow,52337,FALSE,FALSE
apache_airflow,52335,TRUE,TRUE
apache_airflow,52333,FALSE,TRUE
apache_airflow,52331,FALSE,TRUE
apache_airflow,52329,TRUE,FALSE
apache_airflow,52328,FALSE,TRUE
apache_airflow,52325,TRUE,TRUE
apache_airflow,52324,TRUE,TRUE
apache_airflow,52322,TRUE,FALSE
apache_airflow,52321,FALSE,TRUE
apache_airflow,52318,TRUE,TRUE
apache_airflow,52317,TRUE,FALSE
apache_airflow,52316,FALSE,TRUE
apache_airflow,52314,FALSE,TRUE
apache_airflow,52312,TRUE,TRUE
apache_airflow,52310,FALSE,FALSE
apache_airflow,52309,TRUE,FALSE
apache_airflow,52308,TRUE,FALSE
apache_airflow,52307,FALSE,FALSE
apache_airflow,52306,TRUE,FALSE
apache_airflow,52305,TRUE,FALSE
apache_airflow,52304,FALSE,TRUE
apache_airflow,52303,TRUE,TRUE
apache_airflow,52302,TRUE,TRUE
apache_airflow,52300,TRUE,FALSE
apache_airflow,52299,TRUE,FALSE
apache_airflow,52298,FALSE,FALSE
apache_airflow,52297,FALSE,TRUE
apache_airflow,52296,TRUE,TRUE
apache_airflow,52295,TRUE,TRUE
apache_airflow,52294,FALSE,FALSE
apache_airflow,52293,TRUE,TRUE
apache_airflow,52292,TRUE,TRUE
apache_airflow,52291,FALSE,TRUE
apache_airflow,52290,FALSE,TRUE
apache_airflow,52288,TRUE,TRUE
apache_airflow,52287,TRUE,TRUE
apache_airflow,52285,FALSE,TRUE
apache_airflow,52283,FALSE,FALSE
apache_airflow,52281,TRUE,FALSE
apache_airflow,52274,TRUE,TRUE
apache_airflow,52271,TRUE,FALSE
apache_airflow,52269,TRUE,FALSE
apache_airflow,52268,TRUE,FALSE
apache_airflow,52266,FALSE,TRUE
apache_airflow,52265,TRUE,TRUE
apache_airflow,52263,FALSE,FALSE
apache_airflow,52262,TRUE,TRUE
apache_airflow,52261,FALSE,FALSE
apache_airflow,52259,FALSE,FALSE
apache_airflow,52258,TRUE,FALSE
apache_airflow,52257,FALSE,TRUE
apache_airflow,52256,FALSE,TRUE
apache_airflow,52255,TRUE,TRUE
apache_airflow,52253,TRUE,TRUE
apache_airflow,52252,TRUE,TRUE
apache_airflow,52249,TRUE,TRUE
apache_airflow,52246,FALSE,TRUE
apache_airflow,52244,TRUE,FALSE
apache_airflow,52243,TRUE,TRUE
apache_airflow,52241,TRUE,TRUE
apache_airflow,52239,TRUE,FALSE
apache_airflow,52237,FALSE,TRUE
apache_airflow,52235,TRUE,FALSE
apache_airflow,52234,TRUE,TRUE
apache_airflow,52233,TRUE,TRUE
apache_airflow,52232,FALSE,TRUE
apache_airflow,52231,FALSE,TRUE
apache_airflow,52229,FALSE,TRUE
apache_airflow,52228,TRUE,TRUE
apache_airflow,52227,TRUE,FALSE
apache_airflow,52225,FALSE,TRUE
apache_airflow,52224,TRUE,TRUE
apache_airflow,52223,FALSE,TRUE
apache_airflow,52222,TRUE,FALSE
apache_airflow,52221,FALSE,TRUE
apache_airflow,52220,FALSE,TRUE
apache_airflow,52218,TRUE,TRUE
apache_airflow,52217,FALSE,TRUE
apache_airflow,52216,FALSE,TRUE
apache_airflow,52214,FALSE,TRUE
apache_airflow,52213,TRUE,FALSE
apache_airflow,52212,FALSE,TRUE
apache_airflow,52211,TRUE,TRUE
apache_airflow,52210,FALSE,TRUE
apache_airflow,52200,FALSE,FALSE
apache_airflow,52198,TRUE,FALSE
apache_airflow,52197,FALSE,FALSE
apache_airflow,52196,FALSE,FALSE
apache_airflow,52195,FALSE,TRUE
apache_airflow,52194,FALSE,FALSE
apache_airflow,52193,FALSE,TRUE
apache_airflow,52192,TRUE,FALSE
apache_airflow,52190,FALSE,FALSE
apache_airflow,52189,FALSE,TRUE
apache_airflow,52188,FALSE,FALSE
apache_airflow,52187,FALSE,TRUE
apache_airflow,52186,FALSE,TRUE
apache_airflow,52185,TRUE,TRUE
apache_airflow,52184,TRUE,TRUE
apache_airflow,52183,FALSE,TRUE
apache_airflow,52182,TRUE,TRUE
apache_airflow,52181,FALSE,TRUE
apache_airflow,52180,FALSE,TRUE
apache_airflow,52179,FALSE,TRUE
apache_airflow,52178,FALSE,TRUE
apache_airflow,52177,TRUE,TRUE
apache_airflow,52176,TRUE,TRUE
apache_airflow,52175,FALSE,TRUE
apache_airflow,52174,FALSE,FALSE
apache_airflow,52173,FALSE,TRUE
apache_airflow,52172,FALSE,FALSE
apache_airflow,52171,TRUE,FALSE
apache_airflow,52170,FALSE,TRUE
apache_airflow,52169,FALSE,TRUE
apache_airflow,52168,FALSE,TRUE
apache_airflow,52167,FALSE,FALSE
apache_airflow,52166,TRUE,FALSE
apache_airflow,52165,TRUE,FALSE
apache_airflow,52164,TRUE,TRUE
apache_airflow,52163,TRUE,FALSE
apache_airflow,52162,TRUE,TRUE
apache_airflow,52161,TRUE,TRUE
apache_airflow,52160,FALSE,FALSE
apache_airflow,52157,TRUE,TRUE
apache_airflow,52154,TRUE,TRUE
apache_airflow,52153,TRUE,FALSE
apache_airflow,52151,FALSE,FALSE
apache_airflow,52150,TRUE,FALSE
apache_airflow,52149,FALSE,FALSE
apache_airflow,52148,FALSE,FALSE
apache_airflow,52146,TRUE,FALSE
apache_airflow,52144,FALSE,TRUE
apache_airflow,52140,TRUE,FALSE
apache_airflow,52139,TRUE,FALSE
apache_airflow,52138,FALSE,TRUE
apache_airflow,52137,TRUE,FALSE
apache_airflow,52136,FALSE,TRUE
apache_airflow,52135,FALSE,FALSE
apache_airflow,52134,TRUE,FALSE
apache_airflow,52133,TRUE,FALSE
apache_airflow,52132,FALSE,FALSE
apache_airflow,52130,FALSE,TRUE
apache_airflow,52129,TRUE,TRUE
apache_airflow,52128,FALSE,FALSE
apache_airflow,52126,FALSE,FALSE
apache_airflow,52125,FALSE,FALSE
apache_airflow,52124,TRUE,TRUE
apache_airflow,52121,TRUE,TRUE
apache_airflow,52120,TRUE,FALSE
apache_airflow,52119,TRUE,TRUE
apache_airflow,52118,TRUE,FALSE
apache_airflow,52117,FALSE,TRUE
apache_airflow,52116,FALSE,TRUE
apache_airflow,52114,FALSE,FALSE
apache_airflow,52113,FALSE,FALSE
apache_airflow,52112,TRUE,TRUE
apache_airflow,52110,FALSE,FALSE
apache_airflow,52109,FALSE,FALSE
apache_airflow,52108,FALSE,TRUE
apache_airflow,52107,TRUE,FALSE
apache_airflow,52105,TRUE,FALSE
apache_airflow,52104,TRUE,FALSE
apache_airflow,52102,TRUE,FALSE
apache_airflow,52101,FALSE,FALSE
apache_airflow,52100,TRUE,TRUE
apache_airflow,52099,TRUE,FALSE
apache_airflow,52098,TRUE,FALSE
apache_airflow,52097,TRUE,FALSE
apache_airflow,52096,FALSE,FALSE
apache_airflow,52095,FALSE,FALSE
apache_airflow,52093,TRUE,FALSE
apache_airflow,52092,FALSE,TRUE
apache_airflow,52091,TRUE,TRUE
apache_airflow,52090,FALSE,TRUE
apache_airflow,52089,TRUE,TRUE
apache_airflow,52088,FALSE,TRUE
apache_airflow,52087,FALSE,TRUE
apache_airflow,52086,TRUE,TRUE
apache_airflow,52085,TRUE,FALSE
apache_airflow,52084,TRUE,TRUE
apache_airflow,52083,FALSE,TRUE
apache_airflow,52082,FALSE,FALSE
apache_airflow,52081,TRUE,FALSE
apache_airflow,52080,TRUE,FALSE
apache_airflow,52078,FALSE,FALSE
apache_airflow,52077,TRUE,FALSE
apache_airflow,52076,TRUE,FALSE
apache_airflow,52075,FALSE,FALSE
apache_airflow,52074,TRUE,TRUE
apache_airflow,52073,TRUE,FALSE
apache_airflow,52072,TRUE,TRUE
apache_airflow,52071,TRUE,FALSE
apache_airflow,52070,FALSE,FALSE
apache_airflow,52069,TRUE,FALSE
apache_airflow,52068,FALSE,FALSE
apache_airflow,52067,TRUE,FALSE
apache_airflow,52066,TRUE,TRUE
apache_airflow,52065,TRUE,FALSE
apache_airflow,52064,TRUE,FALSE
apache_airflow,52063,TRUE,FALSE
apache_airflow,52062,TRUE,FALSE
apache_airflow,52061,TRUE,FALSE
apache_airflow,52060,FALSE,FALSE
apache_airflow,52059,TRUE,FALSE
apache_airflow,52058,TRUE,FALSE
apache_airflow,52057,TRUE,FALSE
apache_airflow,52055,TRUE,TRUE
apache_airflow,52054,TRUE,FALSE
apache_airflow,52053,TRUE,TRUE
apache_airflow,52052,TRUE,FALSE
apache_airflow,52050,TRUE,TRUE
apache_airflow,52049,TRUE,FALSE
apache_airflow,52048,TRUE,FALSE
apache_airflow,52047,TRUE,FALSE
apache_airflow,52046,FALSE,FALSE
apache_airflow,52045,TRUE,FALSE
apache_airflow,52044,TRUE,FALSE
apache_airflow,52043,TRUE,FALSE
apache_airflow,52042,TRUE,FALSE
apache_airflow,52041,TRUE,FALSE
apache_airflow,52039,TRUE,FALSE
apache_airflow,52038,TRUE,FALSE
apache_airflow,52037,TRUE,FALSE
apache_airflow,52036,FALSE,TRUE
apache_airflow,52035,TRUE,FALSE
apache_airflow,52034,TRUE,TRUE
apache_airflow,52033,TRUE,FALSE
apache_airflow,52032,FALSE,TRUE
apache_airflow,52031,TRUE,FALSE
apache_airflow,52030,TRUE,FALSE
apache_airflow,52029,TRUE,FALSE
apache_airflow,52028,TRUE,FALSE
apache_airflow,52027,TRUE,FALSE
apache_airflow,52026,FALSE,FALSE
apache_airflow,52025,TRUE,FALSE
apache_airflow,52024,TRUE,FALSE
apache_airflow,52023,FALSE,FALSE
apache_airflow,52022,TRUE,FALSE
apache_airflow,52021,FALSE,FALSE
apache_airflow,52019,TRUE,TRUE
apache_airflow,52017,TRUE,TRUE
apache_airflow,52016,FALSE,FALSE
apache_airflow,52015,TRUE,TRUE
apache_airflow,52014,FALSE,FALSE
apache_airflow,52013,TRUE,TRUE
apache_airflow,52012,TRUE,TRUE
apache_airflow,52010,FALSE,FALSE
apache_airflow,52009,TRUE,TRUE
apache_airflow,52007,FALSE,FALSE
apache_airflow,52004,FALSE,FALSE
apache_airflow,52003,FALSE,FALSE
apache_airflow,52002,TRUE,TRUE
apache_airflow,52001,TRUE,TRUE
apache_airflow,52000,TRUE,TRUE
apache_airflow,51999,TRUE,TRUE
apache_airflow,51998,TRUE,TRUE
apache_airflow,51997,FALSE,FALSE
apache_airflow,51996,FALSE,TRUE
apache_airflow,51995,TRUE,TRUE
apache_airflow,51994,FALSE,TRUE
apache_airflow,51992,FALSE,TRUE
apache_airflow,51991,TRUE,TRUE
apache_airflow,51990,FALSE,FALSE
apache_airflow,51989,FALSE,FALSE
apache_airflow,51988,FALSE,FALSE
apache_airflow,51987,FALSE,TRUE
apache_airflow,51986,TRUE,FALSE
apache_airflow,51985,FALSE,FALSE
apache_airflow,51983,FALSE,TRUE
apache_airflow,51982,FALSE,FALSE
apache_airflow,51981,FALSE,TRUE
apache_airflow,51980,FALSE,FALSE
apache_airflow,51976,FALSE,TRUE
apache_airflow,51974,FALSE,FALSE
apache_airflow,51973,FALSE,TRUE
apache_airflow,51970,TRUE,TRUE
apache_airflow,51968,FALSE,TRUE
apache_airflow,51965,TRUE,TRUE
apache_airflow,51963,TRUE,FALSE
apache_airflow,51961,FALSE,FALSE
apache_airflow,51958,TRUE,TRUE
apache_airflow,51957,TRUE,FALSE
apache_airflow,51956,TRUE,TRUE
apache_airflow,51953,TRUE,TRUE
apache_airflow,51952,TRUE,TRUE
apache_airflow,51951,FALSE,TRUE
apache_airflow,51949,FALSE,FALSE
apache_airflow,51948,FALSE,TRUE
apache_airflow,51946,FALSE,TRUE
apache_airflow,51945,FALSE,FALSE
apache_airflow,51943,FALSE,TRUE
apache_airflow,51942,FALSE,FALSE
apache_airflow,51941,FALSE,FALSE
apache_airflow,51940,FALSE,TRUE
apache_airflow,51939,TRUE,TRUE
apache_airflow,51937,TRUE,TRUE
apache_airflow,51936,TRUE,TRUE
apache_airflow,51934,TRUE,TRUE
apache_airflow,51933,FALSE,FALSE
apache_airflow,51932,TRUE,TRUE
apache_airflow,51931,TRUE,FALSE
apache_airflow,51930,TRUE,FALSE
apache_airflow,51928,TRUE,FALSE
apache_airflow,51927,TRUE,FALSE
apache_airflow,51926,TRUE,TRUE
apache_airflow,51925,FALSE,FALSE
apache_airflow,51924,TRUE,TRUE
apache_airflow,51923,TRUE,FALSE
apache_airflow,51922,TRUE,FALSE
apache_airflow,51921,TRUE,TRUE
apache_airflow,51920,TRUE,TRUE
apache_airflow,51919,FALSE,TRUE
apache_airflow,51917,FALSE,TRUE
apache_airflow,51916,TRUE,FALSE
apache_airflow,51913,TRUE,TRUE
apache_airflow,51912,FALSE,FALSE
apache_airflow,51911,FALSE,TRUE
apache_airflow,51908,TRUE,TRUE
apache_airflow,51905,FALSE,FALSE
apache_airflow,51904,TRUE,TRUE
apache_airflow,51902,FALSE,FALSE
apache_airflow,51901,TRUE,TRUE
apache_airflow,51900,FALSE,TRUE
apache_airflow,51899,FALSE,FALSE
apache_airflow,51898,FALSE,FALSE
apache_airflow,51897,FALSE,FALSE
apache_airflow,51896,FALSE,FALSE
apache_airflow,51895,FALSE,TRUE
apache_airflow,51894,FALSE,TRUE
apache_airflow,51893,TRUE,TRUE
apache_airflow,51892,FALSE,TRUE
apache_airflow,51891,FALSE,FALSE
apache_airflow,51890,FALSE,TRUE
apache_airflow,51889,TRUE,TRUE
apache_airflow,51888,FALSE,TRUE
apache_airflow,51885,FALSE,TRUE
apache_airflow,51880,TRUE,TRUE
apache_airflow,51876,TRUE,FALSE
apache_airflow,51873,TRUE,TRUE
apache_airflow,51872,TRUE,FALSE
apache_airflow,51871,FALSE,TRUE
apache_airflow,51870,TRUE,FALSE
apache_airflow,51864,FALSE,TRUE
apache_airflow,51863,FALSE,FALSE
apache_airflow,51860,FALSE,FALSE
apache_airflow,51859,FALSE,FALSE
apache_airflow,51858,FALSE,TRUE
apache_airflow,51856,FALSE,FALSE
apache_airflow,51853,FALSE,TRUE
apache_airflow,51852,FALSE,FALSE
apache_airflow,51851,FALSE,FALSE
apache_airflow,51850,TRUE,TRUE
apache_airflow,51849,FALSE,TRUE
apache_airflow,51848,FALSE,FALSE
apache_airflow,51847,FALSE,TRUE
apache_airflow,51846,FALSE,FALSE
apache_airflow,51845,TRUE,TRUE
apache_airflow,51844,FALSE,FALSE
apache_airflow,51843,FALSE,FALSE
apache_airflow,51842,FALSE,FALSE
apache_airflow,51839,FALSE,TRUE
apache_airflow,51838,FALSE,FALSE
apache_airflow,51837,FALSE,FALSE
apache_airflow,51835,FALSE,TRUE
apache_airflow,51834,FALSE,TRUE
apache_airflow,51832,FALSE,FALSE
apache_airflow,51831,FALSE,TRUE
apache_airflow,51829,TRUE,FALSE
apache_airflow,51828,TRUE,FALSE
apache_airflow,51827,FALSE,FALSE
apache_airflow,51826,FALSE,TRUE
apache_airflow,51825,FALSE,FALSE
apache_airflow,51824,FALSE,FALSE
apache_airflow,51822,FALSE,FALSE
apache_airflow,51817,FALSE,FALSE
apache_airflow,51815,FALSE,FALSE
apache_airflow,51814,TRUE,FALSE
apache_airflow,51812,FALSE,TRUE
apache_airflow,51807,TRUE,TRUE
apache_airflow,51806,FALSE,FALSE
apache_airflow,51805,TRUE,TRUE
apache_airflow,51804,FALSE,FALSE
apache_airflow,51802,FALSE,FALSE
apache_airflow,51800,TRUE,TRUE
apache_airflow,51799,TRUE,FALSE
apache_airflow,51798,FALSE,TRUE
apache_airflow,51797,FALSE,FALSE
apache_airflow,51796,FALSE,TRUE
apache_airflow,51795,FALSE,TRUE
apache_airflow,51794,FALSE,FALSE
apache_airflow,51793,FALSE,TRUE
apache_airflow,51790,FALSE,TRUE
apache_airflow,51787,TRUE,FALSE
apache_airflow,51786,FALSE,TRUE
apache_airflow,51785,FALSE,FALSE
apache_airflow,51784,FALSE,TRUE
apache_airflow,51783,FALSE,FALSE
apache_airflow,51782,FALSE,TRUE
apache_airflow,51780,TRUE,TRUE
apache_airflow,51779,FALSE,TRUE
apache_airflow,51778,TRUE,TRUE
apache_airflow,51776,TRUE,FALSE
apache_airflow,51774,TRUE,TRUE
apache_airflow,51773,FALSE,TRUE
apache_airflow,51769,FALSE,TRUE
apache_airflow,51768,FALSE,FALSE
apache_airflow,51767,FALSE,FALSE
apache_airflow,51766,FALSE,FALSE
apache_airflow,51765,FALSE,FALSE
apache_airflow,51764,FALSE,TRUE
apache_airflow,51763,FALSE,TRUE
apache_airflow,51762,FALSE,TRUE
apache_airflow,51760,FALSE,TRUE
apache_airflow,51759,FALSE,FALSE
apache_airflow,51757,FALSE,TRUE
apache_airflow,51756,TRUE,TRUE
apache_airflow,51755,FALSE,TRUE
apache_airflow,51753,FALSE,FALSE
apache_airflow,51752,TRUE,FALSE
apache_airflow,51751,FALSE,TRUE
apache_airflow,51749,TRUE,FALSE
apache_airflow,51748,FALSE,FALSE
apache_airflow,51747,FALSE,FALSE
apache_airflow,51746,TRUE,TRUE
apache_airflow,51745,FALSE,FALSE
apache_airflow,51744,FALSE,TRUE
apache_airflow,51743,FALSE,FALSE
apache_airflow,51742,FALSE,FALSE
apache_airflow,51740,FALSE,FALSE
apache_airflow,51738,TRUE,TRUE
apache_airflow,51737,TRUE,FALSE
apache_airflow,51736,FALSE,FALSE
apache_airflow,51735,TRUE,TRUE
apache_airflow,51734,TRUE,TRUE
apache_airflow,51733,TRUE,TRUE
apache_airflow,51732,FALSE,FALSE
apache_airflow,51730,FALSE,FALSE
apache_airflow,51729,TRUE,TRUE
apache_airflow,51728,FALSE,FALSE
apache_airflow,51727,TRUE,FALSE
apache_airflow,51726,FALSE,FALSE
apache_airflow,51725,TRUE,TRUE
apache_airflow,51724,TRUE,TRUE
apache_airflow,51723,FALSE,TRUE
apache_airflow,51722,FALSE,FALSE
apache_airflow,51721,FALSE,FALSE
apache_airflow,51720,TRUE,TRUE
apache_airflow,51719,TRUE,TRUE
apache_airflow,51718,TRUE,TRUE
apache_airflow,51717,FALSE,TRUE
apache_airflow,51716,FALSE,TRUE
apache_airflow,51715,FALSE,FALSE
apache_airflow,51714,FALSE,FALSE
apache_airflow,51713,FALSE,TRUE
apache_airflow,51710,FALSE,TRUE
apache_airflow,51709,TRUE,FALSE
apache_airflow,51708,FALSE,TRUE
apache_airflow,51707,TRUE,FALSE
apache_airflow,51706,FALSE,TRUE
apache_airflow,51705,FALSE,FALSE
apache_airflow,51704,FALSE,FALSE
apache_airflow,51703,FALSE,FALSE
apache_airflow,51702,FALSE,FALSE
apache_airflow,51701,FALSE,TRUE
apache_airflow,51700,FALSE,FALSE
apache_airflow,51699,TRUE,TRUE
apache_airflow,51698,TRUE,TRUE
apache_airflow,51696,FALSE,TRUE
apache_airflow,51695,FALSE,TRUE
apache_airflow,51694,FALSE,TRUE
apache_airflow,51693,TRUE,TRUE
apache_airflow,51692,TRUE,TRUE
apache_airflow,51691,TRUE,TRUE
apache_airflow,51690,TRUE,TRUE
apache_airflow,51689,FALSE,TRUE
apache_airflow,51688,FALSE,FALSE
apache_airflow,51683,TRUE,TRUE
apache_airflow,51682,FALSE,FALSE
apache_airflow,51679,FALSE,TRUE
apache_airflow,51678,TRUE,FALSE
apache_airflow,51677,FALSE,TRUE
apache_airflow,51676,FALSE,TRUE
apache_airflow,51675,FALSE,TRUE
apache_airflow,51674,FALSE,TRUE
apache_airflow,51673,FALSE,TRUE
apache_airflow,51670,FALSE,TRUE
apache_airflow,51669,TRUE,TRUE
apache_airflow,51668,TRUE,TRUE
apache_airflow,51667,FALSE,TRUE
apache_airflow,51666,FALSE,TRUE
apache_airflow,51665,FALSE,FALSE
apache_airflow,51664,FALSE,FALSE
apache_airflow,51661,FALSE,FALSE
apache_airflow,51658,FALSE,TRUE
apache_airflow,51657,TRUE,TRUE
apache_airflow,51656,FALSE,TRUE
apache_airflow,51655,FALSE,TRUE
apache_airflow,51654,FALSE,TRUE
apache_airflow,51650,FALSE,TRUE
apache_airflow,51649,FALSE,TRUE
apache_airflow,51648,FALSE,FALSE
apache_airflow,51647,TRUE,TRUE
apache_airflow,51646,TRUE,TRUE
apache_airflow,51645,FALSE,FALSE
apache_airflow,51643,FALSE,TRUE
apache_airflow,51642,FALSE,FALSE
apache_airflow,51641,FALSE,TRUE
apache_airflow,51639,FALSE,FALSE
apache_airflow,51638,TRUE,TRUE
apache_airflow,51637,FALSE,FALSE
apache_airflow,51636,FALSE,FALSE
apache_airflow,51635,TRUE,TRUE
apache_airflow,51634,FALSE,FALSE
apache_airflow,51633,FALSE,FALSE
apache_airflow,51631,FALSE,FALSE
apache_airflow,51630,FALSE,TRUE
apache_airflow,51627,FALSE,TRUE
apache_airflow,51626,FALSE,TRUE
apache_airflow,51625,FALSE,TRUE
apache_airflow,51623,FALSE,FALSE
apache_airflow,51622,TRUE,TRUE
apache_airflow,51621,FALSE,FALSE
apache_airflow,51620,TRUE,TRUE
apache_airflow,51619,FALSE,FALSE
apache_airflow,51617,TRUE,TRUE
apache_airflow,51616,FALSE,FALSE
apache_airflow,51615,FALSE,FALSE
apache_airflow,51613,FALSE,TRUE
apache_airflow,51612,FALSE,TRUE
apache_airflow,51611,FALSE,TRUE
apache_airflow,51609,FALSE,FALSE
apache_airflow,51606,FALSE,FALSE
apache_airflow,51605,FALSE,FALSE
apache_airflow,51604,FALSE,FALSE
apache_airflow,51603,FALSE,FALSE
apache_airflow,51602,FALSE,FALSE
apache_airflow,51601,FALSE,FALSE
apache_airflow,51599,FALSE,TRUE
apache_airflow,51595,FALSE,TRUE
apache_airflow,51594,FALSE,FALSE
apache_airflow,51593,FALSE,TRUE
apache_airflow,51592,TRUE,TRUE
apache_airflow,51588,FALSE,FALSE
apache_airflow,51587,FALSE,FALSE
apache_airflow,51586,FALSE,FALSE
apache_airflow,51585,TRUE,TRUE
apache_airflow,51584,FALSE,TRUE
apache_airflow,51582,TRUE,TRUE
apache_airflow,51581,FALSE,TRUE
apache_airflow,51580,FALSE,FALSE
apache_airflow,51579,TRUE,TRUE
apache_airflow,51578,FALSE,TRUE
apache_airflow,51577,FALSE,TRUE
apache_airflow,51577,FALSE,TRUE
apache_airflow,51576,TRUE,TRUE
apache_airflow,51574,FALSE,FALSE
apache_airflow,51573,FALSE,FALSE
apache_airflow,51572,TRUE,FALSE
apache_airflow,51571,FALSE,FALSE
apache_airflow,51570,FALSE,TRUE
apache_airflow,51568,TRUE,TRUE
apache_airflow,51567,FALSE,TRUE
apache_airflow,51565,FALSE,TRUE
apache_airflow,51560,FALSE,TRUE
apache_airflow,51559,FALSE,TRUE
apache_airflow,51558,TRUE,TRUE
apache_airflow,51557,FALSE,TRUE
apache_airflow,51556,TRUE,TRUE
apache_airflow,51548,FALSE,FALSE
apache_airflow,51543,FALSE,TRUE
apache_airflow,51542,TRUE,TRUE
apache_airflow,51541,FALSE,TRUE
apache_airflow,51540,FALSE,TRUE
apache_airflow,51539,FALSE,TRUE
apache_airflow,51537,FALSE,TRUE
apache_airflow,51536,FALSE,FALSE
apache_airflow,51535,TRUE,TRUE
apache_airflow,51533,FALSE,FALSE
apache_airflow,51532,FALSE,TRUE
apache_airflow,51531,FALSE,FALSE
apache_airflow,51530,TRUE,TRUE
apache_airflow,51529,FALSE,TRUE
apache_airflow,51528,FALSE,TRUE
apache_airflow,51527,TRUE,FALSE
apache_airflow,51523,TRUE,FALSE
apache_airflow,51517,FALSE,TRUE
apache_airflow,51516,FALSE,TRUE
apache_airflow,51515,TRUE,FALSE
apache_airflow,51514,TRUE,TRUE
apache_airflow,51513,FALSE,TRUE
apache_airflow,51511,TRUE,TRUE
apache_airflow,51510,TRUE,TRUE
apache_airflow,51509,TRUE,TRUE
apache_airflow,51508,FALSE,FALSE
apache_airflow,51507,FALSE,TRUE
apache_airflow,51506,TRUE,TRUE
apache_airflow,51505,TRUE,FALSE
apache_airflow,51504,FALSE,TRUE
apache_airflow,51503,TRUE,TRUE
apache_airflow,51502,FALSE,FALSE
apache_airflow,51501,TRUE,TRUE
apache_airflow,51500,TRUE,TRUE
apache_airflow,51498,FALSE,TRUE
apache_airflow,51497,FALSE,FALSE
apache_airflow,51496,FALSE,TRUE
apache_airflow,51495,TRUE,TRUE
apache_airflow,51494,TRUE,TRUE
apache_airflow,51493,FALSE,TRUE
apache_airflow,51492,FALSE,TRUE
apache_airflow,51491,TRUE,TRUE
apache_airflow,51490,FALSE,FALSE
apache_airflow,51489,TRUE,TRUE
apache_airflow,51488,FALSE,FALSE
apache_airflow,51486,TRUE,TRUE
apache_airflow,51485,FALSE,FALSE
apache_airflow,51484,TRUE,TRUE
apache_airflow,51482,TRUE,TRUE
apache_airflow,51481,TRUE,TRUE
apache_airflow,51480,FALSE,FALSE
apache_airflow,51479,TRUE,TRUE
apache_airflow,51477,TRUE,FALSE
apache_airflow,51476,FALSE,TRUE
apache_airflow,51475,TRUE,TRUE
apache_airflow,51474,FALSE,FALSE
apache_airflow,51473,TRUE,TRUE
apache_airflow,51472,FALSE,TRUE
apache_airflow,51471,FALSE,FALSE
apache_airflow,51470,TRUE,TRUE
apache_airflow,51469,TRUE,TRUE
apache_airflow,51467,TRUE,FALSE
apache_airflow,51466,TRUE,FALSE
apache_airflow,51465,TRUE,TRUE
apache_airflow,51464,TRUE,TRUE
apache_airflow,51463,TRUE,TRUE
apache_airflow,51462,TRUE,TRUE
apache_airflow,51461,TRUE,TRUE
apache_airflow,51460,FALSE,FALSE
apache_airflow,51459,FALSE,FALSE
apache_airflow,51458,TRUE,FALSE
apache_airflow,51454,TRUE,FALSE
apache_airflow,51452,FALSE,FALSE
apache_airflow,51449,FALSE,TRUE
apache_airflow,51447,FALSE,FALSE
apache_airflow,51446,FALSE,TRUE
apache_airflow,51445,FALSE,FALSE
apache_airflow,51444,FALSE,TRUE
apache_airflow,51443,TRUE,TRUE
apache_airflow,51441,FALSE,TRUE
apache_airflow,51440,FALSE,FALSE
apache_airflow,51438,FALSE,FALSE
apache_airflow,51437,FALSE,TRUE
apache_airflow,51436,FALSE,FALSE
apache_airflow,51435,FALSE,TRUE
apache_airflow,51434,FALSE,FALSE
apache_airflow,51433,FALSE,TRUE
apache_airflow,51432,FALSE,TRUE
apache_airflow,51431,FALSE,TRUE
apache_airflow,51430,FALSE,TRUE
apache_airflow,51427,FALSE,FALSE
apache_airflow,51426,FALSE,FALSE
apache_airflow,51425,TRUE,TRUE
apache_airflow,51424,TRUE,TRUE
apache_airflow,51423,FALSE,FALSE
apache_airflow,51421,FALSE,FALSE
apache_airflow,51419,TRUE,FALSE
apache_airflow,51418,FALSE,TRUE
apache_airflow,51417,FALSE,TRUE
apache_airflow,51415,FALSE,TRUE
apache_airflow,51414,TRUE,TRUE
apache_airflow,51413,TRUE,FALSE
apache_airflow,51412,TRUE,TRUE
apache_airflow,51411,FALSE,FALSE
apache_airflow,51410,TRUE,TRUE
apache_airflow,51409,FALSE,FALSE
apache_airflow,51408,FALSE,FALSE
apache_airflow,51407,FALSE,FALSE
apache_airflow,51406,TRUE,TRUE
apache_airflow,51405,FALSE,FALSE
apache_airflow,51404,TRUE,TRUE
apache_airflow,51403,TRUE,TRUE
apache_airflow,51401,TRUE,TRUE
apache_airflow,51400,TRUE,FALSE
apache_airflow,51399,TRUE,FALSE
apache_airflow,51398,FALSE,TRUE
apache_airflow,51397,TRUE,TRUE
apache_airflow,51396,TRUE,TRUE
apache_airflow,51394,TRUE,FALSE
apache_airflow,51393,FALSE,TRUE
apache_airflow,51392,FALSE,FALSE
apache_airflow,51390,FALSE,FALSE
apache_airflow,51388,TRUE,FALSE
apache_airflow,51386,FALSE,TRUE
apache_airflow,51385,FALSE,TRUE
apache_airflow,51384,FALSE,FALSE
apache_airflow,51383,TRUE,TRUE
apache_airflow,51380,FALSE,FALSE
apache_airflow,51379,FALSE,FALSE
apache_airflow,51376,FALSE,TRUE
apache_airflow,51375,FALSE,FALSE
apache_airflow,51374,FALSE,FALSE
apache_airflow,51373,FALSE,FALSE
apache_airflow,51369,FALSE,TRUE
apache_airflow,51368,FALSE,FALSE
apache_airflow,51366,TRUE,FALSE
apache_airflow,51365,TRUE,TRUE
apache_airflow,51364,TRUE,TRUE
apache_airflow,51363,FALSE,TRUE
apache_airflow,51359,TRUE,FALSE
apache_airflow,51358,TRUE,TRUE
apache_airflow,51357,TRUE,TRUE
apache_airflow,51356,TRUE,FALSE
apache_airflow,51355,FALSE,FALSE
apache_airflow,51354,FALSE,FALSE
apache_airflow,51352,FALSE,TRUE
apache_airflow,51349,TRUE,FALSE
apache_airflow,51347,TRUE,TRUE
apache_airflow,51346,FALSE,TRUE
apache_airflow,51345,FALSE,TRUE
apache_airflow,51344,TRUE,TRUE
apache_airflow,51343,FALSE,TRUE
apache_airflow,51342,FALSE,FALSE
apache_airflow,51341,TRUE,TRUE
apache_airflow,51340,FALSE,FALSE
apache_airflow,51338,FALSE,FALSE
apache_airflow,51336,FALSE,TRUE
apache_airflow,51335,FALSE,FALSE
apache_airflow,51334,FALSE,FALSE
apache_airflow,51333,FALSE,TRUE
apache_airflow,51332,FALSE,FALSE
apache_airflow,51331,FALSE,FALSE
apache_airflow,51330,FALSE,TRUE
apache_airflow,51329,TRUE,TRUE
apache_airflow,51328,FALSE,FALSE
apache_airflow,51327,FALSE,FALSE
apache_airflow,51326,TRUE,TRUE
apache_airflow,51324,FALSE,TRUE
apache_airflow,51323,FALSE,TRUE
apache_airflow,51322,TRUE,TRUE
apache_airflow,51319,FALSE,FALSE
apache_airflow,51318,TRUE,TRUE
apache_airflow,51317,FALSE,FALSE
apache_airflow,51314,TRUE,FALSE
apache_airflow,51313,TRUE,FALSE
apache_airflow,51312,FALSE,FALSE
apache_airflow,51311,FALSE,FALSE
apache_airflow,51308,FALSE,FALSE
apache_airflow,51306,TRUE,FALSE
apache_airflow,51305,TRUE,TRUE
apache_airflow,51303,TRUE,TRUE
apache_airflow,51300,FALSE,TRUE
apache_airflow,51298,TRUE,TRUE
apache_airflow,51297,TRUE,FALSE
apache_airflow,51295,TRUE,TRUE
apache_airflow,51293,FALSE,FALSE
apache_airflow,51292,FALSE,FALSE
apache_airflow,51291,FALSE,TRUE
apache_airflow,51290,TRUE,FALSE
apache_airflow,51289,TRUE,FALSE
apache_airflow,51288,FALSE,TRUE
apache_airflow,51287,FALSE,FALSE
apache_airflow,51286,FALSE,TRUE
apache_airflow,51285,FALSE,TRUE
apache_airflow,51281,FALSE,FALSE
apache_airflow,51279,TRUE,TRUE
apache_airflow,51278,FALSE,FALSE
apache_airflow,51277,TRUE,FALSE
apache_airflow,51276,FALSE,TRUE
apache_airflow,51275,TRUE,TRUE
apache_airflow,51274,TRUE,FALSE
apache_airflow,51273,FALSE,TRUE
apache_airflow,51272,FALSE,TRUE
apache_airflow,51271,FALSE,FALSE
apache_airflow,51270,FALSE,TRUE
apache_airflow,51269,FALSE,TRUE
apache_airflow,51268,TRUE,TRUE
apache_airflow,51266,FALSE,TRUE
apache_airflow,51265,TRUE,TRUE
apache_airflow,51264,TRUE,TRUE
apache_airflow,51262,TRUE,TRUE
apache_airflow,51261,FALSE,FALSE
apache_airflow,51260,TRUE,TRUE
apache_airflow,51259,FALSE,TRUE
apache_airflow,51258,FALSE,TRUE
apache_airflow,51257,TRUE,TRUE
apache_airflow,51256,TRUE,TRUE
apache_airflow,51255,TRUE,TRUE
apache_airflow,51254,FALSE,TRUE
apache_airflow,51253,TRUE,TRUE
apache_airflow,51252,FALSE,FALSE
apache_airflow,51251,FALSE,TRUE
apache_airflow,51250,FALSE,FALSE
apache_airflow,51249,FALSE,FALSE
apache_airflow,51248,FALSE,FALSE
apache_airflow,51247,FALSE,TRUE
apache_airflow,51244,FALSE,FALSE
apache_airflow,51243,TRUE,TRUE
apache_airflow,51242,FALSE,TRUE
apache_airflow,51241,TRUE,FALSE
apache_airflow,51240,TRUE,FALSE
apache_airflow,51239,FALSE,TRUE
apache_airflow,51238,TRUE,FALSE
apache_airflow,51237,FALSE,TRUE
apache_airflow,51236,TRUE,TRUE
apache_airflow,51234,TRUE,TRUE
apache_airflow,51233,FALSE,FALSE
apache_airflow,51232,FALSE,FALSE
apache_airflow,51231,FALSE,FALSE
apache_airflow,51230,FALSE,FALSE
apache_airflow,51229,TRUE,TRUE
apache_airflow,51227,FALSE,TRUE
apache_airflow,51226,FALSE,TRUE
apache_airflow,51225,TRUE,TRUE
apache_airflow,51223,TRUE,TRUE
apache_airflow,51222,TRUE,TRUE
apache_airflow,51221,TRUE,FALSE
apache_airflow,51220,TRUE,TRUE
apache_airflow,51219,FALSE,TRUE
apache_airflow,51218,FALSE,TRUE
apache_airflow,51217,FALSE,FALSE
apache_airflow,51216,FALSE,FALSE
apache_airflow,51215,FALSE,FALSE
apache_airflow,51214,TRUE,TRUE
apache_airflow,51211,FALSE,FALSE
apache_airflow,51210,FALSE,TRUE
apache_airflow,51209,FALSE,TRUE
apache_airflow,51207,TRUE,TRUE
apache_airflow,51206,FALSE,FALSE
apache_airflow,51205,FALSE,FALSE
apache_airflow,51204,FALSE,TRUE
apache_airflow,51203,TRUE,TRUE
apache_airflow,51202,TRUE,TRUE
apache_airflow,51201,FALSE,TRUE
apache_airflow,51200,FALSE,TRUE
apache_airflow,51199,TRUE,TRUE
apache_airflow,51198,TRUE,FALSE
apache_airflow,51197,TRUE,FALSE
apache_airflow,51196,TRUE,TRUE
apache_airflow,51195,FALSE,FALSE
apache_airflow,51193,TRUE,FALSE
apache_airflow,51192,TRUE,TRUE
apache_airflow,51191,TRUE,FALSE
apache_airflow,51189,TRUE,TRUE
apache_airflow,51188,FALSE,FALSE
apache_airflow,51186,FALSE,FALSE
apache_airflow,51185,FALSE,TRUE
apache_airflow,51183,FALSE,TRUE
apache_airflow,51182,TRUE,TRUE
apache_airflow,51181,TRUE,TRUE
apache_airflow,51180,TRUE,TRUE
apache_airflow,51179,FALSE,TRUE
apache_airflow,51177,FALSE,TRUE
apache_airflow,51176,TRUE,TRUE
apache_airflow,51175,FALSE,FALSE
apache_airflow,51174,TRUE,TRUE
apache_airflow,51173,FALSE,TRUE
apache_airflow,51172,TRUE,TRUE
apache_airflow,51171,TRUE,TRUE
apache_airflow,51169,FALSE,FALSE
apache_airflow,51168,FALSE,TRUE
apache_airflow,51167,TRUE,TRUE
apache_airflow,51166,FALSE,TRUE
apache_airflow,51165,FALSE,FALSE
apache_airflow,51164,TRUE,TRUE
apache_airflow,51162,FALSE,TRUE
apache_airflow,51161,FALSE,FALSE
apache_airflow,51160,FALSE,FALSE
apache_airflow,51159,FALSE,FALSE
apache_airflow,51158,TRUE,TRUE
apache_airflow,51157,FALSE,FALSE
apache_airflow,51155,FALSE,FALSE
apache_airflow,51153,TRUE,TRUE
apache_airflow,51152,FALSE,FALSE
apache_airflow,51150,FALSE,FALSE
apache_airflow,51149,FALSE,TRUE
apache_airflow,51148,FALSE,TRUE
apache_airflow,51147,FALSE,FALSE
apache_airflow,51146,TRUE,TRUE
apache_airflow,51145,TRUE,TRUE
apache_airflow,51144,TRUE,TRUE
apache_airflow,51142,FALSE,FALSE
apache_airflow,51141,FALSE,FALSE
apache_airflow,51140,FALSE,TRUE
apache_airflow,51139,TRUE,TRUE
apache_airflow,51138,TRUE,TRUE
apache_airflow,51137,FALSE,TRUE
apache_airflow,51136,FALSE,TRUE
apache_airflow,51135,TRUE,TRUE
apache_airflow,51133,TRUE,TRUE
apache_airflow,51131,FALSE,TRUE
apache_airflow,51130,FALSE,FALSE
apache_airflow,51129,TRUE,TRUE
apache_airflow,51128,FALSE,FALSE
apache_airflow,51127,TRUE,FALSE
apache_airflow,51126,FALSE,FALSE
apache_airflow,51125,TRUE,TRUE
apache_airflow,51124,FALSE,FALSE
apache_airflow,51122,FALSE,FALSE
apache_airflow,51121,FALSE,FALSE
apache_airflow,51120,FALSE,FALSE
apache_airflow,51119,FALSE,TRUE
apache_airflow,51118,FALSE,FALSE
apache_airflow,51116,TRUE,TRUE
apache_airflow,51115,TRUE,TRUE
apache_airflow,51114,FALSE,FALSE
apache_airflow,51113,FALSE,TRUE
apache_airflow,51112,FALSE,TRUE
apache_airflow,51111,TRUE,TRUE
apache_airflow,51110,FALSE,TRUE
apache_airflow,51108,TRUE,FALSE
apache_airflow,51107,TRUE,FALSE
apache_airflow,51105,TRUE,TRUE
apache_airflow,51101,TRUE,TRUE
apache_airflow,51100,FALSE,FALSE
apache_airflow,51099,FALSE,FALSE
apache_airflow,51098,TRUE,TRUE
apache_airflow,51097,TRUE,TRUE
apache_airflow,51093,FALSE,TRUE
apache_airflow,51092,FALSE,TRUE
apache_airflow,51091,FALSE,FALSE
apache_airflow,51090,FALSE,FALSE
apache_airflow,51089,FALSE,TRUE
apache_airflow,51088,FALSE,FALSE
apache_airflow,51087,FALSE,TRUE
apache_airflow,51086,FALSE,FALSE
apache_airflow,51085,TRUE,TRUE
apache_airflow,51084,TRUE,FALSE
apache_airflow,51083,FALSE,FALSE
apache_airflow,51082,TRUE,TRUE
apache_airflow,51081,TRUE,TRUE
apache_airflow,51080,TRUE,FALSE
apache_airflow,51079,FALSE,TRUE
apache_airflow,51078,FALSE,TRUE
apache_airflow,51076,FALSE,FALSE
apache_airflow,51074,TRUE,FALSE
apache_airflow,51072,FALSE,FALSE
apache_airflow,51071,TRUE,TRUE
apache_airflow,51059,TRUE,TRUE
apache_airflow,51058,FALSE,TRUE
apache_airflow,51057,TRUE,TRUE
apache_airflow,51056,TRUE,TRUE
apache_airflow,51055,TRUE,TRUE
apache_airflow,51054,FALSE,TRUE
apache_airflow,51053,FALSE,TRUE
apache_airflow,51051,FALSE,TRUE
apache_airflow,51050,FALSE,TRUE
apache_airflow,51049,FALSE,FALSE
apache_airflow,51048,FALSE,FALSE
apache_airflow,51047,TRUE,TRUE
apache_airflow,51046,FALSE,TRUE
apache_airflow,51045,TRUE,TRUE
apache_airflow,51044,TRUE,TRUE
apache_airflow,51043,TRUE,TRUE
apache_airflow,51042,FALSE,FALSE
apache_airflow,51041,FALSE,FALSE
apache_airflow,51040,FALSE,TRUE
apache_airflow,51039,TRUE,TRUE
apache_airflow,51038,FALSE,TRUE
apache_airflow,51036,FALSE,TRUE
apache_airflow,51035,TRUE,TRUE
apache_airflow,51034,FALSE,TRUE
apache_airflow,51033,FALSE,FALSE
apache_airflow,51032,FALSE,FALSE
apache_airflow,51031,FALSE,TRUE
apache_airflow,51030,TRUE,FALSE
apache_airflow,51029,TRUE,FALSE
apache_airflow,51028,FALSE,TRUE
apache_airflow,51027,TRUE,TRUE
apache_airflow,51026,TRUE,TRUE
apache_airflow,51025,FALSE,FALSE
apache_airflow,51024,FALSE,FALSE
apache_airflow,51023,TRUE,TRUE
apache_airflow,51022,TRUE,TRUE
apache_airflow,51020,TRUE,TRUE
apache_airflow,51017,FALSE,FALSE
apache_airflow,51015,FALSE,FALSE
apache_airflow,51014,FALSE,FALSE
apache_airflow,51012,FALSE,FALSE
apache_airflow,51011,FALSE,FALSE
apache_airflow,51010,FALSE,FALSE
apache_airflow,51009,TRUE,TRUE
apache_airflow,51008,FALSE,TRUE
apache_airflow,51007,FALSE,FALSE
apache_airflow,51006,TRUE,TRUE
apache_airflow,51004,FALSE,TRUE
apache_airflow,51003,TRUE,TRUE
apache_airflow,51001,FALSE,FALSE
apache_airflow,51000,FALSE,FALSE
apache_airflow,50998,TRUE,TRUE
apache_airflow,50997,FALSE,FALSE
apache_airflow,50996,FALSE,FALSE
apache_airflow,50995,FALSE,TRUE
apache_airflow,50993,TRUE,TRUE
apache_airflow,50990,FALSE,FALSE
apache_airflow,50989,FALSE,TRUE
apache_airflow,50988,FALSE,TRUE
apache_airflow,50987,TRUE,TRUE
apache_airflow,50986,FALSE,TRUE
apache_airflow,50985,FALSE,TRUE
apache_airflow,50984,TRUE,TRUE
apache_airflow,50983,FALSE,TRUE
apache_airflow,50981,FALSE,TRUE
apache_airflow,50980,TRUE,TRUE
apache_airflow,50979,TRUE,FALSE
apache_airflow,50978,FALSE,FALSE
apache_airflow,50975,FALSE,FALSE
apache_airflow,50974,FALSE,TRUE
apache_airflow,50973,TRUE,FALSE
apache_airflow,50972,FALSE,TRUE
apache_airflow,50971,FALSE,FALSE
apache_airflow,50970,FALSE,TRUE
apache_airflow,50969,FALSE,TRUE
apache_airflow,50968,TRUE,FALSE
apache_airflow,50967,FALSE,FALSE
apache_airflow,50966,FALSE,FALSE
apache_airflow,50964,TRUE,TRUE
apache_airflow,50962,FALSE,FALSE
apache_airflow,50960,TRUE,TRUE
apache_airflow,50959,TRUE,TRUE
apache_airflow,50957,FALSE,FALSE
apache_airflow,50956,FALSE,TRUE
apache_airflow,50955,TRUE,TRUE
apache_airflow,50954,FALSE,FALSE
apache_airflow,50953,TRUE,TRUE
apache_airflow,50952,TRUE,TRUE
apache_airflow,50951,FALSE,FALSE
apache_airflow,50950,TRUE,TRUE
apache_airflow,50949,TRUE,TRUE
apache_airflow,50948,FALSE,FALSE
apache_airflow,50947,FALSE,FALSE
apache_airflow,50946,TRUE,TRUE
apache_airflow,50942,FALSE,FALSE
apache_airflow,50940,TRUE,TRUE
apache_airflow,50936,FALSE,TRUE
apache_airflow,50935,FALSE,TRUE
apache_airflow,50934,FALSE,TRUE
apache_airflow,50932,FALSE,TRUE
apache_airflow,50931,TRUE,TRUE
apache_airflow,50930,FALSE,TRUE
apache_airflow,50929,FALSE,TRUE
apache_airflow,50927,TRUE,TRUE
apache_airflow,50925,FALSE,TRUE
apache_airflow,50924,TRUE,FALSE
apache_airflow,50923,TRUE,TRUE
apache_airflow,50922,FALSE,TRUE
apache_airflow,50921,TRUE,TRUE
apache_airflow,50920,FALSE,TRUE
apache_airflow,50919,TRUE,TRUE
apache_airflow,50918,FALSE,TRUE
apache_airflow,50917,TRUE,FALSE
apache_airflow,50916,TRUE,FALSE
apache_airflow,50914,FALSE,FALSE
apache_airflow,50910,TRUE,TRUE
apache_airflow,50909,FALSE,FALSE
apache_airflow,50908,TRUE,TRUE
apache_airflow,50903,TRUE,TRUE
apache_airflow,50902,FALSE,TRUE
apache_airflow,50901,FALSE,TRUE
apache_airflow,50900,TRUE,TRUE
apache_airflow,50899,TRUE,TRUE
apache_airflow,50898,TRUE,TRUE
apache_airflow,50897,FALSE,FALSE
apache_airflow,50896,TRUE,TRUE
apache_airflow,50895,TRUE,TRUE
apache_airflow,50894,TRUE,TRUE
apache_airflow,50893,FALSE,FALSE
apache_airflow,50891,TRUE,TRUE
apache_airflow,50889,TRUE,TRUE
apache_airflow,50888,FALSE,TRUE
apache_airflow,50887,FALSE,FALSE
apache_airflow,50886,TRUE,TRUE
apache_airflow,50885,FALSE,TRUE
apache_airflow,50883,FALSE,FALSE
apache_airflow,50882,FALSE,FALSE
apache_airflow,50881,FALSE,FALSE
apache_airflow,50880,TRUE,TRUE
apache_airflow,50879,FALSE,FALSE
apache_airflow,50878,FALSE,TRUE
apache_airflow,50877,TRUE,FALSE
apache_airflow,50876,FALSE,FALSE
apache_airflow,50875,TRUE,TRUE
apache_airflow,50874,TRUE,TRUE
apache_airflow,50871,FALSE,FALSE
apache_airflow,50870,FALSE,FALSE
apache_airflow,50869,FALSE,TRUE
apache_airflow,50868,FALSE,TRUE
apache_airflow,50865,FALSE,TRUE
apache_airflow,50864,TRUE,TRUE
apache_airflow,50860,FALSE,FALSE
apache_airflow,50859,FALSE,TRUE
apache_airflow,50858,FALSE,TRUE
apache_airflow,50856,FALSE,TRUE
apache_airflow,50855,FALSE,FALSE
apache_airflow,50854,FALSE,FALSE
apache_airflow,50852,TRUE,TRUE
apache_airflow,50851,FALSE,FALSE
apache_airflow,50850,TRUE,FALSE
apache_airflow,50849,FALSE,FALSE
apache_airflow,50848,TRUE,TRUE
apache_airflow,50847,FALSE,FALSE
apache_airflow,50845,FALSE,TRUE
apache_airflow,50843,TRUE,FALSE
apache_airflow,50842,FALSE,TRUE
apache_airflow,50841,TRUE,TRUE
apache_airflow,50839,TRUE,TRUE
apache_airflow,50838,FALSE,FALSE
apache_airflow,50837,TRUE,TRUE
apache_airflow,50836,FALSE,FALSE
apache_airflow,50835,FALSE,TRUE
apache_airflow,50834,FALSE,TRUE
apache_airflow,50833,TRUE,TRUE
apache_airflow,50832,TRUE,TRUE
apache_airflow,50831,TRUE,TRUE
apache_airflow,50830,FALSE,FALSE
apache_airflow,50829,FALSE,TRUE
apache_airflow,50828,FALSE,TRUE
apache_airflow,50827,TRUE,TRUE
apache_airflow,50825,TRUE,TRUE
apache_airflow,50824,FALSE,FALSE
apache_airflow,50822,FALSE,FALSE
apache_airflow,50821,TRUE,TRUE
apache_airflow,50820,FALSE,FALSE
apache_airflow,50819,FALSE,FALSE
apache_airflow,50817,FALSE,TRUE
apache_airflow,50814,FALSE,FALSE
apache_airflow,50813,FALSE,FALSE
apache_airflow,50810,FALSE,FALSE
apache_airflow,50809,TRUE,TRUE
apache_airflow,50808,TRUE,TRUE
apache_airflow,50807,FALSE,TRUE
apache_airflow,50805,FALSE,TRUE
apache_airflow,50804,FALSE,TRUE
apache_airflow,50803,TRUE,TRUE
apache_airflow,50800,TRUE,TRUE
apache_airflow,50799,FALSE,TRUE
apache_airflow,50798,FALSE,TRUE
apache_airflow,50797,TRUE,FALSE
apache_airflow,50795,FALSE,TRUE
apache_airflow,50794,FALSE,TRUE
apache_airflow,50793,FALSE,TRUE
apache_airflow,50792,FALSE,FALSE
apache_airflow,50790,FALSE,FALSE
apache_airflow,50789,FALSE,FALSE
apache_airflow,50788,FALSE,TRUE
apache_airflow,50787,FALSE,FALSE
apache_airflow,50786,FALSE,FALSE
apache_airflow,50785,FALSE,FALSE
apache_airflow,50784,TRUE,TRUE
apache_airflow,50783,FALSE,FALSE
apache_airflow,50782,TRUE,FALSE
apache_airflow,50781,FALSE,TRUE
apache_airflow,50780,FALSE,FALSE
apache_airflow,50778,FALSE,TRUE
apache_airflow,50777,FALSE,TRUE
apache_airflow,50776,FALSE,TRUE
apache_airflow,50775,TRUE,TRUE
apache_airflow,50774,TRUE,TRUE
apache_airflow,50773,TRUE,TRUE
apache_airflow,50772,FALSE,TRUE
apache_airflow,50770,FALSE,TRUE
apache_airflow,50769,FALSE,TRUE
apache_airflow,50768,FALSE,FALSE
apache_airflow,50767,FALSE,TRUE
apache_airflow,50765,FALSE,FALSE
apache_airflow,50764,FALSE,TRUE
apache_airflow,50763,TRUE,FALSE
apache_airflow,50761,TRUE,TRUE
apache_airflow,50760,TRUE,TRUE
apache_airflow,50759,FALSE,TRUE
apache_airflow,50758,FALSE,FALSE
apache_airflow,50757,FALSE,TRUE
apache_airflow,50755,FALSE,TRUE
apache_airflow,50753,FALSE,TRUE
apache_airflow,50751,TRUE,FALSE
apache_airflow,50750,TRUE,TRUE
apache_airflow,50749,TRUE,FALSE
apache_airflow,50748,FALSE,FALSE
apache_airflow,50747,FALSE,FALSE
apache_airflow,50746,TRUE,TRUE
apache_airflow,50745,FALSE,TRUE
apache_airflow,50744,TRUE,TRUE
apache_airflow,50743,FALSE,FALSE
apache_airflow,50741,TRUE,FALSE
apache_airflow,50740,FALSE,FALSE
apache_airflow,50738,TRUE,TRUE
apache_airflow,50736,FALSE,TRUE
apache_airflow,50735,TRUE,TRUE
apache_airflow,50734,FALSE,TRUE
apache_airflow,50733,FALSE,TRUE
apache_airflow,50732,FALSE,TRUE
apache_airflow,50731,TRUE,FALSE
apache_airflow,50730,FALSE,TRUE
apache_airflow,50729,TRUE,FALSE
apache_airflow,50728,FALSE,FALSE
apache_airflow,50727,FALSE,TRUE
apache_airflow,50725,FALSE,TRUE
apache_airflow,50724,FALSE,TRUE
apache_airflow,50723,FALSE,TRUE
apache_airflow,50722,FALSE,TRUE
apache_airflow,50721,FALSE,TRUE
apache_airflow,50720,FALSE,TRUE
apache_airflow,50719,FALSE,TRUE
apache_airflow,50718,FALSE,TRUE
apache_airflow,50717,FALSE,TRUE
apache_airflow,50716,FALSE,TRUE
apache_airflow,50715,TRUE,TRUE
apache_airflow,50714,FALSE,TRUE
apache_airflow,50713,FALSE,TRUE
apache_airflow,50709,FALSE,TRUE
apache_airflow,50707,FALSE,FALSE
apache_airflow,50706,FALSE,FALSE
apache_airflow,50705,TRUE,TRUE
apache_airflow,50704,TRUE,TRUE
apache_airflow,50703,FALSE,FALSE
apache_airflow,50702,FALSE,FALSE
apache_airflow,50701,FALSE,FALSE
apache_airflow,50700,FALSE,FALSE
apache_airflow,50699,FALSE,FALSE
apache_airflow,50698,FALSE,FALSE
apache_airflow,50697,TRUE,TRUE
apache_airflow,50696,FALSE,FALSE
apache_airflow,50695,TRUE,TRUE
apache_airflow,50693,TRUE,TRUE
apache_airflow,50692,FALSE,FALSE
apache_airflow,50691,FALSE,TRUE
apache_airflow,50689,FALSE,FALSE
apache_airflow,50688,FALSE,TRUE
apache_airflow,50687,TRUE,TRUE
apache_airflow,50683,FALSE,FALSE
apache_airflow,50682,FALSE,TRUE
apache_airflow,50680,FALSE,TRUE
apache_airflow,50677,TRUE,TRUE
apache_airflow,50676,FALSE,TRUE
apache_airflow,50675,FALSE,FALSE
apache_airflow,50671,FALSE,FALSE
apache_airflow,50670,FALSE,TRUE
apache_airflow,50669,TRUE,TRUE
apache_airflow,50668,FALSE,TRUE
apache_airflow,50665,FALSE,FALSE
apache_airflow,50664,FALSE,TRUE
apache_airflow,50663,FALSE,FALSE
apache_airflow,50662,FALSE,FALSE
apache_airflow,50661,FALSE,TRUE
apache_airflow,50660,FALSE,FALSE
apache_airflow,50659,TRUE,FALSE
apache_airflow,50658,FALSE,FALSE
apache_airflow,50657,TRUE,TRUE
apache_airflow,50656,FALSE,TRUE
apache_airflow,50655,FALSE,TRUE
apache_airflow,50652,FALSE,TRUE
apache_airflow,50651,TRUE,TRUE
apache_airflow,50649,FALSE,FALSE
apache_airflow,50647,FALSE,TRUE
apache_airflow,50644,FALSE,FALSE
apache_airflow,50643,TRUE,FALSE
apache_airflow,50642,TRUE,TRUE
apache_airflow,50641,TRUE,TRUE
apache_airflow,50640,FALSE,TRUE
apache_airflow,50638,TRUE,TRUE
apache_airflow,50635,FALSE,FALSE
apache_airflow,50633,FALSE,TRUE
apache_airflow,50632,FALSE,FALSE
apache_airflow,50630,FALSE,TRUE
apache_airflow,50629,FALSE,TRUE
apache_airflow,50628,FALSE,TRUE
apache_airflow,50627,FALSE,TRUE
apache_airflow,50626,FALSE,TRUE
apache_airflow,50625,TRUE,TRUE
apache_airflow,50622,FALSE,TRUE
apache_airflow,50619,TRUE,TRUE
apache_airflow,50617,FALSE,TRUE
apache_airflow,50616,FALSE,FALSE
apache_airflow,50615,FALSE,FALSE
apache_airflow,50614,FALSE,TRUE
apache_airflow,50613,FALSE,FALSE
apache_airflow,50612,FALSE,FALSE
apache_airflow,50611,FALSE,FALSE
apache_airflow,50610,FALSE,FALSE
apache_airflow,50609,FALSE,TRUE
apache_airflow,50608,FALSE,FALSE
apache_airflow,50606,FALSE,FALSE
apache_airflow,50605,FALSE,TRUE
apache_airflow,50604,TRUE,TRUE
apache_airflow,50603,TRUE,FALSE
apache_airflow,50602,TRUE,TRUE
apache_airflow,50600,FALSE,TRUE
apache_airflow,50598,TRUE,TRUE
apache_airflow,50597,TRUE,TRUE
apache_airflow,50596,FALSE,TRUE
apache_airflow,50594,FALSE,FALSE
apache_airflow,50592,FALSE,FALSE
apache_airflow,50591,TRUE,TRUE
apache_airflow,50590,FALSE,TRUE
apache_airflow,50589,TRUE,TRUE
apache_airflow,50588,FALSE,TRUE
apache_airflow,50586,FALSE,FALSE
apache_airflow,50585,FALSE,FALSE
apache_airflow,50584,TRUE,FALSE
apache_airflow,50582,FALSE,FALSE
apache_airflow,50581,FALSE,TRUE
apache_airflow,50578,TRUE,FALSE
apache_airflow,50577,TRUE,TRUE
apache_airflow,50573,FALSE,FALSE
apache_airflow,50571,TRUE,FALSE
apache_airflow,50568,FALSE,FALSE
apache_airflow,50566,TRUE,TRUE
apache_airflow,50565,FALSE,FALSE
apache_airflow,50564,TRUE,TRUE
apache_airflow,50561,FALSE,TRUE
apache_airflow,50560,FALSE,TRUE
apache_airflow,50559,TRUE,TRUE
apache_airflow,50558,TRUE,TRUE
apache_airflow,50557,TRUE,TRUE
apache_airflow,50556,TRUE,TRUE
apache_airflow,50553,FALSE,FALSE
apache_airflow,50552,FALSE,FALSE
apache_airflow,50551,FALSE,FALSE
apache_airflow,50550,TRUE,TRUE
apache_airflow,50549,FALSE,FALSE
apache_airflow,50547,TRUE,TRUE
apache_airflow,50546,FALSE,TRUE
apache_airflow,50545,TRUE,TRUE
apache_airflow,50544,TRUE,TRUE
apache_airflow,50543,FALSE,FALSE
apache_airflow,50542,FALSE,TRUE
apache_airflow,50540,TRUE,FALSE
apache_airflow,50539,FALSE,FALSE
apache_airflow,50537,FALSE,TRUE
apache_airflow,50536,FALSE,TRUE
apache_airflow,50534,FALSE,FALSE
apache_airflow,50533,FALSE,FALSE
apache_airflow,50532,FALSE,TRUE
apache_airflow,50531,TRUE,TRUE
apache_airflow,50528,TRUE,TRUE
apache_airflow,50526,TRUE,TRUE
apache_airflow,50525,TRUE,TRUE
apache_airflow,50524,TRUE,FALSE
apache_airflow,50523,TRUE,FALSE
apache_airflow,50521,TRUE,TRUE
apache_airflow,50520,FALSE,FALSE
apache_airflow,50519,FALSE,TRUE
apache_airflow,50518,TRUE,TRUE
apache_airflow,50516,TRUE,TRUE
apache_airflow,50515,FALSE,TRUE
apache_airflow,50513,TRUE,TRUE
apache_airflow,50512,FALSE,FALSE
apache_airflow,50511,FALSE,TRUE
apache_airflow,50510,FALSE,TRUE
apache_airflow,50509,TRUE,TRUE
apache_airflow,50508,FALSE,FALSE
apache_airflow,50505,FALSE,FALSE
apache_airflow,50504,FALSE,FALSE
apache_airflow,50495,FALSE,FALSE
apache_airflow,50494,TRUE,FALSE
apache_airflow,50493,FALSE,TRUE
apache_airflow,50490,FALSE,FALSE
apache_airflow,50489,FALSE,FALSE
apache_airflow,50488,FALSE,FALSE
apache_airflow,50487,TRUE,TRUE
apache_airflow,50486,FALSE,FALSE
apache_airflow,50485,FALSE,FALSE
apache_airflow,50484,FALSE,FALSE
apache_airflow,50483,FALSE,FALSE
apache_airflow,50482,FALSE,TRUE
apache_airflow,50479,FALSE,FALSE
apache_airflow,50478,TRUE,FALSE
apache_airflow,50476,FALSE,TRUE
apache_airflow,50473,FALSE,TRUE
apache_airflow,50471,FALSE,FALSE
apache_airflow,50470,TRUE,TRUE
apache_airflow,50469,FALSE,TRUE
apache_airflow,50468,FALSE,FALSE
apache_airflow,50467,FALSE,FALSE
apache_airflow,50466,FALSE,TRUE
apache_airflow,50465,FALSE,FALSE
apache_airflow,50464,FALSE,TRUE
apache_airflow,50463,FALSE,TRUE
apache_airflow,50462,TRUE,FALSE
apache_airflow,50461,FALSE,FALSE
apache_airflow,50460,FALSE,FALSE
apache_airflow,50459,FALSE,FALSE
apache_airflow,50458,FALSE,FALSE
apache_airflow,50457,TRUE,TRUE
apache_airflow,50456,FALSE,TRUE
apache_airflow,50455,TRUE,FALSE
apache_airflow,50454,TRUE,TRUE
apache_airflow,50453,FALSE,TRUE
apache_airflow,50452,FALSE,FALSE
apache_airflow,50451,TRUE,TRUE
apache_airflow,50450,FALSE,FALSE
apache_airflow,50449,TRUE,FALSE
apache_airflow,50448,TRUE,TRUE
apache_airflow,50447,TRUE,TRUE
apache_airflow,50446,TRUE,TRUE
apache_airflow,50445,FALSE,FALSE
apache_airflow,50444,FALSE,FALSE
apache_airflow,50443,TRUE,TRUE
apache_airflow,50442,FALSE,TRUE
apache_airflow,50441,FALSE,FALSE
apache_airflow,50440,FALSE,FALSE
apache_airflow,50439,FALSE,FALSE
apache_airflow,50438,FALSE,FALSE
apache_airflow,50436,FALSE,TRUE
apache_airflow,50435,FALSE,TRUE
apache_airflow,50434,FALSE,TRUE
apache_airflow,50432,FALSE,FALSE
apache_airflow,50430,FALSE,TRUE
apache_airflow,50426,TRUE,TRUE
apache_airflow,50425,FALSE,TRUE
apache_airflow,50424,TRUE,TRUE
apache_airflow,50422,FALSE,FALSE
apache_airflow,50420,TRUE,TRUE
apache_airflow,50419,TRUE,TRUE
apache_airflow,50418,TRUE,FALSE
apache_airflow,50417,TRUE,FALSE
apache_airflow,50416,FALSE,TRUE
apache_airflow,50414,FALSE,TRUE
apache_airflow,50413,FALSE,TRUE
apache_airflow,50412,FALSE,TRUE
apache_airflow,50410,FALSE,FALSE
apache_airflow,50409,FALSE,FALSE
apache_airflow,50408,FALSE,FALSE
apache_airflow,50407,FALSE,FALSE
apache_airflow,50406,FALSE,FALSE
apache_airflow,50404,FALSE,FALSE
apache_airflow,50402,FALSE,FALSE
apache_airflow,50401,TRUE,TRUE
apache_airflow,50400,FALSE,FALSE
apache_airflow,50399,TRUE,TRUE
apache_airflow,50398,TRUE,TRUE
apache_airflow,50395,FALSE,TRUE
apache_airflow,50394,TRUE,TRUE
apache_airflow,50393,FALSE,TRUE
apache_airflow,50392,TRUE,TRUE
apache_airflow,50391,TRUE,TRUE
apache_airflow,50388,FALSE,TRUE
apache_airflow,50385,TRUE,TRUE
apache_airflow,50384,FALSE,TRUE
apache_airflow,50383,TRUE,TRUE
apache_airflow,50381,FALSE,FALSE
apache_airflow,50380,FALSE,TRUE
apache_airflow,50379,FALSE,TRUE
apache_airflow,50378,FALSE,TRUE
apache_airflow,50377,FALSE,FALSE
apache_airflow,50376,TRUE,TRUE
apache_airflow,50375,FALSE,FALSE
apache_airflow,50372,TRUE,TRUE
apache_airflow,50371,TRUE,TRUE
apache_airflow,50370,FALSE,TRUE
apache_airflow,50368,FALSE,TRUE
apache_airflow,50366,FALSE,FALSE
apache_airflow,50365,FALSE,TRUE
apache_airflow,50364,FALSE,FALSE
apache_airflow,50363,FALSE,FALSE
apache_airflow,50362,FALSE,FALSE
apache_airflow,50361,FALSE,FALSE
apache_airflow,50360,FALSE,FALSE
apache_airflow,50359,TRUE,TRUE
apache_airflow,50358,FALSE,TRUE
apache_airflow,50357,FALSE,FALSE
apache_airflow,50355,FALSE,FALSE
apache_airflow,50353,TRUE,TRUE
apache_airflow,50352,FALSE,FALSE
apache_airflow,50351,TRUE,TRUE
apache_airflow,50350,FALSE,TRUE
apache_airflow,50347,FALSE,TRUE
apache_airflow,50346,TRUE,TRUE
apache_airflow,50345,FALSE,FALSE
apache_airflow,50344,TRUE,TRUE
apache_airflow,50343,TRUE,TRUE
apache_airflow,50342,FALSE,FALSE
apache_airflow,50341,TRUE,TRUE
apache_airflow,50340,FALSE,TRUE
apache_airflow,50339,TRUE,FALSE
apache_airflow,50338,TRUE,TRUE
apache_airflow,50337,FALSE,FALSE
apache_airflow,50336,FALSE,FALSE
apache_airflow,50335,FALSE,FALSE
apache_airflow,50332,TRUE,TRUE
apache_airflow,50331,FALSE,FALSE
apache_airflow,50329,FALSE,TRUE
apache_airflow,50328,TRUE,TRUE
apache_airflow,50326,FALSE,FALSE
apache_airflow,50325,FALSE,TRUE
apache_airflow,50323,FALSE,TRUE
apache_airflow,50321,TRUE,TRUE
apache_airflow,50320,FALSE,FALSE
apache_airflow,50319,FALSE,TRUE
apache_airflow,50318,FALSE,FALSE
apache_airflow,50316,FALSE,TRUE
apache_airflow,50315,FALSE,FALSE
apache_airflow,50314,FALSE,FALSE
apache_airflow,50313,FALSE,FALSE
apache_airflow,50312,FALSE,FALSE
apache_airflow,50311,FALSE,FALSE
apache_airflow,50309,FALSE,TRUE
apache_airflow,50308,FALSE,FALSE
apache_airflow,50307,FALSE,TRUE
apache_airflow,50306,TRUE,TRUE
apache_airflow,50305,FALSE,TRUE
apache_airflow,50304,FALSE,TRUE
apache_airflow,50302,FALSE,TRUE
apache_airflow,50301,TRUE,TRUE
apache_airflow,50300,TRUE,TRUE
apache_airflow,50299,FALSE,FALSE
apache_airflow,50298,FALSE,FALSE
apache_airflow,50295,FALSE,FALSE
apache_airflow,50294,FALSE,FALSE
apache_airflow,50293,FALSE,FALSE
apache_airflow,50292,TRUE,TRUE
apache_airflow,50291,TRUE,FALSE
apache_airflow,50290,FALSE,TRUE
apache_airflow,50289,TRUE,FALSE
apache_airflow,50288,FALSE,FALSE
apache_airflow,50287,TRUE,TRUE
apache_airflow,50285,FALSE,FALSE
apache_airflow,50284,FALSE,FALSE
apache_airflow,50283,FALSE,FALSE
apache_airflow,50282,FALSE,FALSE
apache_airflow,50280,FALSE,FALSE
apache_airflow,50279,FALSE,TRUE
apache_airflow,50278,FALSE,TRUE
apache_airflow,50277,FALSE,TRUE
apache_airflow,50275,TRUE,TRUE
apache_airflow,50273,FALSE,FALSE
apache_airflow,50272,FALSE,TRUE
apache_airflow,50271,FALSE,TRUE
apache_airflow,50270,FALSE,FALSE
apache_airflow,50269,FALSE,TRUE
apache_airflow,50268,FALSE,FALSE
apache_airflow,50267,FALSE,FALSE
apache_airflow,50266,FALSE,FALSE
apache_airflow,50265,FALSE,FALSE
apache_airflow,50264,FALSE,FALSE
apache_airflow,50263,FALSE,FALSE
apache_airflow,50262,FALSE,TRUE
apache_airflow,50261,FALSE,FALSE
apache_airflow,50260,FALSE,TRUE
apache_airflow,50259,FALSE,FALSE
apache_airflow,50258,FALSE,FALSE
apache_airflow,50257,FALSE,TRUE
apache_airflow,50256,FALSE,TRUE
apache_airflow,50255,TRUE,FALSE
apache_airflow,50254,FALSE,TRUE
apache_airflow,50253,FALSE,TRUE
apache_airflow,50252,FALSE,TRUE
apache_airflow,50251,TRUE,FALSE
apache_airflow,50250,FALSE,FALSE
apache_airflow,50249,FALSE,TRUE
apache_airflow,50248,FALSE,FALSE
apache_airflow,50247,TRUE,TRUE
apache_airflow,50246,FALSE,TRUE
apache_airflow,50245,TRUE,FALSE
apache_airflow,50244,TRUE,TRUE
apache_airflow,50243,FALSE,TRUE
apache_airflow,50241,FALSE,FALSE
apache_airflow,50239,FALSE,TRUE
apache_airflow,50238,TRUE,TRUE
apache_airflow,50237,TRUE,FALSE
apache_airflow,50236,FALSE,FALSE
apache_airflow,50235,FALSE,TRUE
apache_airflow,50234,TRUE,FALSE
apache_airflow,50233,TRUE,TRUE
apache_airflow,50232,FALSE,FALSE
apache_airflow,50231,FALSE,FALSE
apache_airflow,50230,FALSE,TRUE
apache_airflow,50229,FALSE,TRUE
apache_airflow,50228,FALSE,FALSE
apache_airflow,50227,FALSE,FALSE
apache_airflow,50226,FALSE,FALSE
apache_airflow,50225,TRUE,FALSE
apache_airflow,50224,FALSE,TRUE
apache_airflow,50223,TRUE,TRUE
apache_airflow,50222,FALSE,FALSE
apache_airflow,50221,FALSE,FALSE
apache_airflow,50220,FALSE,TRUE
apache_airflow,50219,FALSE,TRUE
apache_airflow,50218,TRUE,FALSE
apache_airflow,50217,FALSE,TRUE
apache_airflow,50215,FALSE,FALSE
apache_airflow,50214,FALSE,FALSE
apache_airflow,50213,FALSE,FALSE
apache_airflow,50212,FALSE,TRUE
apache_airflow,50211,TRUE,TRUE
apache_airflow,50209,TRUE,TRUE
apache_airflow,50208,TRUE,TRUE
apache_airflow,50207,FALSE,FALSE
apache_airflow,50205,FALSE,FALSE
apache_airflow,50204,FALSE,FALSE
apache_airflow,50203,FALSE,FALSE
apache_airflow,50201,FALSE,FALSE
apache_airflow,50200,TRUE,FALSE
apache_airflow,50199,FALSE,TRUE
apache_airflow,50198,TRUE,TRUE
apache_airflow,50197,FALSE,FALSE
apache_airflow,50196,TRUE,TRUE
apache_airflow,50195,FALSE,FALSE
apache_airflow,50194,TRUE,TRUE
apache_airflow,50192,TRUE,TRUE
apache_airflow,50190,FALSE,FALSE
apache_airflow,50183,FALSE,TRUE
apache_airflow,50182,TRUE,TRUE
apache_airflow,50181,TRUE,TRUE
apache_airflow,50180,FALSE,TRUE
apache_airflow,50179,FALSE,FALSE
apache_airflow,50178,TRUE,TRUE
apache_airflow,50177,TRUE,TRUE
apache_airflow,50176,FALSE,TRUE
apache_airflow,50175,TRUE,TRUE
apache_airflow,50174,FALSE,FALSE
apache_airflow,50173,FALSE,TRUE
apache_airflow,50171,FALSE,TRUE
apache_airflow,50169,FALSE,TRUE
apache_airflow,50167,FALSE,TRUE
apache_airflow,50166,FALSE,TRUE
apache_airflow,50165,TRUE,TRUE
apache_airflow,50164,FALSE,FALSE
apache_airflow,50163,FALSE,FALSE
apache_airflow,50162,FALSE,FALSE
apache_airflow,50161,FALSE,FALSE
apache_airflow,50157,FALSE,FALSE
apache_airflow,50156,TRUE,FALSE
apache_airflow,50155,TRUE,FALSE
apache_airflow,50154,FALSE,FALSE
apache_airflow,50153,TRUE,TRUE
apache_airflow,50152,FALSE,TRUE
apache_airflow,50150,FALSE,TRUE
apache_airflow,50149,FALSE,TRUE
apache_airflow,50148,FALSE,FALSE
apache_airflow,50146,FALSE,TRUE
apache_airflow,50145,FALSE,TRUE
apache_airflow,50144,FALSE,TRUE
apache_airflow,50143,TRUE,TRUE
apache_airflow,50142,FALSE,TRUE
apache_airflow,50141,TRUE,TRUE
apache_airflow,50140,FALSE,TRUE
apache_airflow,50138,TRUE,TRUE
apache_airflow,50137,FALSE,TRUE
apache_airflow,50136,FALSE,TRUE
apache_airflow,50135,FALSE,TRUE
apache_airflow,50133,FALSE,FALSE
apache_airflow,50132,TRUE,TRUE
apache_airflow,50131,FALSE,TRUE
apache_airflow,50130,FALSE,FALSE
apache_airflow,50129,TRUE,TRUE
apache_airflow,50128,FALSE,FALSE
apache_airflow,50127,FALSE,TRUE
apache_airflow,50126,TRUE,TRUE
apache_airflow,50125,FALSE,TRUE
apache_airflow,50124,FALSE,TRUE
apache_airflow,50123,TRUE,TRUE
apache_airflow,50122,TRUE,TRUE
apache_airflow,50121,FALSE,TRUE
apache_airflow,50120,FALSE,TRUE
apache_airflow,50119,TRUE,TRUE
apache_airflow,50118,TRUE,FALSE
apache_airflow,50117,TRUE,TRUE
apache_airflow,50116,FALSE,TRUE
apache_airflow,50115,TRUE,FALSE
apache_airflow,50114,FALSE,TRUE
apache_airflow,50113,FALSE,TRUE
apache_airflow,50111,FALSE,TRUE
apache_airflow,50110,TRUE,FALSE
apache_airflow,50109,TRUE,TRUE
apache_airflow,50108,TRUE,FALSE
apache_airflow,50106,TRUE,FALSE
apache_airflow,50101,TRUE,TRUE
apache_airflow,50100,FALSE,TRUE
apache_airflow,50099,FALSE,TRUE
apache_airflow,50098,FALSE,FALSE
apache_airflow,50096,TRUE,TRUE
apache_airflow,50095,FALSE,TRUE
apache_airflow,50094,FALSE,TRUE
apache_airflow,50093,TRUE,TRUE
apache_airflow,50092,TRUE,TRUE
apache_airflow,50091,FALSE,FALSE
apache_airflow,50090,FALSE,FALSE
apache_airflow,50089,FALSE,FALSE
apache_airflow,50088,FALSE,TRUE
apache_airflow,50087,FALSE,FALSE
apache_airflow,50086,FALSE,TRUE
apache_airflow,50085,FALSE,TRUE
apache_airflow,50084,FALSE,TRUE
apache_airflow,50083,FALSE,TRUE
apache_airflow,50082,FALSE,TRUE
apache_airflow,50081,FALSE,TRUE
apache_airflow,50080,FALSE,FALSE
apache_airflow,50079,FALSE,TRUE
apache_airflow,50078,FALSE,FALSE
apache_airflow,50077,FALSE,FALSE
apache_airflow,50076,FALSE,TRUE
apache_airflow,50075,FALSE,FALSE
apache_airflow,50074,FALSE,FALSE
apache_airflow,50073,FALSE,TRUE
apache_airflow,50072,FALSE,TRUE
apache_airflow,50071,FALSE,FALSE
apache_airflow,50070,TRUE,TRUE
apache_airflow,50069,FALSE,FALSE
apache_airflow,50068,FALSE,TRUE
apache_airflow,50067,FALSE,TRUE
apache_airflow,50066,FALSE,FALSE
apache_airflow,50065,TRUE,TRUE
apache_airflow,50063,TRUE,TRUE
apache_airflow,50062,FALSE,TRUE
apache_airflow,50061,FALSE,FALSE
apache_airflow,50060,TRUE,TRUE
apache_airflow,50059,FALSE,TRUE
apache_airflow,50058,FALSE,FALSE
apache_airflow,50057,TRUE,TRUE
apache_airflow,50056,FALSE,TRUE
apache_airflow,50055,FALSE,TRUE
apache_airflow,50053,TRUE,TRUE
apache_airflow,50052,TRUE,FALSE
apache_airflow,50051,FALSE,FALSE
apache_airflow,50050,FALSE,TRUE
apache_airflow,50049,FALSE,FALSE
apache_airflow,50048,TRUE,TRUE
apache_airflow,50047,FALSE,TRUE
apache_airflow,50046,TRUE,FALSE
apache_airflow,50045,FALSE,TRUE
apache_airflow,50044,FALSE,TRUE
apache_airflow,50043,TRUE,FALSE
apache_airflow,50042,TRUE,TRUE
apache_airflow,50041,TRUE,TRUE
apache_airflow,50040,TRUE,TRUE
apache_airflow,50039,FALSE,FALSE
apache_airflow,50037,FALSE,FALSE
apache_airflow,50036,FALSE,FALSE
apache_airflow,50035,FALSE,FALSE
apache_airflow,50032,FALSE,TRUE
apache_airflow,50031,TRUE,TRUE
apache_airflow,50030,FALSE,FALSE
apache_airflow,50029,TRUE,FALSE
apache_airflow,50028,FALSE,TRUE
apache_airflow,50026,FALSE,TRUE
apache_airflow,50024,FALSE,TRUE
apache_airflow,50021,TRUE,TRUE
apache_airflow,50019,TRUE,TRUE
apache_airflow,50018,FALSE,TRUE
apache_airflow,50017,TRUE,TRUE
apache_airflow,50016,TRUE,FALSE
apache_airflow,50015,TRUE,TRUE
apache_airflow,50014,TRUE,TRUE
apache_airflow,50013,FALSE,TRUE
apache_airflow,50012,FALSE,TRUE
apache_airflow,50011,TRUE,TRUE
apache_airflow,50010,FALSE,TRUE
apache_airflow,50009,FALSE,FALSE
apache_airflow,50008,FALSE,TRUE
apache_airflow,50002,FALSE,TRUE
apache_airflow,50001,TRUE,TRUE
apache_airflow,49996,TRUE,TRUE
apache_airflow,49995,FALSE,TRUE
apache_airflow,49994,TRUE,TRUE
apache_airflow,49993,FALSE,FALSE
apache_airflow,49989,FALSE,TRUE
apache_airflow,49988,FALSE,FALSE
apache_airflow,49987,FALSE,FALSE
apache_airflow,49986,TRUE,TRUE
apache_airflow,49985,TRUE,TRUE
apache_airflow,49984,FALSE,TRUE
apache_airflow,49982,TRUE,TRUE
apache_airflow,49981,FALSE,TRUE
apache_airflow,49980,TRUE,TRUE
apache_airflow,49979,TRUE,TRUE
apache_airflow,49978,TRUE,TRUE
apache_airflow,49977,TRUE,TRUE
apache_airflow,49975,FALSE,FALSE
apache_airflow,49974,FALSE,FALSE
apache_airflow,49973,FALSE,FALSE
apache_airflow,49972,FALSE,FALSE
apache_airflow,49970,TRUE,FALSE
apache_airflow,49969,FALSE,TRUE
apache_airflow,49968,FALSE,TRUE
apache_airflow,49967,TRUE,TRUE
apache_airflow,49965,FALSE,TRUE
apache_airflow,49964,FALSE,TRUE
apache_airflow,49963,FALSE,FALSE
apache_airflow,49962,FALSE,FALSE
apache_airflow,49961,TRUE,TRUE
apache_airflow,49960,FALSE,FALSE
apache_airflow,49959,FALSE,TRUE
apache_airflow,49958,TRUE,TRUE
apache_airflow,49956,FALSE,FALSE
apache_airflow,49955,FALSE,FALSE
apache_airflow,49954,FALSE,FALSE
apache_airflow,49953,FALSE,TRUE
apache_airflow,49952,TRUE,TRUE
apache_airflow,49951,FALSE,FALSE
apache_airflow,49950,TRUE,FALSE
apache_airflow,49949,FALSE,TRUE
apache_airflow,49948,FALSE,FALSE
apache_airflow,49946,FALSE,TRUE
apache_airflow,49945,TRUE,TRUE
apache_airflow,49944,TRUE,TRUE
apache_airflow,49943,FALSE,FALSE
apache_airflow,49942,TRUE,TRUE
apache_airflow,49940,FALSE,FALSE
apache_airflow,49939,FALSE,FALSE
apache_airflow,49938,TRUE,TRUE
apache_airflow,49936,FALSE,FALSE
apache_airflow,49935,FALSE,TRUE
apache_airflow,49934,FALSE,FALSE
apache_airflow,49933,TRUE,TRUE
apache_airflow,49932,FALSE,TRUE
apache_airflow,49930,FALSE,TRUE
apache_airflow,49929,FALSE,TRUE
apache_airflow,49928,FALSE,FALSE
apache_airflow,49927,FALSE,TRUE
apache_airflow,49926,FALSE,FALSE
apache_airflow,49925,TRUE,TRUE
apache_airflow,49924,TRUE,TRUE
apache_airflow,49923,TRUE,FALSE
apache_airflow,49922,TRUE,FALSE
apache_airflow,49918,FALSE,FALSE
apache_airflow,49917,FALSE,TRUE
apache_airflow,49916,FALSE,FALSE
apache_airflow,49915,TRUE,TRUE
apache_airflow,49914,TRUE,TRUE
apache_airflow,49913,FALSE,FALSE
apache_airflow,49911,FALSE,TRUE
apache_airflow,49910,FALSE,FALSE
apache_airflow,49909,FALSE,FALSE
apache_airflow,49908,FALSE,TRUE
apache_airflow,49907,FALSE,TRUE
apache_airflow,49906,TRUE,TRUE
apache_airflow,49905,FALSE,TRUE
apache_airflow,49904,FALSE,TRUE
apache_airflow,49903,FALSE,TRUE
apache_airflow,49902,FALSE,TRUE
apache_airflow,49901,FALSE,TRUE
apache_airflow,49899,TRUE,TRUE
apache_airflow,49898,FALSE,TRUE
apache_airflow,49894,FALSE,TRUE
apache_airflow,49892,FALSE,FALSE
apache_airflow,49890,TRUE,TRUE
apache_airflow,49888,TRUE,TRUE
apache_airflow,49886,TRUE,TRUE
apache_airflow,49885,TRUE,TRUE
apache_airflow,49884,FALSE,FALSE
apache_airflow,49883,TRUE,TRUE
apache_airflow,49882,FALSE,FALSE
apache_airflow,49880,FALSE,TRUE
apache_airflow,49879,FALSE,TRUE
apache_airflow,49878,FALSE,FALSE
apache_airflow,49877,TRUE,TRUE
apache_airflow,49876,FALSE,TRUE
apache_airflow,49874,FALSE,TRUE
apache_airflow,49873,FALSE,TRUE
apache_airflow,49872,FALSE,FALSE
apache_airflow,49869,FALSE,FALSE
apache_airflow,49868,TRUE,TRUE
apache_airflow,49867,TRUE,TRUE
apache_airflow,49866,FALSE,TRUE
apache_airflow,49864,FALSE,FALSE
apache_airflow,49862,FALSE,FALSE
apache_airflow,49860,FALSE,FALSE
apache_airflow,49859,FALSE,TRUE
apache_airflow,49858,FALSE,TRUE
apache_airflow,49855,FALSE,FALSE
apache_airflow,49854,TRUE,TRUE
apache_airflow,49853,FALSE,FALSE
apache_airflow,49852,TRUE,TRUE
apache_airflow,49851,FALSE,TRUE
apache_airflow,49850,TRUE,TRUE
apache_airflow,49848,TRUE,TRUE
apache_airflow,49846,FALSE,TRUE
apache_airflow,49844,TRUE,TRUE
apache_airflow,49843,TRUE,TRUE
apache_airflow,49842,FALSE,TRUE
apache_airflow,49840,FALSE,FALSE
apache_airflow,49839,TRUE,TRUE
apache_airflow,49836,TRUE,TRUE
apache_airflow,49835,FALSE,FALSE
apache_airflow,49834,FALSE,TRUE
apache_airflow,49833,TRUE,TRUE
apache_airflow,49832,FALSE,FALSE
apache_airflow,49831,FALSE,FALSE
apache_airflow,49830,FALSE,TRUE
apache_airflow,49829,TRUE,TRUE
apache_airflow,49828,FALSE,FALSE
apache_airflow,49827,FALSE,FALSE
apache_airflow,49826,FALSE,TRUE
apache_airflow,49825,FALSE,TRUE
apache_airflow,49824,TRUE,FALSE
apache_airflow,49822,TRUE,TRUE
apache_airflow,49821,TRUE,FALSE
apache_airflow,49820,TRUE,TRUE
apache_airflow,49819,FALSE,FALSE
apache_airflow,49818,TRUE,TRUE
apache_airflow,49817,TRUE,FALSE
apache_airflow,49816,FALSE,FALSE
apache_airflow,49815,FALSE,FALSE
apache_airflow,49814,TRUE,FALSE
apache_airflow,49813,FALSE,FALSE
apache_airflow,49812,FALSE,FALSE
apache_airflow,49811,FALSE,FALSE
apache_airflow,49810,FALSE,TRUE
apache_airflow,49809,TRUE,TRUE
apache_airflow,49808,FALSE,FALSE
apache_airflow,49807,FALSE,FALSE
apache_airflow,49806,FALSE,FALSE
apache_airflow,49804,TRUE,FALSE
apache_airflow,49803,TRUE,TRUE
apache_airflow,49802,TRUE,TRUE
apache_airflow,49799,TRUE,TRUE
apache_airflow,49798,FALSE,FALSE
apache_airflow,49797,FALSE,FALSE
apache_airflow,49795,TRUE,TRUE
apache_airflow,49794,FALSE,TRUE
apache_airflow,49793,FALSE,FALSE
apache_airflow,49792,FALSE,FALSE
apache_airflow,49791,TRUE,FALSE
apache_airflow,49789,FALSE,FALSE
apache_airflow,49788,TRUE,TRUE
apache_airflow,49787,FALSE,TRUE
apache_airflow,49786,TRUE,FALSE
apache_airflow,49785,TRUE,FALSE
apache_airflow,49784,TRUE,TRUE
apache_airflow,49783,TRUE,TRUE
apache_airflow,49782,TRUE,TRUE
apache_airflow,49780,FALSE,FALSE
apache_airflow,49779,TRUE,TRUE
apache_airflow,49776,FALSE,FALSE
apache_airflow,49775,FALSE,FALSE
apache_airflow,49774,TRUE,FALSE
apache_airflow,49772,TRUE,TRUE
apache_airflow,49771,FALSE,TRUE
apache_airflow,49770,FALSE,TRUE
apache_airflow,49769,TRUE,TRUE
apache_airflow,49767,FALSE,FALSE
apache_airflow,49766,FALSE,TRUE
apache_airflow,49764,FALSE,FALSE
apache_airflow,49763,FALSE,TRUE
apache_airflow,49760,FALSE,TRUE
apache_airflow,49759,FALSE,FALSE
apache_airflow,49758,FALSE,TRUE
apache_airflow,49757,FALSE,TRUE
apache_airflow,49756,FALSE,TRUE
apache_airflow,49755,FALSE,FALSE
apache_airflow,49753,FALSE,TRUE
apache_airflow,49752,TRUE,TRUE
apache_airflow,49751,FALSE,TRUE
apache_airflow,49750,TRUE,TRUE
apache_airflow,49749,TRUE,FALSE
apache_airflow,49748,FALSE,FALSE
apache_airflow,49747,TRUE,TRUE
apache_airflow,49746,FALSE,FALSE
apache_airflow,49745,FALSE,TRUE
apache_airflow,49744,FALSE,FALSE
apache_airflow,49743,TRUE,TRUE
apache_airflow,49742,FALSE,FALSE
apache_airflow,49739,FALSE,FALSE
apache_airflow,49736,FALSE,FALSE
apache_airflow,49733,FALSE,TRUE
apache_airflow,49732,FALSE,TRUE
apache_airflow,49730,FALSE,TRUE
apache_airflow,49729,TRUE,TRUE
apache_airflow,49727,TRUE,FALSE
apache_airflow,49726,TRUE,TRUE
apache_airflow,49724,FALSE,TRUE
apache_airflow,49723,FALSE,TRUE
apache_airflow,49721,FALSE,TRUE
apache_airflow,49719,FALSE,TRUE
apache_airflow,49718,TRUE,FALSE
apache_airflow,49716,TRUE,TRUE
apache_airflow,49713,FALSE,TRUE
apache_airflow,49712,FALSE,TRUE
apache_airflow,49711,FALSE,TRUE
apache_airflow,49710,FALSE,TRUE
apache_airflow,49708,TRUE,TRUE
apache_airflow,49706,FALSE,TRUE
apache_airflow,49704,TRUE,TRUE
apache_airflow,49702,FALSE,TRUE
apache_airflow,49701,FALSE,FALSE
apache_airflow,49700,TRUE,TRUE
apache_airflow,49699,FALSE,TRUE
apache_airflow,49697,FALSE,TRUE
apache_airflow,49693,FALSE,TRUE
apache_airflow,49692,TRUE,TRUE
apache_airflow,49691,TRUE,TRUE
apache_airflow,49690,FALSE,TRUE
apache_airflow,49688,TRUE,TRUE
apache_airflow,49687,TRUE,FALSE
apache_airflow,49686,TRUE,FALSE
apache_airflow,49685,FALSE,FALSE
apache_airflow,49684,FALSE,TRUE
apache_airflow,49682,TRUE,TRUE
apache_airflow,49681,FALSE,FALSE
apache_airflow,49680,TRUE,TRUE
apache_airflow,49679,TRUE,FALSE
apache_airflow,49677,TRUE,FALSE
apache_airflow,49675,FALSE,FALSE
apache_airflow,49674,TRUE,TRUE
apache_airflow,49669,FALSE,TRUE
apache_airflow,49668,FALSE,TRUE
apache_airflow,49667,FALSE,FALSE
apache_airflow,49666,FALSE,TRUE
apache_airflow,49665,TRUE,FALSE
apache_airflow,49664,FALSE,FALSE
apache_airflow,49663,TRUE,TRUE
apache_airflow,49662,FALSE,TRUE
apache_airflow,49660,FALSE,TRUE
apache_airflow,49658,FALSE,FALSE
apache_airflow,49656,FALSE,FALSE
apache_airflow,49654,FALSE,FALSE
apache_airflow,49649,FALSE,TRUE
apache_airflow,49647,TRUE,FALSE
apache_airflow,49645,FALSE,TRUE
apache_airflow,49644,TRUE,TRUE
apache_airflow,49643,FALSE,TRUE
apache_airflow,49642,FALSE,TRUE
apache_airflow,49641,TRUE,TRUE
apache_airflow,49640,FALSE,TRUE
apache_airflow,49638,FALSE,FALSE
apache_airflow,49637,TRUE,TRUE
apache_airflow,49636,FALSE,FALSE
apache_airflow,49634,FALSE,FALSE
apache_airflow,49633,TRUE,TRUE
apache_airflow,49632,FALSE,FALSE
apache_airflow,49631,FALSE,TRUE
apache_airflow,49630,FALSE,TRUE
apache_airflow,49629,FALSE,TRUE
apache_airflow,49628,FALSE,FALSE
apache_airflow,49626,FALSE,FALSE
apache_airflow,49625,TRUE,TRUE
apache_airflow,49624,FALSE,TRUE
apache_airflow,49623,FALSE,FALSE
apache_airflow,49621,FALSE,TRUE
apache_airflow,49619,TRUE,FALSE
apache_airflow,49616,TRUE,TRUE
apache_airflow,49615,TRUE,FALSE
apache_airflow,49614,FALSE,FALSE
apache_airflow,49612,FALSE,FALSE
apache_airflow,49610,FALSE,TRUE
apache_airflow,49609,FALSE,TRUE
apache_airflow,49608,TRUE,TRUE
apache_airflow,49604,FALSE,TRUE
apache_airflow,49602,TRUE,TRUE
apache_airflow,49601,TRUE,TRUE
apache_airflow,49600,FALSE,TRUE
apache_airflow,49599,TRUE,TRUE
apache_airflow,49597,FALSE,TRUE
apache_airflow,49595,FALSE,FALSE
apache_airflow,49594,FALSE,FALSE
apache_airflow,49593,TRUE,FALSE
apache_airflow,49592,FALSE,FALSE
apache_airflow,49590,FALSE,TRUE
apache_airflow,49589,FALSE,FALSE
apache_airflow,49588,TRUE,FALSE
apache_airflow,49587,FALSE,FALSE
apache_airflow,49586,FALSE,FALSE
apache_airflow,49585,FALSE,TRUE
apache_airflow,49583,FALSE,TRUE
apache_airflow,49581,TRUE,TRUE
apache_airflow,49578,FALSE,FALSE
apache_airflow,49577,FALSE,FALSE
apache_airflow,49569,FALSE,TRUE
apache_airflow,49566,FALSE,FALSE
apache_airflow,49564,FALSE,FALSE
apache_airflow,49563,FALSE,TRUE
apache_airflow,49562,FALSE,TRUE
apache_airflow,49561,TRUE,FALSE
apache_airflow,49559,FALSE,TRUE
apache_airflow,49558,TRUE,TRUE
apache_airflow,49556,FALSE,TRUE
apache_airflow,49555,TRUE,TRUE
apache_airflow,49554,TRUE,FALSE
apache_airflow,49553,TRUE,FALSE
apache_airflow,49552,FALSE,FALSE
apache_airflow,49551,FALSE,FALSE
apache_airflow,49550,TRUE,FALSE
apache_airflow,49549,FALSE,TRUE
apache_airflow,49548,FALSE,FALSE
apache_airflow,49547,FALSE,TRUE
apache_airflow,49546,FALSE,FALSE
apache_airflow,49545,FALSE,TRUE
apache_airflow,49544,TRUE,FALSE
apache_airflow,49539,FALSE,FALSE
apache_airflow,49537,FALSE,FALSE
apache_airflow,49535,FALSE,FALSE
apache_airflow,49533,TRUE,TRUE
apache_airflow,49532,FALSE,FALSE
apache_airflow,49531,TRUE,TRUE
apache_airflow,49530,FALSE,FALSE
apache_airflow,49529,FALSE,FALSE
apache_airflow,49528,FALSE,FALSE
apache_airflow,49527,FALSE,FALSE
apache_airflow,49524,FALSE,FALSE
apache_airflow,49523,FALSE,TRUE
apache_airflow,49522,TRUE,FALSE
apache_airflow,49521,TRUE,TRUE
apache_airflow,49520,TRUE,FALSE
apache_airflow,49519,FALSE,TRUE
apache_airflow,49518,FALSE,FALSE
apache_airflow,49516,TRUE,TRUE
apache_airflow,49514,FALSE,TRUE
apache_airflow,49513,FALSE,FALSE
apache_airflow,49512,FALSE,FALSE
apache_airflow,49511,FALSE,FALSE
apache_airflow,49510,FALSE,FALSE
apache_airflow,49509,FALSE,FALSE
apache_airflow,49505,TRUE,TRUE
apache_airflow,49504,FALSE,TRUE
apache_airflow,49501,FALSE,TRUE
apache_airflow,49500,TRUE,TRUE
apache_airflow,49497,FALSE,FALSE
apache_airflow,49496,TRUE,TRUE
apache_airflow,49494,FALSE,FALSE
apache_airflow,49493,FALSE,FALSE
apache_airflow,49492,FALSE,FALSE
apache_airflow,49491,FALSE,FALSE
apache_airflow,49490,FALSE,TRUE
apache_airflow,49488,FALSE,TRUE
apache_airflow,49486,FALSE,TRUE
apache_airflow,49485,FALSE,FALSE
apache_airflow,49484,FALSE,TRUE
apache_airflow,49482,TRUE,TRUE
apache_airflow,49481,FALSE,TRUE
apache_airflow,49480,FALSE,TRUE
apache_airflow,49479,FALSE,FALSE
apache_airflow,49478,FALSE,TRUE
apache_airflow,49477,TRUE,TRUE
apache_airflow,49475,TRUE,TRUE
apache_airflow,49474,TRUE,FALSE
apache_airflow,49473,FALSE,FALSE
apache_airflow,49472,TRUE,TRUE
apache_airflow,49470,TRUE,TRUE
apache_airflow,49469,FALSE,FALSE
apache_airflow,49468,FALSE,FALSE
apache_airflow,49467,TRUE,TRUE
apache_airflow,49465,FALSE,FALSE
apache_airflow,49464,FALSE,FALSE
apache_airflow,49463,FALSE,TRUE
apache_airflow,49461,TRUE,FALSE
apache_airflow,49460,FALSE,TRUE
apache_airflow,49459,TRUE,TRUE
apache_airflow,49458,FALSE,TRUE
apache_airflow,49457,TRUE,FALSE
apache_airflow,49455,FALSE,FALSE
apache_airflow,49454,FALSE,TRUE
apache_airflow,49452,FALSE,FALSE
apache_airflow,49451,FALSE,TRUE
apache_airflow,49450,TRUE,FALSE
apache_airflow,49449,TRUE,TRUE
apache_airflow,49448,FALSE,FALSE
apache_airflow,49447,FALSE,TRUE
apache_airflow,49446,FALSE,TRUE
apache_airflow,49445,FALSE,TRUE
apache_airflow,49444,FALSE,TRUE
apache_airflow,49443,FALSE,TRUE
apache_airflow,49442,TRUE,FALSE
apache_airflow,49440,FALSE,FALSE
apache_airflow,49439,FALSE,FALSE
apache_airflow,49438,FALSE,TRUE
apache_airflow,49436,TRUE,TRUE
apache_airflow,49435,FALSE,TRUE
apache_airflow,49434,FALSE,TRUE
apache_airflow,49433,FALSE,FALSE
apache_airflow,49432,FALSE,FALSE
apache_airflow,49431,FALSE,FALSE
apache_airflow,49430,FALSE,FALSE
apache_airflow,49429,FALSE,FALSE
apache_airflow,49428,FALSE,FALSE
apache_airflow,49427,FALSE,FALSE
apache_airflow,49426,TRUE,TRUE
apache_airflow,49425,FALSE,FALSE
apache_airflow,49423,FALSE,FALSE
apache_airflow,49422,TRUE,FALSE
apache_airflow,49420,FALSE,FALSE
apache_airflow,49419,TRUE,TRUE
apache_airflow,49418,TRUE,TRUE
apache_airflow,49417,FALSE,FALSE
apache_airflow,49415,FALSE,TRUE
apache_airflow,49414,FALSE,FALSE
apache_airflow,49413,FALSE,TRUE
apache_airflow,49412,FALSE,FALSE
apache_airflow,49411,FALSE,TRUE
apache_airflow,49409,FALSE,TRUE
apache_airflow,49408,FALSE,FALSE
apache_airflow,49407,TRUE,TRUE
apache_airflow,49401,TRUE,TRUE
apache_airflow,49399,FALSE,FALSE
apache_airflow,49398,TRUE,FALSE
apache_airflow,49396,TRUE,FALSE
apache_airflow,49395,FALSE,FALSE
apache_airflow,49393,FALSE,FALSE
apache_airflow,49392,TRUE,TRUE
apache_airflow,49391,FALSE,FALSE
apache_airflow,49390,FALSE,FALSE
apache_airflow,49389,FALSE,FALSE
apache_airflow,49388,TRUE,TRUE
apache_airflow,49387,FALSE,FALSE
apache_airflow,49386,FALSE,FALSE
apache_airflow,49385,TRUE,TRUE
apache_airflow,49384,FALSE,TRUE
apache_airflow,49383,FALSE,TRUE
apache_airflow,49382,FALSE,TRUE
apache_airflow,49380,TRUE,TRUE
apache_airflow,49379,FALSE,TRUE
apache_airflow,49378,TRUE,FALSE
apache_airflow,49375,FALSE,TRUE
apache_airflow,49373,FALSE,TRUE
apache_airflow,49371,FALSE,TRUE
apache_airflow,49370,FALSE,TRUE
apache_airflow,49369,FALSE,TRUE
apache_airflow,49368,FALSE,FALSE
apache_airflow,49367,FALSE,FALSE
apache_airflow,49366,FALSE,FALSE
apache_airflow,49365,FALSE,FALSE
apache_airflow,49364,FALSE,TRUE
apache_airflow,49363,TRUE,FALSE
apache_airflow,49362,TRUE,FALSE
apache_airflow,49361,FALSE,FALSE
apache_airflow,49360,TRUE,FALSE
apache_airflow,49359,TRUE,TRUE
apache_airflow,49358,TRUE,TRUE
apache_airflow,49357,TRUE,FALSE
apache_airflow,49356,FALSE,TRUE
apache_airflow,49355,FALSE,TRUE
apache_airflow,49353,FALSE,TRUE
apache_airflow,49352,TRUE,TRUE
apache_airflow,49350,FALSE,TRUE
apache_airflow,49348,FALSE,TRUE
apache_airflow,49346,FALSE,TRUE
apache_airflow,49345,TRUE,TRUE
apache_airflow,49344,FALSE,TRUE
apache_airflow,49342,FALSE,FALSE
apache_airflow,49341,FALSE,FALSE
apache_airflow,49340,FALSE,TRUE
apache_airflow,49339,TRUE,TRUE
apache_airflow,49338,TRUE,TRUE
apache_airflow,49337,TRUE,FALSE
apache_airflow,49336,FALSE,FALSE
apache_airflow,49335,FALSE,TRUE
apache_airflow,49333,FALSE,FALSE
apache_airflow,49331,FALSE,TRUE
apache_airflow,49328,FALSE,TRUE
apache_airflow,49327,FALSE,TRUE
apache_airflow,49326,FALSE,FALSE
apache_airflow,49325,TRUE,FALSE
apache_airflow,49324,FALSE,TRUE
apache_airflow,49323,FALSE,FALSE
apache_airflow,49322,TRUE,TRUE
apache_airflow,49321,FALSE,FALSE
apache_airflow,49320,FALSE,FALSE
apache_airflow,49318,FALSE,FALSE
apache_airflow,49317,TRUE,TRUE
apache_airflow,49315,FALSE,TRUE
apache_airflow,49313,TRUE,FALSE
apache_airflow,49312,TRUE,TRUE
apache_airflow,49311,TRUE,TRUE
apache_airflow,49310,FALSE,FALSE
apache_airflow,49308,FALSE,TRUE
apache_airflow,49307,FALSE,TRUE
apache_airflow,49306,FALSE,TRUE
apache_airflow,49305,FALSE,TRUE
apache_airflow,49304,FALSE,FALSE
apache_airflow,49303,FALSE,TRUE
apache_airflow,49302,TRUE,TRUE
apache_airflow,49301,FALSE,TRUE
apache_airflow,49300,FALSE,FALSE
apache_airflow,49299,FALSE,TRUE
apache_airflow,49298,FALSE,TRUE
apache_airflow,49295,FALSE,FALSE
apache_airflow,49294,TRUE,FALSE
apache_airflow,49293,FALSE,FALSE
apache_airflow,49292,FALSE,TRUE
apache_airflow,49290,TRUE,TRUE
apache_airflow,49289,FALSE,FALSE
apache_airflow,49287,FALSE,TRUE
apache_airflow,49286,TRUE,TRUE
apache_airflow,49285,FALSE,TRUE
apache_airflow,49284,TRUE,TRUE
apache_airflow,49283,TRUE,FALSE
apache_airflow,49282,TRUE,TRUE
apache_airflow,49281,TRUE,TRUE
apache_airflow,49280,FALSE,FALSE
apache_airflow,49279,FALSE,FALSE
apache_airflow,49278,FALSE,FALSE
apache_airflow,49277,FALSE,FALSE
apache_airflow,49274,FALSE,TRUE
apache_airflow,49272,TRUE,FALSE
apache_airflow,49271,FALSE,FALSE
apache_airflow,49270,TRUE,TRUE
apache_airflow,49269,FALSE,FALSE
apache_airflow,49268,FALSE,FALSE
apache_airflow,49267,FALSE,TRUE
apache_airflow,49266,FALSE,FALSE
apache_airflow,49265,FALSE,FALSE
apache_airflow,49264,FALSE,FALSE
apache_airflow,49263,FALSE,FALSE
apache_airflow,49262,FALSE,FALSE
apache_airflow,49261,TRUE,FALSE
apache_airflow,49260,FALSE,TRUE
apache_airflow,49259,FALSE,FALSE
apache_airflow,49258,FALSE,FALSE
apache_airflow,49257,FALSE,TRUE
apache_airflow,49256,TRUE,TRUE
apache_airflow,49255,TRUE,TRUE
apache_airflow,49254,TRUE,TRUE
apache_airflow,49253,FALSE,TRUE
apache_airflow,49252,TRUE,TRUE
apache_airflow,49251,TRUE,TRUE
apache_airflow,49250,TRUE,TRUE
apache_airflow,49249,FALSE,TRUE
apache_airflow,49248,FALSE,TRUE
apache_airflow,49246,FALSE,TRUE
apache_airflow,49245,TRUE,FALSE
apache_airflow,49243,TRUE,TRUE
apache_airflow,49242,FALSE,TRUE
apache_airflow,49241,FALSE,TRUE
apache_airflow,49240,FALSE,FALSE
apache_airflow,49239,TRUE,TRUE
apache_airflow,49238,FALSE,FALSE
apache_airflow,49237,TRUE,TRUE
apache_airflow,49236,FALSE,TRUE
apache_airflow,49235,FALSE,TRUE
apache_airflow,49234,FALSE,TRUE
apache_airflow,49233,FALSE,TRUE
apache_airflow,49232,TRUE,FALSE
apache_airflow,49231,TRUE,TRUE
apache_airflow,49230,FALSE,TRUE
apache_airflow,49228,TRUE,TRUE
apache_airflow,49227,FALSE,TRUE
apache_airflow,49225,FALSE,TRUE
apache_airflow,49223,TRUE,TRUE
apache_airflow,49222,FALSE,FALSE
apache_airflow,49221,FALSE,TRUE
apache_airflow,49220,FALSE,TRUE
apache_airflow,49219,FALSE,FALSE
apache_airflow,49218,FALSE,TRUE
apache_airflow,49217,TRUE,TRUE
apache_airflow,49214,FALSE,TRUE
apache_airflow,49213,TRUE,FALSE
apache_airflow,49210,TRUE,TRUE
apache_airflow,49209,FALSE,TRUE
apache_airflow,49208,TRUE,FALSE
apache_airflow,49207,FALSE,FALSE
apache_airflow,49205,FALSE,TRUE
apache_airflow,49204,TRUE,TRUE
apache_airflow,49203,FALSE,FALSE
apache_airflow,49200,TRUE,FALSE
apache_airflow,49199,TRUE,TRUE
apache_airflow,49198,FALSE,TRUE
apache_airflow,49196,FALSE,TRUE
apache_airflow,49195,FALSE,TRUE
apache_airflow,49194,FALSE,TRUE
apache_airflow,49192,FALSE,FALSE
apache_airflow,49189,FALSE,TRUE
apache_airflow,49188,TRUE,TRUE
apache_airflow,49186,TRUE,TRUE
apache_airflow,49185,FALSE,TRUE
apache_airflow,49184,TRUE,TRUE
apache_airflow,49183,FALSE,TRUE
apache_airflow,49181,TRUE,TRUE
apache_airflow,49180,TRUE,TRUE
apache_airflow,49179,FALSE,TRUE
apache_airflow,49178,TRUE,TRUE
apache_airflow,49177,FALSE,FALSE
apache_airflow,49176,TRUE,TRUE
apache_airflow,49174,FALSE,FALSE
apache_airflow,49173,TRUE,TRUE
apache_airflow,49172,TRUE,TRUE
apache_airflow,49170,FALSE,FALSE
apache_airflow,49169,FALSE,FALSE
apache_airflow,49168,FALSE,TRUE
apache_airflow,49167,FALSE,FALSE
apache_airflow,49166,FALSE,FALSE
apache_airflow,49165,FALSE,TRUE
apache_airflow,49164,TRUE,TRUE
apache_airflow,49163,TRUE,TRUE
apache_airflow,49162,FALSE,FALSE
apache_airflow,49161,TRUE,TRUE
apache_airflow,49156,FALSE,TRUE
apache_airflow,49155,FALSE,TRUE
apache_airflow,49152,FALSE,FALSE
apache_airflow,49151,FALSE,TRUE
apache_airflow,49150,FALSE,FALSE
apache_airflow,49148,TRUE,TRUE
apache_airflow,49147,FALSE,FALSE
apache_airflow,49145,TRUE,FALSE
apache_airflow,49144,TRUE,TRUE
apache_airflow,49143,TRUE,TRUE
apache_airflow,49142,TRUE,FALSE
apache_airflow,49141,TRUE,TRUE
apache_airflow,49138,FALSE,TRUE
apache_airflow,49137,TRUE,TRUE
apache_airflow,49136,FALSE,TRUE
apache_airflow,49134,FALSE,FALSE
apache_airflow,49133,FALSE,FALSE
apache_airflow,49132,FALSE,FALSE
apache_airflow,49130,FALSE,TRUE
apache_airflow,49129,FALSE,FALSE
apache_airflow,49128,FALSE,TRUE
apache_airflow,49127,FALSE,TRUE
apache_airflow,49126,FALSE,FALSE
apache_airflow,49125,TRUE,TRUE
apache_airflow,49124,TRUE,TRUE
apache_airflow,49123,FALSE,FALSE
apache_airflow,49121,FALSE,TRUE
apache_airflow,49120,TRUE,TRUE
apache_airflow,49119,FALSE,TRUE
apache_airflow,49118,FALSE,TRUE
apache_airflow,49117,TRUE,TRUE
apache_airflow,49116,TRUE,TRUE
apache_airflow,49115,TRUE,TRUE
apache_airflow,49114,TRUE,TRUE
apache_airflow,49112,FALSE,TRUE
apache_airflow,49111,FALSE,TRUE
apache_airflow,49110,TRUE,TRUE
apache_airflow,49108,TRUE,TRUE
apache_airflow,49107,FALSE,TRUE
apache_airflow,49106,FALSE,TRUE
apache_airflow,49105,FALSE,TRUE
apache_airflow,49103,FALSE,TRUE
apache_airflow,49101,TRUE,TRUE
apache_airflow,49098,FALSE,FALSE
apache_airflow,49097,TRUE,TRUE
apache_airflow,49096,FALSE,FALSE
apache_airflow,49095,TRUE,TRUE
apache_airflow,49093,FALSE,TRUE
apache_airflow,49092,FALSE,TRUE
apache_airflow,49091,TRUE,TRUE
apache_airflow,49090,FALSE,TRUE
apache_airflow,49089,TRUE,TRUE
apache_airflow,49088,TRUE,TRUE
apache_airflow,49087,FALSE,TRUE
apache_airflow,49086,FALSE,FALSE
apache_airflow,49085,TRUE,TRUE
apache_airflow,49084,FALSE,TRUE
apache_airflow,49083,FALSE,FALSE
apache_airflow,49082,FALSE,FALSE
apache_airflow,49080,FALSE,TRUE
apache_airflow,49079,FALSE,FALSE
apache_airflow,49078,FALSE,TRUE
apache_airflow,49077,FALSE,FALSE
apache_airflow,49072,TRUE,FALSE
apache_airflow,49069,FALSE,FALSE
apache_airflow,49065,FALSE,TRUE
apache_airflow,49063,FALSE,FALSE
apache_airflow,49062,FALSE,TRUE
apache_airflow,49061,FALSE,TRUE
apache_airflow,49060,FALSE,FALSE
apache_airflow,49059,FALSE,FALSE
apache_airflow,49058,FALSE,TRUE
apache_airflow,49057,FALSE,TRUE
apache_airflow,49056,FALSE,TRUE
apache_airflow,49055,FALSE,TRUE
apache_airflow,49054,TRUE,TRUE
apache_airflow,49052,FALSE,FALSE
apache_airflow,49051,TRUE,TRUE
apache_airflow,49048,FALSE,TRUE
apache_airflow,49045,TRUE,TRUE
apache_airflow,49044,FALSE,TRUE
apache_airflow,49043,TRUE,TRUE
apache_airflow,49042,FALSE,FALSE
apache_airflow,49040,TRUE,TRUE
apache_airflow,49038,FALSE,TRUE
apache_airflow,49036,TRUE,TRUE
apache_airflow,49034,TRUE,TRUE
apache_airflow,49033,FALSE,FALSE
apache_airflow,49032,FALSE,TRUE
apache_airflow,49031,TRUE,TRUE
apache_airflow,49029,FALSE,TRUE
apache_airflow,49027,TRUE,TRUE
apache_airflow,49026,TRUE,TRUE
apache_airflow,49025,FALSE,TRUE
apache_airflow,49024,TRUE,TRUE
apache_airflow,49023,TRUE,TRUE
apache_airflow,49021,TRUE,TRUE
apache_airflow,49020,TRUE,TRUE
apache_airflow,49018,TRUE,TRUE
apache_airflow,49017,TRUE,TRUE
apache_airflow,49016,FALSE,FALSE
apache_airflow,49015,FALSE,TRUE
apache_airflow,49014,FALSE,FALSE
apache_airflow,49013,TRUE,TRUE
apache_airflow,49012,FALSE,FALSE
apache_airflow,49011,FALSE,TRUE
apache_airflow,49010,TRUE,FALSE
apache_airflow,49009,FALSE,TRUE
apache_airflow,49008,TRUE,TRUE
apache_airflow,49006,FALSE,FALSE
apache_airflow,49005,TRUE,TRUE
apache_airflow,49004,FALSE,TRUE
apache_airflow,49002,TRUE,TRUE
apache_airflow,49000,FALSE,TRUE
apache_airflow,48999,TRUE,TRUE
apache_airflow,48997,TRUE,TRUE
apache_airflow,48996,TRUE,TRUE
apache_airflow,48990,FALSE,FALSE
apache_airflow,48989,FALSE,TRUE
apache_airflow,48988,FALSE,FALSE
apache_airflow,48987,TRUE,TRUE
apache_airflow,48986,FALSE,FALSE
apache_airflow,48985,FALSE,FALSE
apache_airflow,48982,FALSE,TRUE
apache_airflow,48981,FALSE,FALSE
apache_airflow,48980,FALSE,TRUE
apache_airflow,48979,FALSE,TRUE
apache_airflow,48978,FALSE,FALSE
apache_airflow,48977,TRUE,TRUE
apache_airflow,48976,FALSE,FALSE
apache_airflow,48975,FALSE,TRUE
apache_airflow,48974,FALSE,TRUE
apache_airflow,48973,TRUE,FALSE
apache_airflow,48972,FALSE,FALSE
apache_airflow,48971,FALSE,TRUE
apache_airflow,48970,FALSE,FALSE
apache_airflow,48969,TRUE,TRUE
apache_airflow,48968,FALSE,TRUE
apache_airflow,48967,TRUE,TRUE
apache_airflow,48966,TRUE,FALSE
apache_airflow,48965,FALSE,TRUE
apache_airflow,48964,TRUE,FALSE
apache_airflow,48962,FALSE,FALSE
apache_airflow,48961,FALSE,TRUE
apache_airflow,48959,FALSE,FALSE
apache_airflow,48958,FALSE,TRUE
apache_airflow,48956,FALSE,FALSE
apache_airflow,48952,FALSE,TRUE
apache_airflow,48950,FALSE,FALSE
apache_airflow,48949,TRUE,TRUE
apache_airflow,48948,FALSE,FALSE
apache_airflow,48947,FALSE,FALSE
apache_airflow,48946,FALSE,TRUE
apache_airflow,48945,TRUE,TRUE
apache_airflow,48944,FALSE,FALSE
apache_airflow,48943,FALSE,FALSE
apache_airflow,48942,FALSE,TRUE
apache_airflow,48941,TRUE,TRUE
apache_airflow,48940,TRUE,TRUE
apache_airflow,48939,FALSE,TRUE
apache_airflow,48938,FALSE,TRUE
apache_airflow,48937,FALSE,FALSE
apache_airflow,48935,FALSE,TRUE
apache_airflow,48934,TRUE,TRUE
apache_airflow,48932,TRUE,TRUE
apache_airflow,48926,TRUE,TRUE
apache_airflow,48925,TRUE,FALSE
apache_airflow,48924,TRUE,TRUE
apache_airflow,48922,TRUE,TRUE
apache_airflow,48920,FALSE,TRUE
apache_airflow,48919,TRUE,TRUE
apache_airflow,48918,FALSE,FALSE
apache_airflow,48917,TRUE,TRUE
apache_airflow,48915,TRUE,TRUE
apache_airflow,48914,FALSE,TRUE
apache_airflow,48909,FALSE,TRUE
apache_airflow,48908,TRUE,TRUE
apache_airflow,48906,TRUE,TRUE
apache_airflow,48905,FALSE,FALSE
apache_airflow,48904,FALSE,TRUE
apache_airflow,48903,FALSE,TRUE
apache_airflow,48902,FALSE,TRUE
apache_airflow,48901,TRUE,FALSE
apache_airflow,48900,TRUE,TRUE
apache_airflow,48899,FALSE,FALSE
apache_airflow,48898,FALSE,TRUE
apache_airflow,48896,TRUE,TRUE
apache_airflow,48895,FALSE,TRUE
apache_airflow,48894,FALSE,TRUE
apache_airflow,48893,FALSE,FALSE
apache_airflow,48892,FALSE,FALSE
apache_airflow,48891,FALSE,FALSE
apache_airflow,48890,TRUE,FALSE
apache_airflow,48889,FALSE,TRUE
apache_airflow,48888,FALSE,TRUE
apache_airflow,48884,FALSE,TRUE
apache_airflow,48883,FALSE,TRUE
apache_airflow,48882,FALSE,TRUE
apache_airflow,48881,TRUE,TRUE
apache_airflow,48880,TRUE,TRUE
apache_airflow,48879,FALSE,TRUE
apache_airflow,48878,FALSE,TRUE
apache_airflow,48877,TRUE,TRUE
apache_airflow,48875,FALSE,TRUE
apache_airflow,48873,FALSE,TRUE
apache_airflow,48872,TRUE,TRUE
apache_airflow,48871,TRUE,FALSE
apache_airflow,48869,TRUE,FALSE
apache_airflow,48868,FALSE,FALSE
apache_airflow,48867,TRUE,TRUE
apache_airflow,48866,TRUE,TRUE
apache_airflow,48865,TRUE,TRUE
apache_airflow,48864,FALSE,TRUE
apache_airflow,48862,TRUE,FALSE
apache_airflow,48861,TRUE,FALSE
apache_airflow,48860,FALSE,TRUE
apache_airflow,48856,TRUE,FALSE
apache_airflow,48855,TRUE,TRUE
apache_airflow,48854,FALSE,FALSE
apache_airflow,48853,FALSE,TRUE
apache_airflow,48851,FALSE,FALSE
apache_airflow,48849,TRUE,TRUE
apache_airflow,48848,FALSE,TRUE
apache_airflow,48847,TRUE,FALSE
apache_airflow,48846,TRUE,FALSE
apache_airflow,48843,FALSE,TRUE
apache_airflow,48840,FALSE,TRUE
apache_airflow,48839,FALSE,TRUE
apache_airflow,48837,FALSE,FALSE
apache_airflow,48836,FALSE,FALSE
apache_airflow,48835,FALSE,FALSE
apache_airflow,48834,TRUE,TRUE
apache_airflow,48831,FALSE,FALSE
apache_airflow,48830,FALSE,TRUE
apache_airflow,48829,FALSE,TRUE
apache_airflow,48828,TRUE,TRUE
apache_airflow,48827,TRUE,TRUE
apache_airflow,48826,FALSE,TRUE
apache_airflow,48822,TRUE,TRUE
apache_airflow,48821,TRUE,TRUE
apache_airflow,48819,TRUE,TRUE
apache_airflow,48818,TRUE,TRUE
apache_airflow,48817,TRUE,TRUE
apache_airflow,48815,FALSE,FALSE
apache_airflow,48814,FALSE,FALSE
apache_airflow,48813,FALSE,TRUE
apache_airflow,48812,FALSE,TRUE
apache_airflow,48810,FALSE,FALSE
apache_airflow,48808,TRUE,FALSE
apache_airflow,48807,TRUE,TRUE
apache_airflow,48806,FALSE,TRUE
apache_airflow,48805,FALSE,FALSE
apache_airflow,48804,FALSE,TRUE
apache_airflow,48803,TRUE,TRUE
apache_airflow,48802,FALSE,FALSE
apache_airflow,48801,FALSE,FALSE
apache_airflow,48800,FALSE,TRUE
apache_airflow,48799,FALSE,TRUE
apache_airflow,48797,FALSE,TRUE
apache_airflow,48795,FALSE,TRUE
apache_airflow,48794,TRUE,TRUE
apache_airflow,48793,FALSE,FALSE
apache_airflow,48792,TRUE,TRUE
apache_airflow,48791,TRUE,TRUE
apache_airflow,48790,FALSE,TRUE
apache_airflow,48788,TRUE,TRUE
apache_airflow,48784,FALSE,FALSE
apache_airflow,48783,FALSE,TRUE
apache_airflow,48782,TRUE,TRUE
apache_airflow,48781,TRUE,TRUE
apache_airflow,48780,FALSE,TRUE
apache_airflow,48779,FALSE,TRUE
apache_airflow,48778,FALSE,TRUE
apache_airflow,48777,TRUE,TRUE
apache_airflow,48776,FALSE,TRUE
apache_airflow,48775,FALSE,TRUE
apache_airflow,48774,TRUE,TRUE
apache_airflow,48773,FALSE,FALSE
apache_airflow,48772,FALSE,TRUE
apache_airflow,48771,FALSE,TRUE
apache_airflow,48770,FALSE,TRUE
apache_airflow,48766,FALSE,TRUE
apache_airflow,48764,FALSE,FALSE
apache_airflow,48763,FALSE,TRUE
apache_airflow,48762,TRUE,TRUE
apache_airflow,48761,TRUE,TRUE
apache_airflow,48760,FALSE,TRUE
apache_airflow,48758,FALSE,FALSE
apache_airflow,48757,FALSE,FALSE
apache_airflow,48756,FALSE,TRUE
apache_airflow,48755,FALSE,TRUE
apache_airflow,48754,FALSE,TRUE
apache_airflow,48751,FALSE,TRUE
apache_airflow,48750,FALSE,TRUE
apache_airflow,48749,TRUE,TRUE
apache_airflow,48748,TRUE,TRUE
apache_airflow,48747,TRUE,TRUE
apache_airflow,48746,FALSE,FALSE
apache_airflow,48745,FALSE,FALSE
apache_airflow,48744,FALSE,TRUE
apache_airflow,48743,FALSE,TRUE
apache_airflow,48742,FALSE,TRUE
apache_airflow,48741,TRUE,TRUE
apache_airflow,48740,TRUE,TRUE
apache_airflow,48739,FALSE,TRUE
apache_airflow,48738,FALSE,TRUE
apache_airflow,48736,TRUE,TRUE
apache_airflow,48734,TRUE,TRUE
apache_airflow,48733,TRUE,FALSE
apache_airflow,48732,TRUE,TRUE
apache_airflow,48731,TRUE,TRUE
apache_airflow,48729,FALSE,TRUE
apache_airflow,48728,FALSE,TRUE
apache_airflow,48726,FALSE,FALSE
apache_airflow,48725,FALSE,FALSE
apache_airflow,48723,FALSE,TRUE
apache_airflow,48722,FALSE,FALSE
apache_airflow,48718,TRUE,TRUE
apache_airflow,48717,FALSE,TRUE
apache_airflow,48716,FALSE,TRUE
apache_airflow,48715,FALSE,TRUE
apache_airflow,48714,FALSE,TRUE
apache_airflow,48712,FALSE,FALSE
apache_airflow,48709,FALSE,TRUE
apache_airflow,48708,FALSE,TRUE
apache_airflow,48707,FALSE,TRUE
apache_airflow,48706,TRUE,TRUE
apache_airflow,48705,FALSE,TRUE
apache_airflow,48704,FALSE,TRUE
apache_airflow,48703,FALSE,FALSE
apache_airflow,48702,FALSE,TRUE
apache_airflow,48701,FALSE,FALSE
apache_airflow,48700,FALSE,FALSE
apache_airflow,48699,TRUE,TRUE
apache_airflow,48697,FALSE,FALSE
apache_airflow,48696,TRUE,TRUE
apache_airflow,48695,TRUE,TRUE
apache_airflow,48693,FALSE,TRUE
apache_airflow,48692,FALSE,TRUE
apache_airflow,48691,FALSE,TRUE
apache_airflow,48690,FALSE,TRUE
apache_airflow,48689,FALSE,TRUE
apache_airflow,48688,FALSE,TRUE
apache_airflow,48687,TRUE,FALSE
apache_airflow,48686,FALSE,TRUE
apache_airflow,48683,TRUE,TRUE
apache_airflow,48682,FALSE,FALSE
apache_airflow,48680,TRUE,TRUE
apache_airflow,48679,FALSE,FALSE
apache_airflow,48678,TRUE,TRUE
apache_airflow,48677,FALSE,FALSE
apache_airflow,48676,FALSE,FALSE
apache_airflow,48675,FALSE,FALSE
apache_airflow,48674,FALSE,FALSE
apache_airflow,48673,FALSE,FALSE
apache_airflow,48672,FALSE,FALSE
apache_airflow,48671,FALSE,TRUE
apache_airflow,48669,TRUE,TRUE
apache_airflow,48668,FALSE,FALSE
apache_airflow,48666,FALSE,TRUE
apache_airflow,48664,FALSE,TRUE
apache_airflow,48663,TRUE,TRUE
apache_airflow,48662,TRUE,TRUE
apache_airflow,48657,FALSE,FALSE
apache_airflow,48656,FALSE,TRUE
apache_airflow,48655,FALSE,TRUE
apache_airflow,48654,FALSE,FALSE
apache_airflow,48653,FALSE,FALSE
apache_airflow,48652,TRUE,TRUE
apache_airflow,48651,TRUE,TRUE
apache_airflow,48650,TRUE,TRUE
apache_airflow,48649,FALSE,TRUE
apache_airflow,48648,TRUE,TRUE
apache_airflow,48647,FALSE,TRUE
apache_airflow,48646,TRUE,TRUE
apache_airflow,48645,FALSE,TRUE
apache_airflow,48644,FALSE,TRUE
apache_airflow,48642,FALSE,TRUE
apache_airflow,48641,FALSE,FALSE
apache_airflow,48640,FALSE,FALSE
apache_airflow,48638,FALSE,TRUE
apache_airflow,48637,TRUE,TRUE
apache_airflow,48636,FALSE,TRUE
apache_airflow,48634,FALSE,FALSE
apache_airflow,48632,TRUE,TRUE
apache_airflow,48631,FALSE,FALSE
apache_airflow,48628,FALSE,FALSE
apache_airflow,48626,FALSE,TRUE
apache_airflow,48625,TRUE,FALSE
apache_airflow,48623,FALSE,FALSE
apache_airflow,48620,TRUE,FALSE
apache_airflow,48618,FALSE,FALSE
apache_airflow,48616,FALSE,TRUE
apache_airflow,48615,FALSE,TRUE
apache_airflow,48614,TRUE,TRUE
apache_airflow,48613,TRUE,TRUE
apache_airflow,48612,TRUE,TRUE
apache_airflow,48610,FALSE,TRUE
apache_airflow,48607,TRUE,FALSE
apache_airflow,48606,FALSE,TRUE
apache_airflow,48604,FALSE,TRUE
apache_airflow,48603,FALSE,FALSE
apache_airflow,48602,TRUE,FALSE
apache_airflow,48600,FALSE,FALSE
apache_airflow,48599,FALSE,TRUE
apache_airflow,48598,FALSE,FALSE
apache_airflow,48597,TRUE,TRUE
apache_airflow,48596,FALSE,FALSE
apache_airflow,48595,TRUE,FALSE
apache_airflow,48594,FALSE,FALSE
apache_airflow,48593,TRUE,FALSE
apache_airflow,48592,TRUE,TRUE
apache_airflow,48591,FALSE,FALSE
apache_airflow,48589,TRUE,TRUE
apache_airflow,48588,FALSE,FALSE
apache_airflow,48586,TRUE,FALSE
apache_airflow,48585,FALSE,FALSE
apache_airflow,48584,FALSE,FALSE
apache_airflow,48583,FALSE,TRUE
apache_airflow,48582,TRUE,TRUE
apache_airflow,48581,FALSE,TRUE
apache_airflow,48580,TRUE,TRUE
apache_airflow,48579,TRUE,TRUE
apache_airflow,48577,FALSE,TRUE
apache_airflow,48575,FALSE,FALSE
apache_airflow,48574,FALSE,FALSE
apache_airflow,48573,TRUE,TRUE
apache_airflow,48572,TRUE,TRUE
apache_airflow,48571,TRUE,TRUE
apache_airflow,48568,FALSE,FALSE
apache_airflow,48567,FALSE,FALSE
apache_airflow,48566,FALSE,FALSE
apache_airflow,48565,TRUE,TRUE
apache_airflow,48563,FALSE,FALSE
apache_airflow,48559,FALSE,FALSE
apache_airflow,48558,FALSE,FALSE
apache_airflow,48557,TRUE,TRUE
apache_airflow,48556,TRUE,TRUE
apache_airflow,48555,FALSE,TRUE
apache_airflow,48553,TRUE,TRUE
apache_airflow,48551,FALSE,FALSE
apache_airflow,48550,TRUE,TRUE
apache_airflow,48549,FALSE,FALSE
apache_airflow,48548,TRUE,TRUE
apache_airflow,48547,TRUE,TRUE
apache_airflow,48545,TRUE,TRUE
apache_airflow,48543,FALSE,TRUE
apache_airflow,48541,FALSE,FALSE
apache_airflow,48540,FALSE,FALSE
apache_airflow,48537,TRUE,TRUE
apache_airflow,48535,TRUE,TRUE
apache_airflow,48534,TRUE,TRUE
apache_airflow,48530,TRUE,TRUE
apache_airflow,48529,TRUE,TRUE
apache_airflow,48528,TRUE,TRUE
apache_airflow,48527,TRUE,TRUE
apache_airflow,48526,TRUE,TRUE
apache_airflow,48525,FALSE,FALSE
apache_airflow,48524,TRUE,TRUE
apache_airflow,48521,TRUE,FALSE
apache_airflow,48520,TRUE,TRUE
apache_airflow,48519,FALSE,FALSE
apache_airflow,48518,FALSE,FALSE
apache_airflow,48517,TRUE,TRUE
apache_airflow,48516,TRUE,TRUE
apache_airflow,48514,FALSE,FALSE
apache_airflow,48513,TRUE,TRUE
apache_airflow,48512,TRUE,TRUE
apache_airflow,48509,FALSE,TRUE
apache_airflow,48507,TRUE,TRUE
apache_airflow,48506,TRUE,FALSE
apache_airflow,48505,FALSE,FALSE
apache_airflow,48504,TRUE,TRUE
apache_airflow,48502,TRUE,FALSE
apache_airflow,48501,FALSE,TRUE
apache_airflow,48500,FALSE,FALSE
apache_airflow,48499,FALSE,TRUE
apache_airflow,48498,TRUE,TRUE
apache_airflow,48497,FALSE,FALSE
apache_airflow,48496,TRUE,FALSE
apache_airflow,48495,FALSE,TRUE
apache_airflow,48493,FALSE,FALSE
apache_airflow,48492,TRUE,TRUE
apache_airflow,48491,TRUE,TRUE
apache_airflow,48490,FALSE,TRUE
apache_airflow,48489,FALSE,TRUE
apache_airflow,48488,FALSE,TRUE
apache_airflow,48487,TRUE,TRUE
apache_airflow,48486,TRUE,TRUE
apache_airflow,48484,FALSE,TRUE
apache_airflow,48480,TRUE,TRUE
apache_airflow,48479,FALSE,FALSE
apache_airflow,48478,FALSE,TRUE
apache_airflow,48477,TRUE,TRUE
apache_airflow,48474,FALSE,TRUE
apache_airflow,48472,FALSE,FALSE
apache_airflow,48471,FALSE,TRUE
apache_airflow,48470,FALSE,FALSE
apache_airflow,48469,FALSE,FALSE
apache_airflow,48468,TRUE,TRUE
apache_airflow,48467,TRUE,TRUE
apache_airflow,48466,FALSE,FALSE
apache_airflow,48465,FALSE,TRUE
apache_airflow,48464,FALSE,FALSE
apache_airflow,48463,FALSE,TRUE
apache_airflow,48462,FALSE,TRUE
apache_airflow,48461,TRUE,TRUE
apache_airflow,48460,TRUE,TRUE
apache_airflow,48459,FALSE,TRUE
apache_airflow,48458,TRUE,TRUE
apache_airflow,48457,TRUE,TRUE
apache_airflow,48456,TRUE,TRUE
apache_airflow,48455,FALSE,TRUE
apache_airflow,48454,FALSE,TRUE
apache_airflow,48453,TRUE,TRUE
apache_airflow,48452,FALSE,FALSE
apache_airflow,48450,TRUE,TRUE
apache_airflow,48449,TRUE,TRUE
apache_airflow,48447,FALSE,TRUE
apache_airflow,48446,TRUE,TRUE
apache_airflow,48445,FALSE,TRUE
apache_airflow,48444,FALSE,TRUE
apache_airflow,48442,FALSE,TRUE
apache_airflow,48441,FALSE,TRUE
apache_airflow,48440,TRUE,TRUE
apache_airflow,48439,TRUE,FALSE
apache_airflow,48437,FALSE,TRUE
apache_airflow,48436,FALSE,FALSE
apache_airflow,48431,FALSE,FALSE
apache_airflow,48429,FALSE,TRUE
apache_airflow,48428,FALSE,TRUE
apache_airflow,48427,TRUE,TRUE
apache_airflow,48426,TRUE,TRUE
apache_airflow,48424,TRUE,TRUE
apache_airflow,48423,TRUE,TRUE
apache_airflow,48422,FALSE,FALSE
apache_airflow,48421,TRUE,TRUE
apache_airflow,48419,FALSE,TRUE
apache_airflow,48417,TRUE,TRUE
apache_airflow,48416,FALSE,TRUE
apache_airflow,48415,FALSE,TRUE
apache_airflow,48414,FALSE,TRUE
apache_airflow,48410,FALSE,FALSE
apache_airflow,48409,FALSE,TRUE
apache_airflow,48407,FALSE,FALSE
apache_airflow,48406,FALSE,TRUE
apache_airflow,48404,FALSE,FALSE
apache_airflow,48403,TRUE,TRUE
apache_airflow,48401,FALSE,FALSE
apache_airflow,48399,FALSE,TRUE
apache_airflow,48398,TRUE,TRUE
apache_airflow,48397,FALSE,TRUE
apache_airflow,48396,FALSE,TRUE
apache_airflow,48392,FALSE,TRUE
apache_airflow,48391,FALSE,TRUE
apache_airflow,48385,FALSE,TRUE
apache_airflow,48384,TRUE,TRUE
apache_airflow,48383,TRUE,TRUE
apache_airflow,48380,FALSE,TRUE
apache_airflow,48379,TRUE,TRUE
apache_airflow,48378,FALSE,TRUE
apache_airflow,48377,FALSE,FALSE
apache_airflow,48372,TRUE,FALSE
apache_airflow,48371,FALSE,TRUE
apache_airflow,48370,FALSE,TRUE
apache_airflow,48367,FALSE,FALSE
apache_airflow,48366,FALSE,FALSE
apache_airflow,48365,FALSE,FALSE
apache_airflow,48364,FALSE,FALSE
apache_airflow,48363,FALSE,TRUE
apache_airflow,48362,FALSE,FALSE
apache_airflow,48361,FALSE,FALSE
apache_airflow,48360,FALSE,FALSE
apache_airflow,48358,FALSE,FALSE
apache_airflow,48359,FALSE,FALSE
apache_airflow,48357,FALSE,FALSE
apache_airflow,48356,FALSE,FALSE
apache_airflow,48355,FALSE,FALSE
apache_airflow,48353,FALSE,FALSE
apache_airflow,48352,FALSE,FALSE
apache_airflow,48351,FALSE,FALSE
apache_airflow,48350,FALSE,FALSE
apache_airflow,48349,FALSE,FALSE
apache_airflow,48348,FALSE,FALSE
apache_airflow,48347,FALSE,FALSE
apache_airflow,48346,FALSE,FALSE
apache_airflow,48345,FALSE,FALSE
apache_airflow,48344,FALSE,FALSE
apache_airflow,48343,FALSE,FALSE
apache_airflow,48342,FALSE,FALSE
apache_airflow,48341,FALSE,FALSE
apache_airflow,48340,FALSE,FALSE
apache_airflow,48339,FALSE,FALSE
apache_airflow,48338,FALSE,FALSE
apache_airflow,48337,FALSE,FALSE
apache_airflow,48336,FALSE,FALSE
apache_airflow,48335,FALSE,FALSE
apache_airflow,48334,FALSE,FALSE
apache_airflow,48333,FALSE,FALSE
apache_airflow,48332,FALSE,FALSE
apache_airflow,48331,FALSE,FALSE
apache_airflow,48330,FALSE,FALSE
apache_airflow,48329,FALSE,FALSE
apache_airflow,48328,FALSE,FALSE
apache_airflow,48327,FALSE,FALSE
apache_airflow,48326,FALSE,FALSE
apache_airflow,48325,FALSE,FALSE
apache_airflow,48324,FALSE,FALSE
apache_airflow,48323,FALSE,FALSE
apache_airflow,48322,FALSE,FALSE
apache_airflow,48321,FALSE,FALSE
apache_airflow,48320,FALSE,FALSE
apache_airflow,48319,FALSE,FALSE
apache_airflow,48318,FALSE,FALSE
apache_airflow,48317,FALSE,FALSE
apache_airflow,48316,FALSE,FALSE
apache_airflow,48315,FALSE,FALSE
apache_airflow,48314,FALSE,FALSE
apache_airflow,48313,FALSE,FALSE
apache_airflow,48312,FALSE,FALSE
apache_airflow,48311,FALSE,FALSE
apache_airflow,48310,FALSE,FALSE
apache_airflow,48309,FALSE,FALSE
apache_airflow,48308,FALSE,FALSE
apache_airflow,48307,FALSE,FALSE
apache_airflow,48306,FALSE,FALSE
apache_airflow,48305,FALSE,FALSE
apache_airflow,48303,FALSE,FALSE
apache_airflow,48304,FALSE,FALSE
apache_airflow,48302,FALSE,FALSE
apache_airflow,48301,TRUE,TRUE
apache_airflow,48300,FALSE,FALSE
apache_airflow,48299,FALSE,FALSE
apache_airflow,48297,FALSE,FALSE
apache_airflow,48296,FALSE,FALSE
apache_airflow,48295,FALSE,FALSE
apache_airflow,48294,FALSE,FALSE
apache_airflow,48293,FALSE,FALSE
apache_airflow,48292,FALSE,FALSE
apache_airflow,48291,FALSE,FALSE
apache_airflow,48290,FALSE,FALSE
apache_airflow,48289,FALSE,FALSE
apache_airflow,48288,FALSE,FALSE
apache_airflow,48287,FALSE,FALSE
apache_airflow,48286,FALSE,FALSE
apache_airflow,48285,FALSE,FALSE
apache_airflow,48284,FALSE,FALSE
apache_airflow,48283,FALSE,FALSE
apache_airflow,48282,FALSE,FALSE
apache_airflow,48281,FALSE,FALSE
apache_airflow,48280,FALSE,FALSE
apache_airflow,48279,FALSE,FALSE
apache_airflow,48278,FALSE,FALSE
apache_airflow,48277,FALSE,FALSE
apache_airflow,48276,FALSE,FALSE
apache_airflow,48275,FALSE,FALSE
apache_airflow,48274,FALSE,FALSE
apache_airflow,48273,FALSE,FALSE
apache_airflow,48272,FALSE,FALSE
apache_airflow,48271,FALSE,FALSE
apache_airflow,48270,FALSE,FALSE
apache_airflow,48269,FALSE,FALSE
apache_airflow,48268,FALSE,FALSE
apache_airflow,48267,FALSE,FALSE
apache_airflow,48266,FALSE,FALSE
apache_airflow,48265,FALSE,FALSE
apache_airflow,48264,FALSE,FALSE
apache_airflow,48263,FALSE,FALSE
apache_airflow,48262,FALSE,FALSE
apache_airflow,48261,FALSE,FALSE
apache_airflow,48260,FALSE,FALSE
apache_airflow,48259,FALSE,FALSE
apache_airflow,48258,FALSE,FALSE
apache_airflow,48257,FALSE,FALSE
apache_airflow,48256,FALSE,FALSE
apache_airflow,48255,FALSE,FALSE
apache_airflow,48254,FALSE,FALSE
apache_airflow,48253,FALSE,FALSE
apache_airflow,48252,FALSE,FALSE
apache_airflow,48251,FALSE,FALSE
apache_airflow,48250,FALSE,FALSE
apache_airflow,48249,FALSE,TRUE
apache_airflow,48248,FALSE,TRUE
apache_airflow,48247,FALSE,TRUE
apache_airflow,48245,TRUE,TRUE
apache_airflow,48244,TRUE,TRUE
apache_airflow,48241,FALSE,TRUE
apache_airflow,48240,FALSE,TRUE
apache_airflow,48239,TRUE,TRUE
apache_airflow,48238,FALSE,TRUE
apache_airflow,48237,FALSE,TRUE
apache_airflow,48236,FALSE,FALSE
apache_airflow,48235,FALSE,TRUE
apache_airflow,48234,FALSE,TRUE
apache_airflow,48230,TRUE,TRUE
apache_airflow,48229,FALSE,FALSE
apache_airflow,48227,TRUE,TRUE
apache_airflow,48226,FALSE,TRUE
apache_airflow,48225,FALSE,TRUE
apache_airflow,48224,TRUE,TRUE
apache_airflow,48223,TRUE,TRUE
apache_airflow,48222,FALSE,TRUE
apache_airflow,48221,FALSE,TRUE
apache_airflow,48219,FALSE,FALSE
apache_airflow,48218,TRUE,TRUE
apache_airflow,48216,TRUE,TRUE
apache_airflow,48215,FALSE,FALSE
apache_airflow,48214,TRUE,TRUE
apache_airflow,48213,TRUE,TRUE
apache_airflow,48212,FALSE,FALSE
apache_airflow,48211,FALSE,FALSE
apache_airflow,48210,FALSE,TRUE
apache_airflow,48209,FALSE,FALSE
apache_airflow,48208,FALSE,FALSE
apache_airflow,48207,FALSE,FALSE
apache_airflow,48206,FALSE,FALSE
apache_airflow,48205,FALSE,FALSE
apache_airflow,48204,FALSE,TRUE
apache_airflow,48203,FALSE,FALSE
apache_airflow,48202,FALSE,FALSE
apache_airflow,48201,FALSE,FALSE
apache_airflow,48200,FALSE,FALSE
apache_airflow,48199,FALSE,TRUE
apache_airflow,48198,FALSE,TRUE
apache_airflow,48197,FALSE,TRUE
apache_airflow,48196,TRUE,TRUE
apache_airflow,48195,FALSE,FALSE
apache_airflow,48194,TRUE,TRUE
apache_airflow,48193,TRUE,TRUE
apache_airflow,48192,TRUE,TRUE
apache_airflow,48190,FALSE,TRUE
apache_airflow,48189,FALSE,TRUE
apache_airflow,48188,FALSE,FALSE
apache_airflow,48187,TRUE,FALSE
apache_airflow,48186,TRUE,TRUE
apache_airflow,48185,FALSE,TRUE
apache_airflow,48182,FALSE,FALSE
apache_airflow,48181,TRUE,FALSE
apache_airflow,48180,FALSE,FALSE
apache_airflow,48177,TRUE,TRUE
apache_airflow,48176,FALSE,FALSE
apache_airflow,48174,FALSE,FALSE
apache_airflow,48173,FALSE,FALSE
apache_airflow,48172,FALSE,FALSE
apache_airflow,48171,FALSE,FALSE
apache_airflow,48170,FALSE,FALSE
apache_airflow,48169,FALSE,FALSE
apache_airflow,48168,FALSE,FALSE
apache_airflow,48167,FALSE,FALSE
apache_airflow,48166,FALSE,FALSE
apache_airflow,48165,FALSE,FALSE
apache_airflow,48164,FALSE,FALSE
apache_airflow,48163,FALSE,FALSE
apache_airflow,48162,FALSE,FALSE
apache_airflow,48161,FALSE,FALSE
apache_airflow,48160,FALSE,FALSE
apache_airflow,48157,FALSE,FALSE
apache_airflow,48158,FALSE,FALSE
apache_airflow,48159,FALSE,FALSE
apache_airflow,48156,FALSE,FALSE
apache_airflow,48155,FALSE,FALSE
apache_airflow,48154,FALSE,FALSE
apache_airflow,48153,FALSE,FALSE
apache_airflow,48152,FALSE,FALSE
apache_airflow,48151,FALSE,FALSE
apache_airflow,48150,FALSE,FALSE
apache_airflow,48149,FALSE,FALSE
apache_airflow,48148,FALSE,FALSE
apache_airflow,48147,FALSE,FALSE
apache_airflow,48146,TRUE,TRUE
apache_airflow,48144,FALSE,FALSE
apache_airflow,48143,FALSE,FALSE
apache_airflow,48142,FALSE,FALSE
apache_airflow,48141,FALSE,FALSE
apache_airflow,48140,FALSE,FALSE
apache_airflow,48139,FALSE,FALSE
apache_airflow,48138,FALSE,FALSE
apache_airflow,48137,FALSE,FALSE
apache_airflow,48136,FALSE,FALSE
apache_airflow,48135,FALSE,FALSE
apache_airflow,48134,FALSE,FALSE
apache_airflow,48133,FALSE,FALSE
apache_airflow,48132,FALSE,FALSE
apache_airflow,48131,FALSE,FALSE
apache_airflow,48130,FALSE,FALSE
apache_airflow,48129,FALSE,FALSE
apache_airflow,48128,FALSE,FALSE
apache_airflow,48127,FALSE,FALSE
apache_airflow,48126,FALSE,FALSE
apache_airflow,48125,TRUE,TRUE
apache_airflow,48124,FALSE,FALSE
apache_airflow,48123,FALSE,TRUE
apache_airflow,48121,TRUE,TRUE
apache_airflow,48120,TRUE,TRUE
apache_airflow,48119,FALSE,TRUE
apache_airflow,48118,FALSE,FALSE
apache_airflow,48117,TRUE,TRUE
apache_airflow,48116,FALSE,TRUE
apache_airflow,48115,FALSE,TRUE
apache_airflow,48114,TRUE,FALSE
apache_airflow,48113,TRUE,FALSE
apache_airflow,48112,FALSE,FALSE
apache_airflow,48111,FALSE,TRUE
apache_airflow,48109,TRUE,TRUE
apache_airflow,48108,FALSE,FALSE
apache_airflow,48107,TRUE,TRUE
apache_airflow,48106,FALSE,TRUE
apache_airflow,48103,TRUE,FALSE
apache_airflow,48102,FALSE,TRUE
apache_airflow,48101,FALSE,TRUE
apache_airflow,48100,TRUE,FALSE
apache_airflow,48099,TRUE,TRUE
apache_airflow,48098,FALSE,TRUE
apache_airflow,48097,FALSE,TRUE
apache_airflow,48096,FALSE,FALSE
apache_airflow,48095,FALSE,FALSE
apache_airflow,48094,FALSE,TRUE
apache_airflow,48093,TRUE,FALSE
apache_airflow,48092,FALSE,FALSE
apache_airflow,48091,FALSE,TRUE
apache_airflow,48090,FALSE,TRUE
apache_airflow,48089,FALSE,FALSE
apache_airflow,48085,TRUE,FALSE
apache_airflow,48084,FALSE,FALSE
apache_airflow,48082,FALSE,FALSE
apache_airflow,48081,FALSE,TRUE
apache_airflow,48080,FALSE,FALSE
apache_airflow,48079,FALSE,TRUE
apache_airflow,48078,FALSE,FALSE
apache_airflow,48077,FALSE,TRUE
apache_airflow,48075,TRUE,TRUE
apache_airflow,48074,FALSE,FALSE
apache_airflow,48073,FALSE,TRUE
apache_airflow,48072,FALSE,TRUE
apache_airflow,48071,FALSE,TRUE
apache_airflow,48070,TRUE,TRUE
apache_airflow,48069,FALSE,FALSE
apache_airflow,48068,FALSE,FALSE
apache_airflow,48067,FALSE,TRUE
apache_airflow,48066,TRUE,TRUE
apache_airflow,48065,FALSE,TRUE
apache_airflow,48064,FALSE,FALSE
apache_airflow,48063,TRUE,TRUE
apache_airflow,48062,TRUE,TRUE
apache_airflow,48061,FALSE,FALSE
apache_airflow,48060,TRUE,TRUE
apache_airflow,48057,TRUE,TRUE
apache_airflow,48056,TRUE,TRUE
apache_airflow,48054,TRUE,TRUE
apache_airflow,48053,FALSE,FALSE
apache_airflow,48051,FALSE,FALSE
apache_airflow,48049,FALSE,TRUE
apache_airflow,48048,FALSE,FALSE
apache_airflow,48047,FALSE,FALSE
apache_airflow,48046,FALSE,FALSE
apache_airflow,48045,FALSE,FALSE
apache_airflow,48043,FALSE,FALSE
apache_airflow,48041,FALSE,TRUE
apache_airflow,48040,TRUE,TRUE
apache_airflow,48039,FALSE,FALSE
apache_airflow,48038,FALSE,TRUE
apache_airflow,48036,FALSE,TRUE
apache_airflow,48035,FALSE,TRUE
apache_airflow,48033,FALSE,TRUE
apache_airflow,48032,TRUE,TRUE
apache_airflow,48031,FALSE,FALSE
apache_airflow,48030,FALSE,FALSE
apache_airflow,48029,TRUE,TRUE
apache_airflow,48027,FALSE,FALSE
apache_airflow,48025,FALSE,TRUE
apache_airflow,48023,FALSE,FALSE
apache_airflow,48022,FALSE,TRUE
apache_airflow,48020,FALSE,TRUE
apache_airflow,48019,FALSE,TRUE
apache_airflow,48018,TRUE,TRUE
apache_airflow,48016,FALSE,FALSE
apache_airflow,48015,FALSE,TRUE
apache_airflow,48014,TRUE,TRUE
apache_airflow,48013,FALSE,TRUE
apache_airflow,48012,TRUE,FALSE
apache_airflow,48011,FALSE,TRUE
apache_airflow,48010,FALSE,TRUE
apache_airflow,48008,TRUE,TRUE
apache_airflow,48007,TRUE,TRUE
apache_airflow,48006,FALSE,TRUE
apache_airflow,48004,FALSE,FALSE
apache_airflow,48002,TRUE,TRUE
apache_airflow,48000,TRUE,TRUE
apache_airflow,47999,TRUE,TRUE
apache_airflow,47998,TRUE,TRUE
apache_airflow,47997,TRUE,TRUE
apache_airflow,47996,TRUE,TRUE
apache_airflow,47995,FALSE,TRUE
apache_airflow,47994,FALSE,TRUE
apache_airflow,47993,TRUE,TRUE
apache_airflow,47991,FALSE,FALSE
apache_airflow,47990,FALSE,TRUE
apache_airflow,47989,TRUE,TRUE
apache_airflow,47987,FALSE,FALSE
apache_airflow,47986,FALSE,FALSE
apache_airflow,47985,FALSE,FALSE
apache_airflow,47984,FALSE,FALSE
apache_airflow,47982,FALSE,FALSE
apache_airflow,47981,TRUE,TRUE
apache_airflow,47980,TRUE,TRUE
apache_airflow,47979,FALSE,FALSE
apache_airflow,47978,FALSE,FALSE
apache_airflow,47976,FALSE,FALSE
apache_airflow,47974,TRUE,FALSE
apache_airflow,47973,TRUE,FALSE
apache_airflow,47969,TRUE,TRUE
apache_airflow,47968,FALSE,TRUE
apache_airflow,47967,FALSE,FALSE
apache_airflow,47966,FALSE,TRUE
apache_airflow,47965,FALSE,TRUE
apache_airflow,47964,TRUE,FALSE
apache_airflow,47962,TRUE,TRUE
apache_airflow,47961,TRUE,TRUE
apache_airflow,47960,FALSE,TRUE
apache_airflow,47959,FALSE,TRUE
apache_airflow,47958,FALSE,FALSE
apache_airflow,47957,TRUE,TRUE
apache_airflow,47956,TRUE,TRUE
apache_airflow,47955,FALSE,TRUE
apache_airflow,47954,FALSE,TRUE
apache_airflow,47953,TRUE,TRUE
apache_airflow,47951,TRUE,TRUE
apache_airflow,47946,TRUE,TRUE
apache_airflow,47945,FALSE,TRUE
apache_airflow,47944,TRUE,TRUE
apache_airflow,47943,FALSE,FALSE
apache_airflow,47940,FALSE,TRUE
apache_airflow,47938,TRUE,FALSE
apache_airflow,47937,TRUE,TRUE
apache_airflow,47936,TRUE,TRUE
apache_airflow,47935,FALSE,TRUE
apache_airflow,47933,TRUE,TRUE
apache_airflow,47932,FALSE,TRUE
apache_airflow,47931,FALSE,TRUE
apache_airflow,47930,FALSE,TRUE
apache_airflow,47928,TRUE,TRUE
apache_airflow,47927,FALSE,TRUE
apache_airflow,47925,FALSE,TRUE
apache_airflow,47924,FALSE,FALSE
apache_airflow,47923,FALSE,TRUE
apache_airflow,47922,TRUE,TRUE
apache_airflow,47918,TRUE,TRUE
apache_airflow,47917,FALSE,TRUE
apache_airflow,47915,TRUE,TRUE
apache_airflow,47914,FALSE,FALSE
apache_airflow,47913,FALSE,TRUE
apache_airflow,47912,FALSE,TRUE
apache_airflow,47911,FALSE,FALSE
apache_airflow,47910,FALSE,FALSE
apache_airflow,47909,TRUE,TRUE
apache_airflow,47906,TRUE,TRUE
apache_airflow,47904,FALSE,TRUE
apache_airflow,47903,TRUE,TRUE
apache_airflow,47901,TRUE,TRUE
apache_airflow,47900,FALSE,TRUE
apache_airflow,47898,TRUE,TRUE
apache_airflow,47897,TRUE,TRUE
apache_airflow,47896,TRUE,TRUE
apache_airflow,47895,TRUE,TRUE
apache_airflow,47894,FALSE,FALSE
apache_airflow,47893,TRUE,TRUE
apache_airflow,47892,TRUE,TRUE
apache_airflow,47890,FALSE,TRUE
apache_airflow,47885,TRUE,TRUE
apache_airflow,47884,FALSE,TRUE
apache_airflow,47883,FALSE,TRUE
apache_airflow,47882,TRUE,TRUE
apache_airflow,47881,FALSE,TRUE
apache_airflow,47880,TRUE,TRUE
apache_airflow,47879,FALSE,TRUE
apache_airflow,47877,TRUE,FALSE
apache_airflow,47876,TRUE,FALSE
apache_airflow,47875,FALSE,TRUE
apache_airflow,47871,FALSE,FALSE
apache_airflow,47870,TRUE,TRUE
apache_airflow,47869,TRUE,TRUE
apache_airflow,47868,FALSE,TRUE
apache_airflow,47867,FALSE,FALSE
apache_airflow,47866,TRUE,TRUE
apache_airflow,47865,FALSE,FALSE
apache_airflow,47864,TRUE,TRUE
apache_airflow,47863,TRUE,TRUE
apache_airflow,47861,TRUE,TRUE
apache_airflow,47859,FALSE,TRUE
apache_airflow,47856,FALSE,TRUE
apache_airflow,47855,FALSE,FALSE
apache_airflow,47853,FALSE,FALSE
apache_airflow,47852,TRUE,TRUE
apache_airflow,47848,FALSE,FALSE
apache_airflow,47847,TRUE,TRUE
apache_airflow,47843,FALSE,FALSE
apache_airflow,47842,TRUE,TRUE
apache_airflow,47840,TRUE,TRUE
apache_airflow,47838,FALSE,FALSE
apache_airflow,47837,FALSE,FALSE
apache_airflow,47836,TRUE,TRUE
apache_airflow,47835,FALSE,TRUE
apache_airflow,47834,TRUE,TRUE
apache_airflow,47833,FALSE,FALSE
apache_airflow,47831,TRUE,TRUE
apache_airflow,47828,FALSE,TRUE
apache_airflow,47827,TRUE,TRUE
apache_airflow,47826,FALSE,TRUE
apache_airflow,47825,TRUE,TRUE
apache_airflow,47824,TRUE,TRUE
apache_airflow,47823,TRUE,FALSE
apache_airflow,47822,TRUE,FALSE
apache_airflow,47821,FALSE,FALSE
apache_airflow,47820,TRUE,TRUE
apache_airflow,47819,TRUE,FALSE
apache_airflow,47818,TRUE,TRUE
apache_airflow,47817,FALSE,FALSE
apache_airflow,47816,FALSE,FALSE
apache_airflow,47815,FALSE,TRUE
apache_airflow,47814,TRUE,TRUE
apache_airflow,47812,FALSE,TRUE
apache_airflow,47811,TRUE,FALSE
apache_airflow,47807,FALSE,FALSE
apache_airflow,47804,FALSE,TRUE
apache_airflow,47803,FALSE,TRUE
apache_airflow,47802,FALSE,TRUE
apache_airflow,47801,FALSE,FALSE
apache_airflow,47799,FALSE,FALSE
apache_airflow,47798,TRUE,TRUE
apache_airflow,47797,TRUE,TRUE
apache_airflow,47796,FALSE,TRUE
apache_airflow,47795,FALSE,TRUE
apache_airflow,47794,TRUE,FALSE
apache_airflow,47793,FALSE,TRUE
apache_airflow,47791,TRUE,TRUE
apache_airflow,47790,FALSE,TRUE
apache_airflow,47785,FALSE,TRUE
apache_airflow,47783,FALSE,TRUE
apache_airflow,47776,FALSE,TRUE
apache_airflow,47774,TRUE,TRUE
apache_airflow,47773,FALSE,TRUE
apache_airflow,47772,TRUE,TRUE
apache_airflow,47769,TRUE,TRUE
apache_airflow,47766,FALSE,FALSE
apache_airflow,47765,TRUE,FALSE
apache_airflow,47764,FALSE,TRUE
apache_airflow,47763,FALSE,FALSE
apache_airflow,47762,FALSE,FALSE
apache_airflow,47761,TRUE,TRUE
apache_airflow,47760,TRUE,TRUE
apache_airflow,47759,TRUE,FALSE
apache_airflow,47757,FALSE,TRUE
apache_airflow,47756,FALSE,TRUE
apache_airflow,47755,TRUE,TRUE
apache_airflow,47754,FALSE,TRUE
apache_airflow,47752,FALSE,TRUE
apache_airflow,47751,FALSE,TRUE
apache_airflow,47750,FALSE,TRUE
apache_airflow,47749,FALSE,TRUE
apache_airflow,47748,FALSE,TRUE
apache_airflow,47747,FALSE,TRUE
apache_airflow,47746,FALSE,FALSE
apache_airflow,47745,FALSE,FALSE
apache_airflow,47744,FALSE,TRUE
apache_airflow,47743,FALSE,TRUE
apache_airflow,47742,FALSE,FALSE
apache_airflow,47741,FALSE,FALSE
apache_airflow,47740,FALSE,TRUE
apache_airflow,47739,FALSE,TRUE
apache_airflow,47737,TRUE,TRUE
apache_airflow,47736,TRUE,TRUE
apache_airflow,47734,FALSE,TRUE
apache_airflow,47732,FALSE,TRUE
apache_airflow,47731,TRUE,TRUE
apache_airflow,47730,FALSE,TRUE
apache_airflow,47729,TRUE,TRUE
apache_airflow,47728,TRUE,TRUE
apache_airflow,47727,FALSE,TRUE
apache_airflow,47726,TRUE,TRUE
apache_airflow,47725,TRUE,TRUE
apache_airflow,47724,FALSE,TRUE
apache_airflow,47723,FALSE,TRUE
apache_airflow,47721,FALSE,TRUE
apache_airflow,47716,TRUE,TRUE
apache_airflow,47715,FALSE,FALSE
apache_airflow,47714,FALSE,FALSE
apache_airflow,47713,FALSE,FALSE
apache_airflow,47712,TRUE,FALSE
apache_airflow,47711,FALSE,FALSE
apache_airflow,47710,FALSE,FALSE
apache_airflow,47709,FALSE,TRUE
apache_airflow,47707,FALSE,TRUE
apache_airflow,47705,FALSE,FALSE
apache_airflow,47704,TRUE,TRUE
apache_airflow,47701,TRUE,TRUE
apache_airflow,47699,TRUE,TRUE
apache_airflow,47697,FALSE,TRUE
apache_airflow,47696,FALSE,TRUE
apache_airflow,47695,FALSE,TRUE
apache_airflow,47694,TRUE,FALSE
apache_airflow,47692,FALSE,TRUE
apache_airflow,47691,TRUE,TRUE
apache_airflow,47690,TRUE,TRUE
apache_airflow,47688,TRUE,TRUE
apache_airflow,47686,FALSE,TRUE
apache_airflow,47685,TRUE,TRUE
apache_airflow,47684,TRUE,TRUE
apache_airflow,47683,FALSE,TRUE
apache_airflow,47681,TRUE,TRUE
apache_airflow,47680,FALSE,TRUE
apache_airflow,47679,FALSE,FALSE
apache_airflow,47678,FALSE,TRUE
apache_airflow,47677,TRUE,TRUE
apache_airflow,47676,FALSE,FALSE
apache_airflow,47674,TRUE,TRUE
apache_airflow,47673,TRUE,TRUE
apache_airflow,47672,FALSE,TRUE
apache_airflow,47668,FALSE,TRUE
apache_airflow,47667,TRUE,FALSE
apache_airflow,47666,TRUE,FALSE
apache_airflow,47664,TRUE,TRUE
apache_airflow,47663,TRUE,FALSE
apache_airflow,47662,TRUE,TRUE
apache_airflow,47661,TRUE,TRUE
apache_airflow,47659,TRUE,TRUE
apache_airflow,47658,TRUE,TRUE
apache_airflow,47657,TRUE,TRUE
apache_airflow,47656,FALSE,TRUE
apache_airflow,47655,FALSE,TRUE
apache_airflow,47653,FALSE,FALSE
apache_airflow,47652,TRUE,TRUE
apache_airflow,47651,TRUE,TRUE
apache_airflow,47650,TRUE,TRUE
apache_airflow,47649,FALSE,TRUE
apache_airflow,47648,TRUE,TRUE
apache_airflow,47647,FALSE,TRUE
apache_airflow,47645,TRUE,TRUE
apache_airflow,47644,TRUE,TRUE
apache_airflow,47643,FALSE,TRUE
apache_airflow,47641,FALSE,FALSE
apache_airflow,47640,TRUE,TRUE
apache_airflow,47639,TRUE,TRUE
apache_airflow,47638,FALSE,TRUE
apache_airflow,47636,TRUE,TRUE
apache_airflow,47635,FALSE,TRUE
apache_airflow,47633,FALSE,TRUE
apache_airflow,47631,TRUE,TRUE
apache_airflow,47628,TRUE,TRUE
apache_airflow,47627,FALSE,TRUE
apache_airflow,47626,FALSE,TRUE
apache_airflow,47625,TRUE,TRUE
apache_airflow,47623,TRUE,TRUE
apache_airflow,47622,FALSE,TRUE
apache_airflow,47618,TRUE,TRUE
apache_airflow,47617,FALSE,TRUE
apache_airflow,47616,TRUE,TRUE
apache_airflow,47611,FALSE,TRUE
apache_airflow,47607,FALSE,TRUE
apache_airflow,47605,FALSE,TRUE
apache_airflow,47602,TRUE,TRUE
apache_airflow,47599,TRUE,TRUE
apache_airflow,47598,TRUE,TRUE
apache_airflow,47596,TRUE,TRUE
apache_airflow,47593,TRUE,TRUE
apache_airflow,47592,TRUE,TRUE
apache_airflow,47591,FALSE,TRUE
apache_airflow,47590,FALSE,TRUE
apache_airflow,47589,FALSE,TRUE
apache_airflow,47588,TRUE,TRUE
apache_airflow,47586,FALSE,TRUE
apache_airflow,47583,TRUE,TRUE
apache_airflow,47581,FALSE,TRUE
apache_airflow,47580,FALSE,TRUE
apache_airflow,47578,FALSE,TRUE
apache_airflow,47577,TRUE,TRUE
apache_airflow,47575,FALSE,TRUE
apache_airflow,47574,TRUE,TRUE
apache_airflow,47573,TRUE,TRUE
apache_airflow,47572,FALSE,TRUE
apache_airflow,47571,TRUE,TRUE
apache_airflow,47570,FALSE,TRUE
apache_airflow,47569,FALSE,TRUE
apache_airflow,47568,TRUE,TRUE
apache_airflow,47564,TRUE,TRUE
apache_airflow,47563,FALSE,TRUE
apache_airflow,47562,TRUE,TRUE
apache_airflow,47560,FALSE,FALSE
apache_airflow,47558,FALSE,TRUE
apache_airflow,47557,FALSE,FALSE
apache_airflow,47556,TRUE,TRUE
apache_airflow,47554,FALSE,FALSE
apache_airflow,47553,TRUE,TRUE
apache_airflow,47552,TRUE,TRUE
apache_airflow,47551,FALSE,FALSE
apache_airflow,47550,FALSE,FALSE
apache_airflow,47548,FALSE,TRUE
apache_airflow,47547,FALSE,FALSE
apache_airflow,47546,FALSE,FALSE
apache_airflow,47545,TRUE,TRUE
apache_airflow,47544,TRUE,FALSE
apache_airflow,47543,FALSE,FALSE
apache_airflow,47542,FALSE,FALSE
apache_airflow,47540,FALSE,TRUE
apache_airflow,47538,FALSE,FALSE
apache_airflow,47536,FALSE,FALSE
apache_airflow,47534,FALSE,TRUE
apache_airflow,47533,TRUE,TRUE
apache_airflow,47532,TRUE,TRUE
apache_airflow,47530,TRUE,TRUE
apache_airflow,47529,FALSE,TRUE
apache_airflow,47528,TRUE,TRUE
apache_airflow,47527,TRUE,TRUE
apache_airflow,47526,TRUE,TRUE
apache_airflow,47525,FALSE,FALSE
apache_airflow,47524,FALSE,FALSE
apache_airflow,47523,TRUE,TRUE
apache_airflow,47522,TRUE,TRUE
apache_airflow,47520,FALSE,FALSE
apache_airflow,47519,TRUE,TRUE
apache_airflow,47517,FALSE,TRUE
apache_airflow,47516,FALSE,TRUE
apache_airflow,47515,TRUE,FALSE
apache_airflow,47514,TRUE,TRUE
apache_airflow,47513,FALSE,FALSE
apache_airflow,47512,TRUE,FALSE
apache_airflow,47510,TRUE,TRUE
apache_airflow,47508,TRUE,TRUE
apache_airflow,47507,FALSE,FALSE
apache_airflow,47506,FALSE,TRUE
apache_airflow,47505,TRUE,TRUE
apache_airflow,47504,TRUE,TRUE
apache_airflow,47500,TRUE,TRUE
apache_airflow,47495,TRUE,TRUE
apache_airflow,47493,TRUE,TRUE
apache_airflow,47492,TRUE,TRUE
apache_airflow,47491,FALSE,FALSE
apache_airflow,47490,TRUE,TRUE
apache_airflow,47489,FALSE,TRUE
apache_airflow,47487,TRUE,TRUE
apache_airflow,47485,TRUE,TRUE
apache_airflow,47484,TRUE,TRUE
apache_airflow,47482,TRUE,TRUE
apache_airflow,47479,TRUE,FALSE
apache_airflow,47478,TRUE,TRUE
apache_airflow,47477,FALSE,TRUE
apache_airflow,47476,TRUE,FALSE
apache_airflow,47475,TRUE,FALSE
apache_airflow,47474,FALSE,FALSE
apache_airflow,47473,TRUE,TRUE
apache_airflow,47472,TRUE,TRUE
apache_airflow,47471,FALSE,TRUE
apache_airflow,47469,FALSE,TRUE
apache_airflow,47468,TRUE,TRUE
apache_airflow,47466,FALSE,TRUE
apache_airflow,47465,FALSE,TRUE
apache_airflow,47464,FALSE,TRUE
apache_airflow,47463,FALSE,TRUE
apache_airflow,47462,FALSE,TRUE
apache_airflow,47461,FALSE,FALSE
apache_airflow,47460,TRUE,FALSE
apache_airflow,47459,TRUE,TRUE
apache_airflow,47458,TRUE,TRUE
apache_airflow,47455,FALSE,TRUE
apache_airflow,47454,FALSE,FALSE
apache_airflow,47453,TRUE,TRUE
apache_airflow,47451,TRUE,TRUE
apache_airflow,47449,FALSE,TRUE
apache_airflow,47448,FALSE,TRUE
apache_airflow,47446,TRUE,TRUE
apache_airflow,47445,FALSE,TRUE
apache_airflow,47444,TRUE,TRUE
apache_airflow,47442,FALSE,TRUE
apache_airflow,47441,FALSE,TRUE
apache_airflow,47440,FALSE,FALSE
apache_airflow,47439,FALSE,FALSE
apache_airflow,47438,FALSE,FALSE
apache_airflow,47436,FALSE,TRUE
apache_airflow,47435,FALSE,TRUE
apache_airflow,47433,TRUE,TRUE
apache_airflow,47432,TRUE,TRUE
apache_airflow,47424,TRUE,FALSE
apache_airflow,47422,TRUE,TRUE
apache_airflow,47421,FALSE,TRUE
apache_airflow,47419,TRUE,TRUE
apache_airflow,47418,FALSE,TRUE
apache_airflow,47417,TRUE,TRUE
apache_airflow,47416,FALSE,FALSE
apache_airflow,47415,FALSE,TRUE
apache_airflow,47414,FALSE,TRUE
apache_airflow,47411,FALSE,TRUE
apache_airflow,47410,FALSE,TRUE
apache_airflow,47409,TRUE,TRUE
apache_airflow,47408,FALSE,FALSE
apache_airflow,47407,TRUE,TRUE
apache_airflow,47406,TRUE,TRUE
apache_airflow,47405,FALSE,TRUE
apache_airflow,47404,TRUE,TRUE
apache_airflow,47403,FALSE,TRUE
apache_airflow,47402,TRUE,TRUE
apache_airflow,47401,TRUE,TRUE
apache_airflow,47400,FALSE,TRUE
apache_airflow,47399,TRUE,TRUE
apache_airflow,47397,FALSE,TRUE
apache_airflow,47396,FALSE,TRUE
apache_airflow,47394,FALSE,TRUE
apache_airflow,47393,FALSE,FALSE
apache_airflow,47390,FALSE,FALSE
apache_airflow,47388,TRUE,FALSE
apache_airflow,47387,FALSE,FALSE
apache_airflow,47385,FALSE,TRUE
apache_airflow,47383,TRUE,TRUE
apache_airflow,47381,TRUE,TRUE
apache_airflow,47380,FALSE,FALSE
apache_airflow,47379,FALSE,TRUE
apache_airflow,47376,TRUE,TRUE
apache_airflow,47375,TRUE,TRUE
apache_airflow,47371,TRUE,TRUE
apache_airflow,47365,FALSE,TRUE
apache_airflow,47363,FALSE,TRUE
apache_airflow,47362,TRUE,TRUE
apache_airflow,47361,FALSE,TRUE
apache_airflow,47360,TRUE,TRUE
apache_airflow,47359,FALSE,TRUE
apache_airflow,47358,FALSE,TRUE
apache_airflow,47357,FALSE,FALSE
apache_airflow,47356,FALSE,FALSE
apache_airflow,47355,FALSE,TRUE
apache_airflow,47354,TRUE,TRUE
apache_airflow,47352,FALSE,FALSE
apache_airflow,47351,FALSE,TRUE
apache_airflow,47350,FALSE,TRUE
apache_airflow,47347,FALSE,TRUE
apache_airflow,47345,TRUE,TRUE
apache_airflow,47342,FALSE,FALSE
apache_airflow,47341,FALSE,FALSE
apache_airflow,47340,TRUE,TRUE
apache_airflow,47339,TRUE,TRUE
apache_airflow,47338,FALSE,TRUE
apache_airflow,47336,FALSE,TRUE
apache_airflow,47334,FALSE,TRUE
apache_airflow,47327,TRUE,TRUE
apache_airflow,47326,TRUE,TRUE
apache_airflow,47322,TRUE,TRUE
apache_airflow,47321,TRUE,TRUE
apache_airflow,47320,TRUE,TRUE
apache_airflow,47319,FALSE,FALSE
apache_airflow,47318,TRUE,TRUE
apache_airflow,47317,TRUE,FALSE
apache_airflow,47316,TRUE,TRUE
apache_airflow,47315,FALSE,TRUE
apache_airflow,47314,FALSE,FALSE
apache_airflow,47313,FALSE,TRUE
apache_airflow,47311,TRUE,TRUE
apache_airflow,47310,TRUE,TRUE
apache_airflow,47309,FALSE,TRUE
apache_airflow,47308,TRUE,TRUE
apache_airflow,47307,TRUE,TRUE
apache_airflow,47306,FALSE,FALSE
apache_airflow,47305,FALSE,FALSE
apache_airflow,47304,TRUE,TRUE
apache_airflow,47302,TRUE,TRUE
apache_airflow,47301,FALSE,TRUE
apache_airflow,47299,TRUE,TRUE
apache_airflow,47292,FALSE,TRUE
apache_airflow,47291,FALSE,FALSE
apache_airflow,47290,FALSE,FALSE
apache_airflow,47289,FALSE,FALSE
apache_airflow,47288,TRUE,FALSE
apache_airflow,47287,FALSE,TRUE
apache_airflow,47286,FALSE,FALSE
apache_airflow,47285,FALSE,TRUE
apache_airflow,47284,FALSE,FALSE
apache_airflow,47282,FALSE,FALSE
apache_airflow,47281,TRUE,TRUE
apache_airflow,47280,TRUE,TRUE
apache_airflow,47279,TRUE,TRUE
apache_airflow,47278,FALSE,FALSE
apache_airflow,47277,FALSE,FALSE
apache_airflow,47276,FALSE,FALSE
apache_airflow,47275,FALSE,FALSE
apache_airflow,47273,FALSE,FALSE
apache_airflow,47272,FALSE,FALSE
apache_airflow,47271,TRUE,TRUE
apache_airflow,47270,TRUE,TRUE
apache_airflow,47269,FALSE,FALSE
apache_airflow,47266,FALSE,TRUE
apache_airflow,47265,FALSE,TRUE
apache_airflow,47264,TRUE,TRUE
apache_airflow,47263,FALSE,FALSE
apache_airflow,47262,TRUE,TRUE
apache_airflow,47261,FALSE,FALSE
apache_airflow,47260,FALSE,FALSE
apache_airflow,47259,TRUE,TRUE
apache_airflow,47258,TRUE,FALSE
apache_airflow,47257,TRUE,FALSE
apache_airflow,47256,FALSE,FALSE
apache_airflow,47255,FALSE,TRUE
apache_airflow,47254,FALSE,TRUE
apache_airflow,47253,FALSE,TRUE
apache_airflow,47252,FALSE,FALSE
apache_airflow,47251,TRUE,TRUE
apache_airflow,47250,FALSE,FALSE
apache_airflow,47249,FALSE,FALSE
apache_airflow,47248,FALSE,TRUE
apache_airflow,47247,TRUE,TRUE
apache_airflow,47246,TRUE,TRUE
apache_airflow,47245,FALSE,FALSE
apache_airflow,47244,FALSE,TRUE
apache_airflow,47243,FALSE,TRUE
apache_airflow,47242,FALSE,FALSE
apache_airflow,47241,TRUE,TRUE
apache_airflow,47240,FALSE,TRUE
apache_airflow,47239,TRUE,TRUE
apache_airflow,47238,TRUE,TRUE
apache_airflow,47237,FALSE,FALSE
apache_airflow,47236,TRUE,TRUE
apache_airflow,47235,FALSE,FALSE
apache_airflow,47234,TRUE,FALSE
apache_airflow,47233,FALSE,TRUE
apache_airflow,47231,FALSE,TRUE
apache_airflow,47229,TRUE,TRUE
apache_airflow,47228,FALSE,FALSE
apache_airflow,47227,FALSE,TRUE
apache_airflow,47226,FALSE,TRUE
apache_airflow,47224,FALSE,TRUE
apache_airflow,47223,TRUE,TRUE
apache_airflow,47222,FALSE,TRUE
apache_airflow,47219,FALSE,TRUE
apache_airflow,47218,FALSE,FALSE
apache_airflow,47217,TRUE,TRUE
apache_airflow,47216,FALSE,FALSE
apache_airflow,47215,FALSE,TRUE
apache_airflow,47214,FALSE,FALSE
apache_airflow,47213,TRUE,FALSE
apache_airflow,47212,TRUE,FALSE
apache_airflow,47211,TRUE,TRUE
apache_airflow,47209,TRUE,TRUE
apache_airflow,47208,TRUE,TRUE
apache_airflow,47205,FALSE,TRUE
apache_airflow,47204,FALSE,TRUE
apache_airflow,47203,FALSE,TRUE
apache_airflow,47202,FALSE,FALSE
apache_airflow,47198,FALSE,TRUE
apache_airflow,47194,TRUE,TRUE
apache_airflow,47193,FALSE,TRUE
apache_airflow,47192,TRUE,TRUE
apache_airflow,47191,TRUE,TRUE
apache_airflow,47190,FALSE,TRUE
apache_airflow,47189,FALSE,FALSE
apache_airflow,47188,FALSE,TRUE
apache_airflow,47187,TRUE,TRUE
apache_airflow,47184,FALSE,TRUE
apache_airflow,47183,FALSE,FALSE
apache_airflow,47182,FALSE,TRUE
apache_airflow,47181,FALSE,TRUE
apache_airflow,47180,FALSE,TRUE
apache_airflow,47179,FALSE,TRUE
apache_airflow,47178,FALSE,TRUE
apache_airflow,47177,FALSE,FALSE
apache_airflow,47175,FALSE,FALSE
apache_airflow,47174,FALSE,FALSE
apache_airflow,47173,FALSE,TRUE
apache_airflow,47172,FALSE,TRUE
apache_airflow,47171,TRUE,TRUE
apache_airflow,47170,FALSE,TRUE
apache_airflow,47169,TRUE,TRUE
apache_airflow,47168,TRUE,TRUE
apache_airflow,47162,FALSE,TRUE
apache_airflow,47159,FALSE,TRUE
apache_airflow,47158,TRUE,TRUE
apache_airflow,47157,FALSE,TRUE
apache_airflow,47156,TRUE,TRUE
apache_airflow,47155,TRUE,TRUE
apache_airflow,47154,FALSE,TRUE
apache_airflow,47153,FALSE,TRUE
apache_airflow,47152,FALSE,TRUE
apache_airflow,47150,TRUE,TRUE
apache_airflow,47148,FALSE,TRUE
apache_airflow,47146,TRUE,TRUE
apache_airflow,47145,FALSE,TRUE
apache_airflow,47144,FALSE,FALSE
apache_airflow,47142,FALSE,TRUE
apache_airflow,47141,TRUE,TRUE
apache_airflow,47140,TRUE,TRUE
apache_airflow,47138,FALSE,TRUE
apache_airflow,47136,TRUE,TRUE
apache_airflow,47134,FALSE,TRUE
apache_airflow,47131,FALSE,TRUE
apache_airflow,47128,TRUE,FALSE
apache_airflow,47127,FALSE,FALSE
apache_airflow,47126,TRUE,TRUE
apache_airflow,47125,TRUE,TRUE
apache_airflow,47124,FALSE,FALSE
apache_airflow,47122,FALSE,TRUE
apache_airflow,47120,FALSE,TRUE
apache_airflow,47119,FALSE,TRUE
apache_airflow,47118,FALSE,TRUE
apache_airflow,47115,TRUE,TRUE
apache_airflow,47112,FALSE,TRUE
apache_airflow,47109,FALSE,TRUE
apache_airflow,47108,TRUE,TRUE
apache_airflow,47106,TRUE,TRUE
apache_airflow,47105,FALSE,TRUE
apache_airflow,47103,TRUE,TRUE
apache_airflow,47102,FALSE,TRUE
apache_airflow,47101,TRUE,TRUE
apache_airflow,47099,FALSE,TRUE
apache_airflow,47097,FALSE,FALSE
apache_airflow,47096,FALSE,FALSE
apache_airflow,47095,TRUE,TRUE
apache_airflow,47094,FALSE,FALSE
apache_airflow,47092,FALSE,TRUE
apache_airflow,47090,TRUE,TRUE
apache_airflow,47089,FALSE,TRUE
apache_airflow,47088,FALSE,TRUE
apache_airflow,47087,FALSE,FALSE
apache_airflow,47086,FALSE,TRUE
apache_airflow,47085,TRUE,TRUE
apache_airflow,47083,TRUE,TRUE
apache_airflow,47082,FALSE,TRUE
apache_airflow,47081,FALSE,FALSE
apache_airflow,47079,FALSE,TRUE
apache_airflow,47078,FALSE,TRUE
apache_airflow,47077,FALSE,FALSE
apache_airflow,47076,TRUE,TRUE
apache_airflow,47075,FALSE,TRUE
apache_airflow,47074,TRUE,TRUE
apache_airflow,47073,TRUE,TRUE
apache_airflow,47072,TRUE,TRUE
apache_airflow,47071,FALSE,TRUE
apache_airflow,47070,TRUE,FALSE
apache_airflow,47069,TRUE,TRUE
apache_airflow,47068,FALSE,FALSE
apache_airflow,47067,FALSE,FALSE
apache_airflow,47066,TRUE,TRUE
apache_airflow,47065,TRUE,TRUE
apache_airflow,47064,FALSE,TRUE
apache_airflow,47063,TRUE,TRUE
apache_airflow,47062,TRUE,TRUE
apache_airflow,47061,TRUE,TRUE
apache_airflow,47060,FALSE,FALSE
apache_airflow,47058,TRUE,FALSE
apache_airflow,47057,FALSE,FALSE
apache_airflow,47056,TRUE,TRUE
apache_airflow,47054,FALSE,TRUE
apache_airflow,47052,FALSE,TRUE
apache_airflow,47051,TRUE,TRUE
apache_airflow,47049,FALSE,FALSE
apache_airflow,47048,TRUE,TRUE
apache_airflow,47047,FALSE,TRUE
apache_airflow,47045,FALSE,TRUE
apache_airflow,47044,FALSE,TRUE
apache_airflow,47043,TRUE,TRUE
apache_airflow,47041,TRUE,TRUE
apache_airflow,47038,FALSE,TRUE
apache_airflow,47037,FALSE,FALSE
apache_airflow,47036,TRUE,TRUE
apache_airflow,47035,TRUE,TRUE
apache_airflow,47034,FALSE,FALSE
apache_airflow,47030,FALSE,TRUE
apache_airflow,47027,FALSE,TRUE
apache_airflow,47026,FALSE,TRUE
apache_airflow,47022,FALSE,TRUE
apache_airflow,47021,TRUE,FALSE
apache_airflow,47017,TRUE,FALSE
apache_airflow,47016,TRUE,FALSE
apache_airflow,47015,FALSE,FALSE
apache_airflow,47014,TRUE,TRUE
apache_airflow,47008,TRUE,TRUE
apache_airflow,47007,FALSE,FALSE
apache_airflow,47006,TRUE,TRUE
apache_airflow,47005,FALSE,TRUE
apache_airflow,47004,TRUE,TRUE
apache_airflow,47002,FALSE,FALSE
apache_airflow,47001,FALSE,FALSE
apache_airflow,46999,FALSE,FALSE
apache_airflow,46998,FALSE,TRUE
apache_airflow,46997,TRUE,TRUE
apache_airflow,46996,FALSE,TRUE
apache_airflow,46995,FALSE,TRUE
apache_airflow,46993,TRUE,FALSE
apache_airflow,46992,TRUE,TRUE
apache_airflow,46991,TRUE,TRUE
apache_airflow,46986,TRUE,TRUE
apache_airflow,46985,FALSE,TRUE
apache_airflow,46984,FALSE,TRUE
apache_airflow,46983,TRUE,TRUE
apache_airflow,46981,TRUE,TRUE
apache_airflow,46980,FALSE,TRUE
apache_airflow,46977,FALSE,FALSE
apache_airflow,46975,FALSE,FALSE
apache_airflow,46974,FALSE,FALSE
apache_airflow,46970,FALSE,TRUE
apache_airflow,46969,FALSE,TRUE
apache_airflow,46968,FALSE,TRUE
apache_airflow,46967,FALSE,TRUE
apache_airflow,46966,TRUE,TRUE
apache_airflow,46965,FALSE,FALSE
apache_airflow,46963,FALSE,FALSE
apache_airflow,46962,FALSE,TRUE
apache_airflow,46961,TRUE,TRUE
apache_airflow,46960,FALSE,TRUE
apache_airflow,46959,TRUE,TRUE
apache_airflow,46957,TRUE,TRUE
apache_airflow,46956,FALSE,FALSE
apache_airflow,46954,FALSE,FALSE
apache_airflow,46953,FALSE,TRUE
apache_airflow,46951,FALSE,TRUE
apache_airflow,46950,FALSE,TRUE
apache_airflow,46948,FALSE,FALSE
apache_airflow,46947,TRUE,FALSE
apache_airflow,46946,TRUE,TRUE
apache_airflow,46945,TRUE,TRUE
apache_airflow,46944,TRUE,TRUE
apache_airflow,46942,TRUE,TRUE
apache_airflow,46941,TRUE,TRUE
apache_airflow,46939,FALSE,TRUE
apache_airflow,46938,FALSE,FALSE
apache_airflow,46936,FALSE,FALSE
apache_airflow,46934,TRUE,TRUE
apache_airflow,46933,FALSE,TRUE
apache_airflow,46931,FALSE,FALSE
apache_airflow,46929,TRUE,TRUE
apache_airflow,46926,TRUE,TRUE
apache_airflow,46922,FALSE,TRUE
apache_airflow,46920,TRUE,TRUE
apache_airflow,46919,FALSE,TRUE
apache_airflow,46918,TRUE,TRUE
apache_airflow,46917,TRUE,TRUE
apache_airflow,46914,TRUE,TRUE
apache_airflow,46913,TRUE,TRUE
apache_airflow,46912,FALSE,FALSE
apache_airflow,46911,TRUE,TRUE
apache_airflow,46910,FALSE,TRUE
apache_airflow,46909,FALSE,TRUE
apache_airflow,46907,FALSE,TRUE
apache_airflow,46905,FALSE,FALSE
apache_airflow,46904,FALSE,FALSE
apache_airflow,46903,FALSE,FALSE
apache_airflow,46901,FALSE,TRUE
apache_airflow,46900,FALSE,TRUE
apache_airflow,46899,FALSE,FALSE
apache_airflow,46897,FALSE,FALSE
apache_airflow,46895,FALSE,TRUE
apache_airflow,46893,TRUE,TRUE
apache_airflow,46891,TRUE,TRUE
apache_airflow,46890,TRUE,TRUE
apache_airflow,46889,FALSE,TRUE
apache_airflow,46886,TRUE,TRUE
apache_airflow,46885,FALSE,TRUE
apache_airflow,46883,TRUE,TRUE
apache_airflow,46882,FALSE,TRUE
apache_airflow,46879,TRUE,TRUE
apache_airflow,46878,FALSE,TRUE
apache_airflow,46877,TRUE,TRUE
apache_airflow,46876,FALSE,FALSE
apache_airflow,46875,FALSE,FALSE
apache_airflow,46873,FALSE,TRUE
apache_airflow,46872,FALSE,FALSE
apache_airflow,46871,FALSE,FALSE
apache_airflow,46870,TRUE,TRUE
apache_airflow,46869,TRUE,TRUE
apache_airflow,46867,TRUE,TRUE
apache_airflow,46866,FALSE,TRUE
apache_airflow,46865,TRUE,TRUE
apache_airflow,46864,FALSE,FALSE
apache_airflow,46862,FALSE,FALSE
apache_airflow,46861,TRUE,TRUE
apache_airflow,46860,TRUE,TRUE
apache_airflow,46859,TRUE,FALSE
apache_airflow,46857,TRUE,TRUE
apache_airflow,46854,FALSE,TRUE
apache_airflow,46853,FALSE,TRUE
apache_airflow,46851,TRUE,TRUE
apache_airflow,46850,TRUE,FALSE
apache_airflow,46849,TRUE,TRUE
apache_airflow,46848,TRUE,TRUE
apache_airflow,46847,FALSE,TRUE
apache_airflow,46846,TRUE,TRUE
apache_airflow,46844,FALSE,FALSE
apache_airflow,46840,TRUE,TRUE
apache_airflow,46839,TRUE,TRUE
apache_airflow,46836,FALSE,FALSE
apache_airflow,46834,FALSE,TRUE
apache_airflow,46833,TRUE,TRUE
apache_airflow,46832,FALSE,FALSE
apache_airflow,46830,FALSE,FALSE
apache_airflow,46829,TRUE,TRUE
apache_airflow,46827,TRUE,TRUE
apache_airflow,46826,TRUE,TRUE
apache_airflow,46823,FALSE,TRUE
apache_airflow,46822,TRUE,TRUE
apache_airflow,46821,FALSE,FALSE
apache_airflow,46820,TRUE,TRUE
apache_airflow,46819,TRUE,FALSE
apache_airflow,46818,TRUE,TRUE
apache_airflow,46817,TRUE,TRUE
apache_airflow,46816,FALSE,TRUE
apache_airflow,46815,FALSE,FALSE
apache_airflow,46814,TRUE,TRUE
apache_airflow,46813,TRUE,FALSE
apache_airflow,46812,TRUE,FALSE
apache_airflow,46811,TRUE,FALSE
apache_airflow,46810,TRUE,TRUE
apache_airflow,46809,TRUE,FALSE
apache_airflow,46807,TRUE,FALSE
apache_airflow,46806,FALSE,FALSE
apache_airflow,46802,FALSE,FALSE
apache_airflow,46801,TRUE,FALSE
apache_airflow,46800,TRUE,TRUE
apache_airflow,46799,TRUE,TRUE
apache_airflow,46798,FALSE,FALSE
apache_airflow,46797,TRUE,FALSE
apache_airflow,46796,FALSE,FALSE
apache_airflow,46795,TRUE,FALSE
apache_airflow,46794,TRUE,FALSE
apache_airflow,46791,FALSE,FALSE
apache_airflow,46790,FALSE,TRUE
apache_airflow,46788,FALSE,TRUE
apache_airflow,46786,TRUE,TRUE
apache_airflow,46785,FALSE,TRUE
apache_airflow,46784,FALSE,FALSE
apache_airflow,46783,FALSE,TRUE
apache_airflow,46781,TRUE,TRUE
apache_airflow,46780,TRUE,TRUE
apache_airflow,46779,FALSE,FALSE
apache_airflow,46778,FALSE,TRUE
apache_airflow,46777,FALSE,TRUE
apache_airflow,46776,TRUE,TRUE
apache_airflow,46773,FALSE,FALSE
apache_airflow,46772,FALSE,TRUE
apache_airflow,46771,FALSE,TRUE
apache_airflow,46770,TRUE,TRUE
apache_airflow,46769,FALSE,FALSE
apache_airflow,46768,FALSE,TRUE
apache_airflow,46767,FALSE,FALSE
apache_airflow,46766,TRUE,TRUE
apache_airflow,46763,FALSE,FALSE
apache_airflow,46762,TRUE,TRUE
apache_airflow,46761,FALSE,FALSE
apache_airflow,46759,TRUE,TRUE
apache_airflow,46758,TRUE,TRUE
apache_airflow,46757,FALSE,TRUE
apache_airflow,46755,TRUE,TRUE
apache_airflow,46753,TRUE,TRUE
apache_airflow,46752,FALSE,TRUE
apache_airflow,46750,FALSE,TRUE
apache_airflow,46746,FALSE,FALSE
apache_airflow,46745,FALSE,FALSE
apache_airflow,46744,FALSE,FALSE
apache_airflow,46743,FALSE,FALSE
apache_airflow,46742,FALSE,FALSE
apache_airflow,46741,TRUE,TRUE
apache_airflow,46740,TRUE,TRUE
apache_airflow,46739,TRUE,TRUE
apache_airflow,46738,FALSE,FALSE
apache_airflow,46737,FALSE,TRUE
apache_airflow,46736,FALSE,TRUE
apache_airflow,46729,FALSE,FALSE
apache_airflow,46728,TRUE,TRUE
apache_airflow,46727,FALSE,TRUE
apache_airflow,46726,FALSE,TRUE
apache_airflow,46725,FALSE,TRUE
apache_airflow,46724,TRUE,TRUE
apache_airflow,46723,TRUE,TRUE
apache_airflow,46722,FALSE,TRUE
apache_airflow,46721,TRUE,TRUE
apache_airflow,46720,TRUE,TRUE
apache_airflow,46719,TRUE,TRUE
apache_airflow,46718,TRUE,TRUE
apache_airflow,46716,TRUE,TRUE
apache_airflow,46712,FALSE,TRUE
apache_airflow,46710,TRUE,TRUE
apache_airflow,46709,FALSE,TRUE
apache_airflow,46707,TRUE,TRUE
apache_airflow,46706,FALSE,TRUE
apache_airflow,46705,TRUE,TRUE
apache_airflow,46704,TRUE,TRUE
apache_airflow,46703,FALSE,FALSE
apache_airflow,46702,TRUE,FALSE
apache_airflow,46700,TRUE,FALSE
apache_airflow,46699,FALSE,TRUE
apache_airflow,46698,FALSE,FALSE
apache_airflow,46696,TRUE,FALSE
apache_airflow,46695,FALSE,TRUE
apache_airflow,46694,TRUE,TRUE
apache_airflow,46693,TRUE,FALSE
apache_airflow,46692,FALSE,TRUE
apache_airflow,46691,TRUE,TRUE
apache_airflow,46690,FALSE,TRUE
apache_airflow,46689,FALSE,FALSE
apache_airflow,46685,TRUE,TRUE
apache_airflow,46684,TRUE,TRUE
apache_airflow,46683,FALSE,FALSE
apache_airflow,46682,TRUE,TRUE
apache_airflow,46681,FALSE,TRUE
apache_airflow,46680,TRUE,TRUE
apache_airflow,46679,FALSE,FALSE
apache_airflow,46678,TRUE,TRUE
apache_airflow,46677,TRUE,TRUE
apache_airflow,46676,FALSE,TRUE
apache_airflow,46674,TRUE,FALSE
apache_airflow,46673,TRUE,TRUE
apache_airflow,46672,TRUE,TRUE
apache_airflow,46670,TRUE,TRUE
apache_airflow,46667,FALSE,TRUE
apache_airflow,46666,FALSE,TRUE
apache_airflow,46664,FALSE,TRUE
apache_airflow,46663,TRUE,TRUE
apache_airflow,46662,FALSE,FALSE
apache_airflow,46661,FALSE,TRUE
apache_airflow,46659,FALSE,TRUE
apache_airflow,46653,FALSE,TRUE
apache_airflow,46651,TRUE,FALSE
apache_airflow,46649,TRUE,FALSE
apache_airflow,46647,TRUE,TRUE
apache_airflow,46643,TRUE,TRUE
apache_airflow,46642,FALSE,TRUE
apache_airflow,46639,FALSE,FALSE
apache_airflow,46638,TRUE,FALSE
apache_airflow,46637,TRUE,TRUE
apache_airflow,46636,FALSE,TRUE
apache_airflow,46635,FALSE,FALSE
apache_airflow,46634,FALSE,TRUE
apache_airflow,46633,TRUE,TRUE
apache_airflow,46631,FALSE,TRUE
apache_airflow,46628,FALSE,FALSE
apache_airflow,46627,TRUE,TRUE
apache_airflow,46626,TRUE,TRUE
apache_airflow,46625,TRUE,FALSE
apache_airflow,46624,FALSE,FALSE
apache_airflow,46623,FALSE,TRUE
apache_airflow,46622,FALSE,TRUE
apache_airflow,46621,TRUE,TRUE
apache_airflow,46620,FALSE,TRUE
apache_airflow,46619,FALSE,TRUE
apache_airflow,46617,FALSE,FALSE
apache_airflow,46616,TRUE,TRUE
apache_airflow,46615,FALSE,TRUE
apache_airflow,46613,TRUE,TRUE
apache_airflow,46612,TRUE,FALSE
apache_airflow,46611,FALSE,FALSE
apache_airflow,46608,TRUE,TRUE
apache_airflow,46607,TRUE,TRUE
apache_airflow,46604,TRUE,TRUE
apache_airflow,46603,FALSE,FALSE
apache_airflow,46601,TRUE,TRUE
apache_airflow,46600,FALSE,TRUE
apache_airflow,46599,FALSE,TRUE
apache_airflow,46598,FALSE,FALSE
apache_airflow,46597,TRUE,TRUE
apache_airflow,46596,FALSE,TRUE
apache_airflow,46595,TRUE,TRUE
apache_airflow,46594,FALSE,TRUE
apache_airflow,46593,FALSE,FALSE
apache_airflow,46592,FALSE,FALSE
apache_airflow,46591,FALSE,TRUE
apache_airflow,46590,TRUE,TRUE
apache_airflow,46589,TRUE,FALSE
apache_airflow,46588,FALSE,FALSE
apache_airflow,46587,TRUE,TRUE
apache_airflow,46586,FALSE,TRUE
apache_airflow,46585,FALSE,FALSE
apache_airflow,46584,TRUE,TRUE
apache_airflow,46583,TRUE,FALSE
apache_airflow,46582,TRUE,TRUE
apache_airflow,46579,TRUE,TRUE
apache_airflow,46577,FALSE,TRUE
apache_airflow,46576,TRUE,TRUE
apache_airflow,46575,FALSE,FALSE
apache_airflow,46574,FALSE,TRUE
apache_airflow,46573,TRUE,TRUE
apache_airflow,46571,TRUE,TRUE
apache_airflow,46568,FALSE,FALSE
apache_airflow,46567,FALSE,TRUE
apache_airflow,46564,FALSE,TRUE
apache_airflow,46562,FALSE,TRUE
apache_airflow,46561,TRUE,TRUE
apache_airflow,46560,TRUE,FALSE
apache_airflow,46559,FALSE,TRUE
apache_airflow,46558,TRUE,TRUE
apache_airflow,46556,TRUE,TRUE
apache_airflow,46554,FALSE,FALSE
apache_airflow,46553,TRUE,TRUE
apache_airflow,46546,FALSE,TRUE
apache_airflow,46545,FALSE,FALSE
apache_airflow,46544,TRUE,TRUE
apache_airflow,46541,FALSE,TRUE
apache_airflow,46540,TRUE,FALSE
apache_airflow,46539,TRUE,FALSE
apache_airflow,46538,FALSE,FALSE
apache_airflow,46537,FALSE,FALSE
apache_airflow,46536,FALSE,FALSE
apache_airflow,46535,TRUE,TRUE
apache_airflow,46534,TRUE,TRUE
apache_airflow,46532,TRUE,TRUE
apache_airflow,46531,TRUE,FALSE
apache_airflow,46530,FALSE,TRUE
apache_airflow,46528,FALSE,FALSE
apache_airflow,46527,TRUE,TRUE
apache_airflow,46525,TRUE,TRUE
apache_airflow,46524,TRUE,TRUE
apache_airflow,46522,TRUE,TRUE
apache_airflow,46521,TRUE,FALSE
apache_airflow,46519,FALSE,TRUE
apache_airflow,46512,TRUE,TRUE
apache_airflow,46511,FALSE,TRUE
apache_airflow,46510,TRUE,TRUE
apache_airflow,46509,FALSE,TRUE
apache_airflow,46507,FALSE,FALSE
apache_airflow,46505,TRUE,TRUE
apache_airflow,46504,FALSE,TRUE
apache_airflow,46503,TRUE,TRUE
apache_airflow,46502,TRUE,TRUE
apache_airflow,46501,TRUE,TRUE
apache_airflow,46498,FALSE,FALSE
apache_airflow,46497,TRUE,TRUE
apache_airflow,46496,FALSE,FALSE
apache_airflow,46495,FALSE,FALSE
apache_airflow,46493,FALSE,FALSE
apache_airflow,46492,TRUE,TRUE
apache_airflow,46489,TRUE,TRUE
apache_airflow,46488,TRUE,TRUE
apache_airflow,46486,TRUE,FALSE
apache_airflow,46485,FALSE,TRUE
apache_airflow,46484,TRUE,TRUE
apache_airflow,46481,FALSE,FALSE
apache_airflow,46480,TRUE,FALSE
apache_airflow,46476,TRUE,TRUE
apache_airflow,46474,FALSE,FALSE
apache_airflow,46471,FALSE,TRUE
apache_airflow,46470,FALSE,TRUE
apache_airflow,46469,TRUE,TRUE
apache_airflow,46468,FALSE,FALSE
apache_airflow,46467,FALSE,FALSE
apache_airflow,46465,FALSE,TRUE
apache_airflow,46463,FALSE,TRUE
apache_airflow,46462,FALSE,FALSE
apache_airflow,46461,FALSE,FALSE
apache_airflow,46460,TRUE,TRUE
apache_airflow,46459,FALSE,FALSE
apache_airflow,46457,TRUE,TRUE
apache_airflow,46456,TRUE,FALSE
apache_airflow,46454,TRUE,FALSE
apache_airflow,46453,FALSE,TRUE
apache_airflow,46452,FALSE,TRUE
apache_airflow,46451,TRUE,TRUE
apache_airflow,46450,TRUE,FALSE
apache_airflow,46448,TRUE,TRUE
apache_airflow,46447,FALSE,FALSE
apache_airflow,46446,FALSE,TRUE
apache_airflow,46443,TRUE,TRUE
apache_airflow,46441,TRUE,FALSE
apache_airflow,46440,FALSE,TRUE
apache_airflow,46439,TRUE,TRUE
apache_airflow,46438,FALSE,TRUE
apache_airflow,46437,FALSE,TRUE
apache_airflow,46436,TRUE,TRUE
apache_airflow,46433,FALSE,TRUE
apache_airflow,46431,TRUE,TRUE
apache_airflow,46428,TRUE,FALSE
apache_airflow,46427,FALSE,FALSE
apache_airflow,46424,FALSE,FALSE
apache_airflow,46422,FALSE,TRUE
apache_airflow,46420,TRUE,TRUE
apache_airflow,46416,TRUE,TRUE
apache_airflow,46415,TRUE,TRUE
apache_airflow,46413,FALSE,FALSE
apache_airflow,46409,FALSE,FALSE
apache_airflow,46408,FALSE,TRUE
apache_airflow,46407,TRUE,TRUE
apache_airflow,46406,FALSE,FALSE
apache_airflow,46405,TRUE,TRUE
apache_airflow,46404,FALSE,TRUE
apache_airflow,46400,FALSE,FALSE
apache_airflow,46399,FALSE,TRUE
apache_airflow,46398,FALSE,FALSE
apache_airflow,46397,TRUE,TRUE
apache_airflow,46396,FALSE,TRUE
apache_airflow,46394,TRUE,TRUE
apache_airflow,46392,FALSE,TRUE
apache_airflow,46391,TRUE,TRUE
apache_airflow,46390,TRUE,TRUE
apache_airflow,46389,TRUE,TRUE
apache_airflow,46388,FALSE,TRUE
apache_airflow,46387,TRUE,TRUE
apache_airflow,46386,FALSE,TRUE
apache_airflow,46384,FALSE,TRUE
apache_airflow,46382,FALSE,TRUE
apache_airflow,46381,TRUE,TRUE
apache_airflow,46380,TRUE,TRUE
apache_airflow,46379,TRUE,FALSE
apache_airflow,46377,FALSE,FALSE
apache_airflow,46375,TRUE,TRUE
apache_airflow,46374,TRUE,TRUE
apache_airflow,46372,TRUE,TRUE
apache_airflow,46371,FALSE,FALSE
apache_airflow,46369,FALSE,TRUE
apache_airflow,46368,TRUE,FALSE
apache_airflow,46366,FALSE,TRUE
apache_airflow,46365,FALSE,FALSE
apache_airflow,46364,FALSE,FALSE
apache_airflow,46360,FALSE,FALSE
apache_airflow,46359,FALSE,FALSE
apache_airflow,46358,TRUE,FALSE
apache_airflow,46355,FALSE,TRUE
apache_airflow,46353,FALSE,FALSE
apache_airflow,46352,TRUE,FALSE
apache_airflow,46351,FALSE,FALSE
apache_airflow,46350,FALSE,FALSE
apache_airflow,46349,TRUE,FALSE
apache_airflow,46348,FALSE,TRUE
apache_airflow,46347,FALSE,TRUE
apache_airflow,46346,FALSE,FALSE
apache_airflow,46345,TRUE,TRUE
apache_airflow,46344,TRUE,TRUE
apache_airflow,46343,TRUE,TRUE
apache_airflow,46342,FALSE,FALSE
apache_airflow,46341,TRUE,TRUE
apache_airflow,46340,TRUE,TRUE
apache_airflow,46339,FALSE,TRUE
apache_airflow,46338,TRUE,TRUE
apache_airflow,46337,TRUE,TRUE
apache_airflow,46336,FALSE,FALSE
apache_airflow,46335,FALSE,FALSE
apache_airflow,46333,FALSE,FALSE
apache_airflow,46332,FALSE,FALSE
apache_airflow,46331,TRUE,TRUE
apache_airflow,46330,FALSE,TRUE
apache_airflow,46329,TRUE,TRUE
apache_airflow,46328,FALSE,TRUE
apache_airflow,46326,FALSE,TRUE
apache_airflow,46325,TRUE,TRUE
apache_airflow,46324,FALSE,TRUE
apache_airflow,46323,FALSE,TRUE
apache_airflow,46322,FALSE,TRUE
apache_airflow,46321,FALSE,TRUE
apache_airflow,46320,TRUE,TRUE
apache_airflow,46319,TRUE,TRUE
apache_airflow,46318,FALSE,TRUE
apache_airflow,46314,TRUE,TRUE
apache_airflow,46313,TRUE,TRUE
apache_airflow,46312,TRUE,TRUE
apache_airflow,46311,TRUE,TRUE
apache_airflow,46310,FALSE,FALSE
apache_airflow,46308,TRUE,TRUE
apache_airflow,46307,TRUE,TRUE
apache_airflow,46306,TRUE,TRUE
apache_airflow,46305,FALSE,FALSE
apache_airflow,46304,FALSE,FALSE
apache_airflow,46303,FALSE,TRUE
apache_airflow,46302,TRUE,TRUE
apache_airflow,46301,TRUE,TRUE
apache_airflow,46300,FALSE,FALSE
apache_airflow,46299,FALSE,FALSE
apache_airflow,46296,FALSE,TRUE
apache_airflow,46295,TRUE,TRUE
apache_airflow,46294,TRUE,TRUE
apache_airflow,46292,TRUE,TRUE
apache_airflow,46291,TRUE,TRUE
apache_airflow,46290,TRUE,TRUE
apache_airflow,46289,TRUE,FALSE
apache_airflow,46287,FALSE,FALSE
apache_airflow,46286,FALSE,TRUE
apache_airflow,46284,FALSE,FALSE
apache_airflow,46283,TRUE,TRUE
apache_airflow,46282,TRUE,FALSE
apache_airflow,46281,TRUE,FALSE
apache_airflow,46280,TRUE,TRUE
apache_airflow,46279,TRUE,TRUE
apache_airflow,46277,TRUE,TRUE
apache_airflow,46276,TRUE,FALSE
apache_airflow,46275,FALSE,TRUE
apache_airflow,46274,TRUE,FALSE
apache_airflow,46273,TRUE,FALSE
apache_airflow,46272,TRUE,FALSE
apache_airflow,46271,TRUE,TRUE
apache_airflow,46270,FALSE,FALSE
apache_airflow,46269,TRUE,TRUE
apache_airflow,46268,TRUE,TRUE
apache_airflow,46265,TRUE,TRUE
apache_airflow,46264,TRUE,TRUE
apache_airflow,46263,TRUE,FALSE
apache_airflow,46262,FALSE,TRUE
apache_airflow,46261,TRUE,TRUE
apache_airflow,46259,FALSE,FALSE
apache_airflow,46257,TRUE,TRUE
apache_airflow,46256,FALSE,FALSE
apache_airflow,46255,FALSE,TRUE
apache_airflow,46254,TRUE,TRUE
apache_airflow,46253,TRUE,TRUE
apache_airflow,46252,TRUE,FALSE
apache_airflow,46251,FALSE,TRUE
apache_airflow,46249,FALSE,TRUE
apache_airflow,46248,FALSE,TRUE
apache_airflow,46246,TRUE,FALSE
apache_airflow,46245,FALSE,TRUE
apache_airflow,46244,TRUE,FALSE
apache_airflow,46243,FALSE,TRUE
apache_airflow,46242,FALSE,FALSE
apache_airflow,46241,TRUE,TRUE
apache_airflow,46240,TRUE,TRUE
apache_airflow,46238,TRUE,TRUE
apache_airflow,46237,TRUE,FALSE
apache_airflow,46236,TRUE,FALSE
apache_airflow,46235,TRUE,TRUE
apache_airflow,46233,TRUE,TRUE
apache_airflow,46232,TRUE,TRUE
apache_airflow,46231,TRUE,TRUE
apache_airflow,46229,FALSE,FALSE
apache_airflow,46228,FALSE,FALSE
apache_airflow,46226,TRUE,TRUE
apache_airflow,46223,FALSE,FALSE
apache_airflow,46222,TRUE,TRUE
apache_airflow,46221,TRUE,TRUE
apache_airflow,46220,FALSE,TRUE
apache_airflow,46219,TRUE,TRUE
apache_airflow,46218,FALSE,FALSE
apache_airflow,46217,TRUE,FALSE
apache_airflow,46216,FALSE,FALSE
apache_airflow,46214,TRUE,FALSE
apache_airflow,46213,FALSE,TRUE
apache_airflow,46212,TRUE,TRUE
apache_airflow,46211,TRUE,TRUE
apache_airflow,46210,TRUE,TRUE
apache_airflow,46209,TRUE,TRUE
apache_airflow,46208,TRUE,TRUE
apache_airflow,46207,TRUE,TRUE
apache_airflow,46206,TRUE,TRUE
apache_airflow,46205,FALSE,FALSE
apache_airflow,46204,TRUE,FALSE
apache_airflow,46203,FALSE,TRUE
apache_airflow,46201,TRUE,FALSE
apache_airflow,46186,TRUE,FALSE
apache_airflow,46184,FALSE,FALSE
apache_airflow,46183,TRUE,TRUE
apache_airflow,46182,FALSE,TRUE
apache_airflow,46181,TRUE,TRUE
apache_airflow,46180,FALSE,TRUE
apache_airflow,46179,FALSE,FALSE
apache_airflow,46178,TRUE,TRUE
apache_airflow,46177,TRUE,TRUE
apache_airflow,46176,TRUE,TRUE
apache_airflow,46174,FALSE,FALSE
apache_airflow,46171,TRUE,TRUE
apache_airflow,46168,FALSE,TRUE
apache_airflow,46167,FALSE,FALSE
apache_airflow,46166,TRUE,TRUE
apache_airflow,46165,FALSE,FALSE
apache_airflow,46164,TRUE,TRUE
apache_airflow,46163,FALSE,TRUE
apache_airflow,46162,TRUE,TRUE
apache_airflow,46161,TRUE,TRUE
apache_airflow,46157,FALSE,TRUE
apache_airflow,46156,FALSE,FALSE
apache_airflow,46155,TRUE,TRUE
apache_airflow,46152,TRUE,TRUE
apache_airflow,46150,FALSE,FALSE
apache_airflow,46147,FALSE,FALSE
apache_airflow,46146,TRUE,TRUE
apache_airflow,46145,TRUE,TRUE
apache_airflow,46144,TRUE,TRUE
apache_airflow,46142,TRUE,FALSE
apache_airflow,46140,TRUE,TRUE
apache_airflow,46139,TRUE,TRUE
apache_airflow,46138,FALSE,TRUE
apache_airflow,46136,TRUE,TRUE
apache_airflow,46135,TRUE,TRUE
apache_airflow,46133,FALSE,FALSE
apache_airflow,46132,TRUE,TRUE
apache_airflow,46131,TRUE,TRUE
apache_airflow,46128,FALSE,TRUE
apache_airflow,46127,FALSE,FALSE
apache_airflow,46126,FALSE,FALSE
apache_airflow,46125,TRUE,TRUE
apache_airflow,46124,TRUE,TRUE
apache_airflow,46123,FALSE,TRUE
apache_airflow,46122,TRUE,TRUE
apache_airflow,46121,FALSE,FALSE
apache_airflow,46119,FALSE,FALSE
apache_airflow,46118,TRUE,TRUE
apache_airflow,46117,TRUE,FALSE
apache_airflow,46116,TRUE,TRUE
apache_airflow,46115,TRUE,TRUE
apache_airflow,46114,TRUE,TRUE
apache_airflow,46112,TRUE,TRUE
apache_airflow,46111,TRUE,TRUE
apache_airflow,46110,TRUE,TRUE
apache_airflow,46109,TRUE,TRUE
apache_airflow,46108,TRUE,TRUE
apache_airflow,46107,TRUE,TRUE
apache_airflow,46106,TRUE,TRUE
apache_airflow,46105,TRUE,TRUE
apache_airflow,46104,FALSE,FALSE
apache_airflow,46103,TRUE,TRUE
apache_airflow,46102,TRUE,TRUE
apache_airflow,46101,TRUE,TRUE
apache_airflow,46100,TRUE,TRUE
apache_airflow,46099,TRUE,TRUE
apache_airflow,46098,FALSE,FALSE
apache_airflow,46097,TRUE,TRUE
apache_airflow,46096,TRUE,TRUE
apache_airflow,46095,FALSE,FALSE
apache_airflow,46094,TRUE,TRUE
apache_airflow,46093,TRUE,TRUE
apache_airflow,46092,TRUE,TRUE
apache_airflow,46091,TRUE,TRUE
apache_airflow,46090,TRUE,TRUE
apache_airflow,46089,FALSE,FALSE
apache_airflow,46088,TRUE,TRUE
apache_airflow,46087,TRUE,TRUE
apache_airflow,46086,TRUE,TRUE
apache_airflow,46085,FALSE,FALSE
apache_airflow,46084,TRUE,TRUE
apache_airflow,46083,TRUE,TRUE
apache_airflow,46082,TRUE,TRUE
apache_airflow,46081,TRUE,TRUE
apache_airflow,46080,TRUE,TRUE
apache_airflow,46079,TRUE,TRUE
apache_airflow,46078,FALSE,TRUE
apache_airflow,46077,TRUE,TRUE
apache_airflow,46076,FALSE,FALSE
apache_airflow,46075,FALSE,TRUE
apache_airflow,46074,FALSE,TRUE
apache_airflow,46073,TRUE,TRUE
apache_airflow,46071,TRUE,TRUE
apache_airflow,46070,TRUE,TRUE
apache_airflow,46068,TRUE,TRUE
apache_airflow,46067,FALSE,FALSE
apache_airflow,46065,TRUE,TRUE
apache_airflow,46064,TRUE,TRUE
apache_airflow,46063,TRUE,TRUE
apache_airflow,46062,FALSE,FALSE
apache_airflow,46061,FALSE,FALSE
apache_airflow,46060,TRUE,TRUE
apache_airflow,46059,TRUE,TRUE
apache_airflow,46058,TRUE,TRUE
apache_airflow,46056,FALSE,TRUE
apache_airflow,46055,FALSE,FALSE
apache_airflow,46054,FALSE,FALSE
apache_airflow,46053,TRUE,TRUE
apache_airflow,46052,TRUE,TRUE
apache_airflow,46051,TRUE,TRUE
apache_airflow,46050,TRUE,TRUE
apache_airflow,46049,TRUE,TRUE
apache_airflow,46047,TRUE,TRUE
apache_airflow,46046,FALSE,FALSE
apache_airflow,46042,TRUE,TRUE
apache_airflow,46041,FALSE,FALSE
apache_airflow,46040,FALSE,TRUE
apache_airflow,46039,TRUE,FALSE
apache_airflow,46037,TRUE,TRUE
apache_airflow,46034,TRUE,TRUE
apache_airflow,46033,TRUE,TRUE
apache_airflow,46032,TRUE,TRUE
apache_airflow,46031,TRUE,TRUE
apache_airflow,46030,FALSE,FALSE
apache_airflow,46029,TRUE,TRUE
apache_airflow,46028,FALSE,TRUE
apache_airflow,46024,FALSE,TRUE
apache_airflow,46022,TRUE,TRUE
apache_airflow,46021,TRUE,FALSE
apache_airflow,46020,TRUE,TRUE
apache_airflow,46018,TRUE,TRUE
apache_airflow,46017,TRUE,TRUE
apache_airflow,46014,FALSE,FALSE
apache_airflow,46011,TRUE,TRUE
apache_airflow,46009,TRUE,TRUE
apache_airflow,46007,FALSE,TRUE
apache_airflow,46003,TRUE,FALSE
apache_airflow,46001,TRUE,FALSE
apache_airflow,46000,TRUE,TRUE
apache_airflow,45999,TRUE,TRUE
apache_airflow,45987,TRUE,TRUE
apache_airflow,45986,TRUE,TRUE
apache_airflow,45985,FALSE,FALSE
apache_airflow,45984,FALSE,FALSE
apache_airflow,45982,TRUE,TRUE
apache_airflow,45981,FALSE,TRUE
apache_airflow,45980,FALSE,FALSE
apache_airflow,45977,FALSE,TRUE
apache_airflow,45976,TRUE,TRUE
apache_airflow,45974,TRUE,TRUE
apache_airflow,45973,FALSE,TRUE
apache_airflow,45971,FALSE,TRUE
apache_airflow,45970,FALSE,TRUE
apache_airflow,45968,FALSE,TRUE
apache_airflow,45967,FALSE,TRUE
apache_airflow,45965,TRUE,TRUE
apache_airflow,45964,TRUE,TRUE
apache_airflow,45962,TRUE,TRUE
apache_airflow,45961,TRUE,TRUE
apache_airflow,45960,TRUE,TRUE
apache_airflow,45958,TRUE,TRUE
apache_airflow,45956,FALSE,TRUE
apache_airflow,45955,TRUE,FALSE
apache_airflow,45954,TRUE,TRUE
apache_airflow,45953,FALSE,FALSE
apache_airflow,45951,FALSE,FALSE
apache_airflow,45950,FALSE,FALSE
apache_airflow,45949,FALSE,FALSE
apache_airflow,45947,TRUE,TRUE
apache_airflow,45945,FALSE,TRUE
apache_airflow,45943,FALSE,FALSE
apache_airflow,45942,FALSE,TRUE
apache_airflow,45941,TRUE,TRUE
apache_airflow,45939,TRUE,TRUE
apache_airflow,45938,TRUE,TRUE
apache_airflow,45935,TRUE,TRUE
apache_airflow,45934,FALSE,TRUE
apache_airflow,45928,FALSE,TRUE
apache_airflow,45927,TRUE,TRUE
apache_airflow,45924,TRUE,TRUE
apache_airflow,45921,TRUE,TRUE
apache_airflow,45918,TRUE,TRUE
apache_airflow,45917,TRUE,TRUE
apache_airflow,45914,TRUE,TRUE
apache_airflow,45908,FALSE,TRUE
apache_airflow,45906,FALSE,FALSE
apache_airflow,45893,FALSE,FALSE
apache_airflow,45888,TRUE,TRUE
apache_airflow,45876,FALSE,TRUE
apache_airflow,45875,FALSE,FALSE
apache_airflow,45874,TRUE,TRUE
apache_airflow,45873,FALSE,FALSE
apache_airflow,45870,FALSE,TRUE
apache_airflow,45869,FALSE,TRUE
apache_airflow,45868,FALSE,FALSE
apache_airflow,45865,TRUE,TRUE
apache_airflow,45864,TRUE,TRUE
apache_airflow,45863,FALSE,FALSE
apache_airflow,45862,FALSE,FALSE
apache_airflow,45860,TRUE,TRUE
apache_airflow,45859,FALSE,FALSE
apache_airflow,45855,FALSE,FALSE
apache_airflow,45851,FALSE,FALSE
apache_airflow,45848,FALSE,TRUE
apache_airflow,45843,TRUE,FALSE
apache_airflow,45835,TRUE,TRUE
apache_airflow,45834,TRUE,TRUE
apache_airflow,45829,FALSE,TRUE
apache_airflow,45828,FALSE,TRUE
apache_airflow,45827,TRUE,FALSE
apache_airflow,45826,TRUE,FALSE
apache_airflow,45825,TRUE,FALSE
apache_airflow,45824,TRUE,TRUE
apache_airflow,45822,FALSE,FALSE
apache_airflow,45821,FALSE,TRUE
apache_airflow,45820,FALSE,TRUE
apache_airflow,45819,FALSE,TRUE
apache_airflow,45817,TRUE,FALSE
apache_airflow,45815,FALSE,TRUE
apache_airflow,45813,TRUE,TRUE
apache_airflow,45811,TRUE,TRUE
apache_airflow,45810,FALSE,TRUE
apache_airflow,45809,TRUE,TRUE
apache_airflow,45806,TRUE,FALSE
apache_airflow,45805,FALSE,TRUE
apache_airflow,45804,FALSE,FALSE
apache_airflow,45803,FALSE,TRUE
apache_airflow,45802,TRUE,TRUE
apache_airflow,45801,TRUE,TRUE
apache_airflow,45800,FALSE,TRUE
apache_airflow,45799,TRUE,TRUE
apache_airflow,45798,TRUE,TRUE
apache_airflow,45795,TRUE,TRUE
apache_airflow,45791,FALSE,FALSE
apache_airflow,45790,FALSE,TRUE
apache_airflow,45789,TRUE,TRUE
apache_airflow,45786,TRUE,TRUE
apache_airflow,45785,FALSE,TRUE
apache_airflow,45784,FALSE,TRUE
apache_airflow,45783,TRUE,TRUE
apache_airflow,45779,TRUE,TRUE
apache_airflow,45778,FALSE,FALSE
apache_airflow,45776,TRUE,FALSE
apache_airflow,45775,TRUE,TRUE
apache_airflow,45765,TRUE,TRUE
apache_airflow,45763,FALSE,TRUE
apache_airflow,45762,TRUE,TRUE
apache_airflow,45761,FALSE,TRUE
apache_airflow,45760,TRUE,TRUE
apache_airflow,45759,TRUE,TRUE
apache_airflow,45755,TRUE,FALSE
apache_airflow,45754,TRUE,TRUE
apache_airflow,45753,TRUE,TRUE
apache_airflow,45751,TRUE,TRUE
apache_airflow,45750,FALSE,TRUE
apache_airflow,45749,FALSE,TRUE
apache_airflow,45748,FALSE,FALSE
apache_airflow,45746,TRUE,TRUE
apache_airflow,45745,TRUE,TRUE
apache_airflow,45744,TRUE,TRUE
apache_airflow,45742,TRUE,TRUE
apache_airflow,45741,FALSE,TRUE
apache_airflow,45740,FALSE,FALSE
apache_airflow,45737,FALSE,TRUE
apache_airflow,45736,TRUE,TRUE
apache_airflow,45735,FALSE,TRUE
apache_airflow,45732,TRUE,TRUE
apache_airflow,45731,TRUE,TRUE
apache_airflow,45729,TRUE,TRUE
apache_airflow,45727,TRUE,TRUE
apache_airflow,45726,TRUE,TRUE
apache_airflow,45725,TRUE,TRUE
apache_airflow,45724,FALSE,FALSE
apache_airflow,45723,FALSE,TRUE
apache_airflow,45722,TRUE,TRUE
apache_airflow,45721,TRUE,TRUE
apache_airflow,45720,TRUE,TRUE
apache_airflow,45719,TRUE,TRUE
apache_airflow,45716,TRUE,TRUE
apache_airflow,45715,TRUE,TRUE
apache_airflow,45714,FALSE,FALSE
apache_airflow,45713,TRUE,TRUE
apache_airflow,45712,FALSE,FALSE
apache_airflow,45711,FALSE,FALSE
apache_airflow,45709,TRUE,TRUE
apache_airflow,45708,FALSE,FALSE
apache_airflow,45707,TRUE,TRUE
apache_airflow,45706,TRUE,TRUE
apache_airflow,45705,FALSE,TRUE
apache_airflow,45704,TRUE,TRUE
apache_airflow,45703,FALSE,TRUE
apache_airflow,45702,FALSE,TRUE
apache_airflow,45701,TRUE,TRUE
apache_airflow,45699,FALSE,FALSE
apache_airflow,45698,FALSE,TRUE
apache_airflow,45697,TRUE,TRUE
apache_airflow,45696,TRUE,TRUE
apache_airflow,45695,FALSE,FALSE
apache_airflow,45694,TRUE,TRUE
apache_airflow,45692,FALSE,TRUE
apache_airflow,45690,TRUE,FALSE
apache_airflow,45689,FALSE,TRUE
apache_airflow,45688,FALSE,TRUE
apache_airflow,45687,FALSE,TRUE
apache_airflow,45684,FALSE,FALSE
apache_airflow,45682,FALSE,TRUE
apache_airflow,45681,TRUE,FALSE
apache_airflow,45680,TRUE,TRUE
apache_airflow,45679,FALSE,TRUE
apache_airflow,45678,FALSE,FALSE
apache_airflow,45677,TRUE,TRUE
apache_airflow,45676,FALSE,FALSE
apache_airflow,45672,TRUE,TRUE
apache_airflow,45660,TRUE,TRUE
apache_airflow,45659,TRUE,FALSE
apache_airflow,45658,TRUE,FALSE
apache_airflow,45657,TRUE,TRUE
apache_airflow,45655,FALSE,TRUE
apache_airflow,45654,FALSE,TRUE
apache_airflow,45653,TRUE,FALSE
apache_airflow,45652,TRUE,TRUE
apache_airflow,45650,FALSE,FALSE
apache_airflow,45640,TRUE,TRUE
apache_airflow,45638,FALSE,TRUE
apache_airflow,45637,TRUE,TRUE
apache_airflow,45635,TRUE,FALSE
apache_airflow,45634,TRUE,TRUE
apache_airflow,45631,TRUE,TRUE
apache_airflow,45630,TRUE,TRUE
apache_airflow,45627,TRUE,TRUE
apache_airflow,45625,FALSE,TRUE
apache_airflow,45619,TRUE,TRUE
apache_airflow,45617,TRUE,FALSE
apache_airflow,45616,FALSE,TRUE
apache_airflow,45615,TRUE,TRUE
apache_airflow,45612,FALSE,FALSE
apache_airflow,45611,FALSE,TRUE
apache_airflow,45610,FALSE,FALSE
apache_airflow,45609,TRUE,TRUE
apache_airflow,45607,TRUE,TRUE
apache_airflow,45605,FALSE,FALSE
apache_airflow,45604,FALSE,FALSE
apache_airflow,45603,FALSE,FALSE
apache_airflow,45602,FALSE,TRUE
apache_airflow,45600,TRUE,TRUE
apache_airflow,45599,TRUE,TRUE
apache_airflow,45596,FALSE,TRUE
apache_airflow,45594,FALSE,FALSE
apache_airflow,45593,TRUE,TRUE
apache_airflow,45592,FALSE,FALSE
apache_airflow,45591,TRUE,TRUE
apache_airflow,45590,FALSE,FALSE
apache_airflow,45589,TRUE,TRUE
apache_airflow,45588,TRUE,TRUE
apache_airflow,45587,FALSE,TRUE
apache_airflow,45586,FALSE,TRUE
apache_airflow,45585,TRUE,TRUE
apache_airflow,45584,FALSE,FALSE
apache_airflow,45583,TRUE,TRUE
apache_airflow,45582,FALSE,FALSE
apache_airflow,45581,TRUE,TRUE
apache_airflow,45579,FALSE,FALSE
apache_airflow,45578,FALSE,TRUE
apache_airflow,45577,TRUE,TRUE
apache_airflow,45575,FALSE,TRUE
apache_airflow,45574,FALSE,FALSE
apache_airflow,45573,FALSE,FALSE
apache_airflow,45572,TRUE,FALSE
apache_airflow,45571,TRUE,TRUE
apache_airflow,45570,TRUE,TRUE
apache_airflow,45569,FALSE,FALSE
apache_airflow,45568,FALSE,FALSE
apache_airflow,45567,FALSE,TRUE
apache_airflow,45566,TRUE,TRUE
apache_airflow,45564,FALSE,TRUE
apache_airflow,45563,FALSE,TRUE
apache_airflow,45562,TRUE,TRUE
apache_airflow,45561,FALSE,FALSE
apache_airflow,45560,TRUE,TRUE
apache_airflow,45559,FALSE,TRUE
apache_airflow,45558,FALSE,FALSE
apache_airflow,45557,TRUE,FALSE
apache_airflow,45556,FALSE,TRUE
apache_airflow,45553,FALSE,TRUE
apache_airflow,45552,FALSE,FALSE
apache_airflow,45551,TRUE,TRUE
apache_airflow,45548,TRUE,FALSE
apache_airflow,45547,TRUE,FALSE
apache_airflow,45546,TRUE,TRUE
apache_airflow,45545,FALSE,FALSE
apache_airflow,45544,FALSE,FALSE
apache_airflow,45542,FALSE,FALSE
apache_airflow,45541,FALSE,FALSE
apache_airflow,45538,FALSE,TRUE
apache_airflow,45537,TRUE,TRUE
apache_airflow,45535,FALSE,TRUE
apache_airflow,45534,FALSE,FALSE
apache_airflow,45533,TRUE,TRUE
apache_airflow,45532,TRUE,TRUE
apache_airflow,45531,TRUE,TRUE
apache_airflow,45530,TRUE,TRUE
apache_airflow,45528,FALSE,TRUE
apache_airflow,45527,TRUE,TRUE
apache_airflow,45526,TRUE,TRUE
apache_airflow,45523,TRUE,FALSE
apache_airflow,45521,TRUE,FALSE
apache_airflow,45520,TRUE,TRUE
apache_airflow,45518,FALSE,TRUE
apache_airflow,45515,TRUE,TRUE
apache_airflow,45514,TRUE,TRUE
apache_airflow,45513,TRUE,TRUE
apache_airflow,45510,TRUE,FALSE
apache_airflow,45509,TRUE,TRUE
apache_airflow,45508,FALSE,TRUE
apache_airflow,45507,TRUE,TRUE
apache_airflow,45506,TRUE,TRUE
apache_airflow,45505,FALSE,TRUE
apache_airflow,45502,FALSE,TRUE
apache_airflow,45501,FALSE,TRUE
apache_airflow,45500,FALSE,TRUE
apache_airflow,45499,FALSE,TRUE
apache_airflow,45497,FALSE,TRUE
apache_airflow,45490,FALSE,TRUE
apache_airflow,45489,FALSE,TRUE
apache_airflow,45488,FALSE,TRUE
apache_airflow,45486,TRUE,TRUE
apache_airflow,45485,TRUE,TRUE
apache_airflow,45484,FALSE,FALSE
apache_airflow,45483,FALSE,FALSE
apache_airflow,45482,TRUE,FALSE
apache_airflow,45480,TRUE,TRUE
apache_airflow,45478,TRUE,FALSE
apache_airflow,45477,FALSE,TRUE
apache_airflow,45473,TRUE,TRUE
apache_airflow,45472,TRUE,TRUE
apache_airflow,45471,TRUE,TRUE
apache_airflow,45470,FALSE,TRUE
apache_airflow,45469,TRUE,TRUE
apache_airflow,45468,FALSE,TRUE
apache_airflow,45467,FALSE,FALSE
apache_airflow,45466,FALSE,FALSE
apache_airflow,45465,TRUE,TRUE
apache_airflow,45464,FALSE,TRUE
apache_airflow,45463,FALSE,TRUE
apache_airflow,45460,FALSE,TRUE
apache_airflow,45459,FALSE,TRUE
apache_airflow,45458,FALSE,FALSE
apache_airflow,45457,FALSE,FALSE
apache_airflow,45456,FALSE,FALSE
apache_airflow,45455,FALSE,TRUE
apache_airflow,45453,FALSE,TRUE
apache_airflow,45451,TRUE,TRUE
apache_airflow,45448,TRUE,TRUE
apache_airflow,45445,TRUE,TRUE
apache_airflow,45444,TRUE,TRUE
apache_airflow,45442,FALSE,TRUE
apache_airflow,45441,TRUE,TRUE
apache_airflow,45439,FALSE,FALSE
apache_airflow,45437,FALSE,TRUE
apache_airflow,45434,FALSE,TRUE
apache_airflow,45433,FALSE,FALSE
apache_airflow,45431,TRUE,TRUE
apache_airflow,45422,TRUE,TRUE
apache_airflow,45420,TRUE,TRUE
apache_airflow,45418,FALSE,FALSE
apache_airflow,45417,FALSE,FALSE
apache_airflow,45416,FALSE,TRUE
apache_airflow,45412,FALSE,TRUE
apache_airflow,45411,FALSE,FALSE
apache_airflow,45410,FALSE,FALSE
apache_airflow,45409,FALSE,FALSE
apache_airflow,45408,TRUE,TRUE
apache_airflow,45407,FALSE,TRUE
apache_airflow,45404,FALSE,FALSE
apache_airflow,45403,TRUE,TRUE
apache_airflow,45402,TRUE,TRUE
apache_airflow,45401,FALSE,TRUE
apache_airflow,45400,TRUE,FALSE
apache_airflow,45399,FALSE,FALSE
apache_airflow,45398,TRUE,TRUE
apache_airflow,45397,TRUE,TRUE
apache_airflow,45396,TRUE,TRUE
apache_airflow,45394,FALSE,TRUE
apache_airflow,45393,TRUE,TRUE
apache_airflow,45392,FALSE,TRUE
apache_airflow,45391,FALSE,TRUE
apache_airflow,45390,FALSE,FALSE
apache_airflow,45389,FALSE,FALSE
apache_airflow,45387,TRUE,TRUE
apache_airflow,45386,FALSE,TRUE
apache_airflow,45384,TRUE,FALSE
apache_airflow,45383,FALSE,TRUE
apache_airflow,45382,FALSE,TRUE
apache_airflow,45381,TRUE,FALSE
apache_airflow,45380,FALSE,TRUE
apache_airflow,45378,TRUE,TRUE
apache_airflow,45377,FALSE,FALSE
apache_airflow,45375,FALSE,FALSE
apache_airflow,45374,TRUE,FALSE
apache_airflow,45371,TRUE,TRUE
apache_airflow,45370,TRUE,TRUE
apache_airflow,45367,TRUE,TRUE
apache_airflow,45363,TRUE,TRUE
apache_airflow,45362,TRUE,TRUE
apache_airflow,45359,FALSE,TRUE
apache_airflow,45358,FALSE,FALSE
apache_airflow,45357,FALSE,FALSE
apache_airflow,45356,FALSE,FALSE
apache_airflow,45354,TRUE,TRUE
apache_airflow,45353,TRUE,TRUE
apache_airflow,45352,TRUE,FALSE
apache_airflow,45351,FALSE,FALSE
apache_airflow,45350,TRUE,FALSE
apache_airflow,45349,TRUE,TRUE
apache_airflow,45348,TRUE,TRUE
apache_airflow,45347,FALSE,FALSE
apache_airflow,45346,FALSE,TRUE
apache_airflow,45345,TRUE,TRUE
apache_airflow,45344,TRUE,TRUE
apache_airflow,45343,FALSE,FALSE
apache_airflow,45340,TRUE,FALSE
apache_airflow,45339,FALSE,FALSE
apache_airflow,45338,TRUE,FALSE
apache_airflow,45337,TRUE,TRUE
apache_airflow,45335,TRUE,FALSE
apache_airflow,45334,FALSE,FALSE
apache_airflow,45333,FALSE,FALSE
apache_airflow,45332,FALSE,TRUE
apache_airflow,45331,FALSE,TRUE
apache_airflow,45330,FALSE,TRUE
apache_airflow,45328,TRUE,TRUE
apache_airflow,45327,TRUE,TRUE
apache_airflow,45326,TRUE,TRUE
apache_airflow,45325,TRUE,FALSE
apache_airflow,45324,FALSE,TRUE
apache_airflow,45323,TRUE,FALSE
apache_airflow,45322,TRUE,FALSE
apache_airflow,45321,FALSE,FALSE
apache_airflow,45320,FALSE,FALSE
apache_airflow,45319,FALSE,FALSE
apache_airflow,45318,TRUE,TRUE
apache_airflow,45316,FALSE,FALSE
ccxt_ccxt,27542,FALSE,FALSE
ccxt_ccxt,27420,FALSE,TRUE
ccxt_ccxt,27419,FALSE,TRUE
ccxt_ccxt,27417,FALSE,TRUE
ccxt_ccxt,27416,FALSE,TRUE
ccxt_ccxt,27411,FALSE,FALSE
ccxt_ccxt,27408,TRUE,TRUE
ccxt_ccxt,27406,TRUE,TRUE
ccxt_ccxt,27402,TRUE,TRUE
ccxt_ccxt,27401,FALSE,FALSE
ccxt_ccxt,27399,TRUE,FALSE
ccxt_ccxt,27397,FALSE,TRUE
ccxt_ccxt,27396,FALSE,TRUE
ccxt_ccxt,27395,TRUE,TRUE
ccxt_ccxt,27393,TRUE,TRUE
ccxt_ccxt,27390,TRUE,TRUE
ccxt_ccxt,27388,FALSE,TRUE
ccxt_ccxt,27387,FALSE,FALSE
ccxt_ccxt,27384,TRUE,TRUE
ccxt_ccxt,27382,FALSE,TRUE
ccxt_ccxt,27380,FALSE,TRUE
ccxt_ccxt,27377,FALSE,TRUE
ccxt_ccxt,27376,FALSE,TRUE
ccxt_ccxt,27374,FALSE,TRUE
ccxt_ccxt,27373,FALSE,TRUE
ccxt_ccxt,27371,FALSE,TRUE
ccxt_ccxt,27370,FALSE,TRUE
ccxt_ccxt,27369,TRUE,TRUE
ccxt_ccxt,27367,FALSE,FALSE
ccxt_ccxt,27366,FALSE,TRUE
ccxt_ccxt,27365,FALSE,TRUE
ccxt_ccxt,27364,FALSE,TRUE
ccxt_ccxt,27362,FALSE,TRUE
ccxt_ccxt,27359,FALSE,FALSE
ccxt_ccxt,27358,FALSE,TRUE
ccxt_ccxt,27357,FALSE,TRUE
ccxt_ccxt,27356,FALSE,TRUE
ccxt_ccxt,27355,FALSE,TRUE
ccxt_ccxt,27354,FALSE,TRUE
ccxt_ccxt,27352,FALSE,FALSE
ccxt_ccxt,27348,FALSE,TRUE
ccxt_ccxt,27347,FALSE,TRUE
ccxt_ccxt,27346,FALSE,TRUE
ccxt_ccxt,27345,TRUE,TRUE
ccxt_ccxt,27344,TRUE,TRUE
ccxt_ccxt,27343,FALSE,FALSE
ccxt_ccxt,27342,FALSE,FALSE
ccxt_ccxt,27341,TRUE,TRUE
ccxt_ccxt,27340,FALSE,TRUE
ccxt_ccxt,27339,FALSE,TRUE
ccxt_ccxt,27338,FALSE,FALSE
ccxt_ccxt,27337,TRUE,FALSE
ccxt_ccxt,27336,TRUE,FALSE
ccxt_ccxt,27335,FALSE,TRUE
ccxt_ccxt,27334,FALSE,TRUE
ccxt_ccxt,27329,FALSE,TRUE
ccxt_ccxt,27327,FALSE,TRUE
ccxt_ccxt,27326,FALSE,TRUE
ccxt_ccxt,27325,FALSE,TRUE
ccxt_ccxt,27324,FALSE,TRUE
ccxt_ccxt,27323,TRUE,TRUE
ccxt_ccxt,27321,TRUE,TRUE
ccxt_ccxt,27320,FALSE,TRUE
ccxt_ccxt,27318,FALSE,TRUE
ccxt_ccxt,27317,TRUE,TRUE
ccxt_ccxt,27316,FALSE,TRUE
ccxt_ccxt,27315,FALSE,TRUE
ccxt_ccxt,27313,FALSE,FALSE
ccxt_ccxt,27312,FALSE,TRUE
ccxt_ccxt,27311,FALSE,TRUE
ccxt_ccxt,27309,FALSE,TRUE
ccxt_ccxt,27308,TRUE,TRUE
ccxt_ccxt,27306,FALSE,FALSE
ccxt_ccxt,27305,FALSE,TRUE
ccxt_ccxt,27304,FALSE,TRUE
ccxt_ccxt,27303,FALSE,TRUE
ccxt_ccxt,27302,TRUE,TRUE
ccxt_ccxt,27301,FALSE,FALSE
ccxt_ccxt,27300,FALSE,TRUE
ccxt_ccxt,27298,FALSE,TRUE
ccxt_ccxt,27295,TRUE,TRUE
ccxt_ccxt,27294,FALSE,FALSE
ccxt_ccxt,27292,FALSE,TRUE
ccxt_ccxt,27291,FALSE,TRUE
ccxt_ccxt,27290,TRUE,TRUE
ccxt_ccxt,27289,FALSE,TRUE
ccxt_ccxt,27287,FALSE,TRUE
ccxt_ccxt,27285,FALSE,FALSE
ccxt_ccxt,27284,FALSE,FALSE
ccxt_ccxt,27283,FALSE,FALSE
ccxt_ccxt,27280,FALSE,TRUE
ccxt_ccxt,27279,FALSE,TRUE
ccxt_ccxt,27278,TRUE,TRUE
ccxt_ccxt,27277,TRUE,TRUE
ccxt_ccxt,27275,FALSE,TRUE
ccxt_ccxt,27274,FALSE,FALSE
ccxt_ccxt,27273,FALSE,TRUE
ccxt_ccxt,27271,FALSE,TRUE
ccxt_ccxt,27270,FALSE,TRUE
ccxt_ccxt,27269,FALSE,TRUE
ccxt_ccxt,27265,FALSE,FALSE
ccxt_ccxt,27264,FALSE,TRUE
ccxt_ccxt,27263,FALSE,TRUE
ccxt_ccxt,27262,FALSE,TRUE
ccxt_ccxt,27260,FALSE,TRUE
ccxt_ccxt,27257,FALSE,FALSE
ccxt_ccxt,27256,FALSE,FALSE
ccxt_ccxt,27254,FALSE,TRUE
ccxt_ccxt,27251,TRUE,TRUE
ccxt_ccxt,27249,FALSE,TRUE
ccxt_ccxt,27248,FALSE,TRUE
ccxt_ccxt,27247,FALSE,TRUE
ccxt_ccxt,27244,TRUE,TRUE
ccxt_ccxt,27242,FALSE,TRUE
ccxt_ccxt,27241,FALSE,TRUE
ccxt_ccxt,27238,FALSE,FALSE
ccxt_ccxt,27237,FALSE,FALSE
ccxt_ccxt,27236,FALSE,FALSE
ccxt_ccxt,27235,FALSE,FALSE
ccxt_ccxt,27233,TRUE,TRUE
ccxt_ccxt,27231,FALSE,TRUE
ccxt_ccxt,27230,TRUE,TRUE
ccxt_ccxt,27229,FALSE,TRUE
ccxt_ccxt,27228,TRUE,TRUE
ccxt_ccxt,27226,FALSE,TRUE
ccxt_ccxt,27223,FALSE,TRUE
ccxt_ccxt,27221,TRUE,TRUE
ccxt_ccxt,27220,FALSE,TRUE
ccxt_ccxt,27219,FALSE,TRUE
ccxt_ccxt,27218,FALSE,TRUE
ccxt_ccxt,27217,FALSE,TRUE
ccxt_ccxt,27216,FALSE,TRUE
ccxt_ccxt,27214,FALSE,FALSE
ccxt_ccxt,27212,TRUE,TRUE
ccxt_ccxt,27211,FALSE,FALSE
ccxt_ccxt,27209,FALSE,FALSE
ccxt_ccxt,27208,FALSE,TRUE
ccxt_ccxt,27206,FALSE,TRUE
ccxt_ccxt,27205,TRUE,TRUE
ccxt_ccxt,27204,FALSE,FALSE
ccxt_ccxt,27201,TRUE,TRUE
ccxt_ccxt,27200,FALSE,FALSE
ccxt_ccxt,27199,FALSE,FALSE
ccxt_ccxt,27198,TRUE,TRUE
ccxt_ccxt,27197,TRUE,TRUE
ccxt_ccxt,27196,FALSE,FALSE
ccxt_ccxt,27195,TRUE,TRUE
ccxt_ccxt,27191,FALSE,FALSE
ccxt_ccxt,27190,FALSE,FALSE
ccxt_ccxt,27189,FALSE,TRUE
ccxt_ccxt,27186,FALSE,TRUE
ccxt_ccxt,27185,FALSE,TRUE
ccxt_ccxt,27184,TRUE,FALSE
ccxt_ccxt,27182,FALSE,TRUE
ccxt_ccxt,27181,FALSE,TRUE
ccxt_ccxt,27179,FALSE,FALSE
ccxt_ccxt,27178,FALSE,TRUE
ccxt_ccxt,27177,FALSE,TRUE
ccxt_ccxt,27175,TRUE,TRUE
ccxt_ccxt,27174,FALSE,TRUE
ccxt_ccxt,27173,TRUE,TRUE
ccxt_ccxt,27172,TRUE,TRUE
ccxt_ccxt,27170,FALSE,FALSE
ccxt_ccxt,27167,FALSE,TRUE
ccxt_ccxt,27165,TRUE,TRUE
ccxt_ccxt,27164,FALSE,TRUE
ccxt_ccxt,27163,FALSE,TRUE
ccxt_ccxt,27162,TRUE,TRUE
ccxt_ccxt,27161,FALSE,TRUE
ccxt_ccxt,27159,FALSE,TRUE
ccxt_ccxt,27158,FALSE,TRUE
ccxt_ccxt,27154,FALSE,TRUE
ccxt_ccxt,27153,FALSE,TRUE
ccxt_ccxt,27151,FALSE,TRUE
ccxt_ccxt,27150,FALSE,TRUE
ccxt_ccxt,27149,FALSE,TRUE
ccxt_ccxt,27147,TRUE,TRUE
ccxt_ccxt,27146,FALSE,TRUE
ccxt_ccxt,27145,FALSE,TRUE
ccxt_ccxt,27139,FALSE,FALSE
ccxt_ccxt,27138,FALSE,TRUE
ccxt_ccxt,27137,FALSE,FALSE
ccxt_ccxt,27136,FALSE,TRUE
ccxt_ccxt,27135,TRUE,FALSE
ccxt_ccxt,27134,TRUE,FALSE
ccxt_ccxt,27132,TRUE,TRUE
ccxt_ccxt,27131,FALSE,TRUE
ccxt_ccxt,27130,FALSE,FALSE
ccxt_ccxt,27128,FALSE,FALSE
ccxt_ccxt,27127,FALSE,TRUE
ccxt_ccxt,27126,TRUE,TRUE
ccxt_ccxt,27125,FALSE,TRUE
ccxt_ccxt,27121,FALSE,TRUE
ccxt_ccxt,27119,FALSE,TRUE
ccxt_ccxt,27118,FALSE,TRUE
ccxt_ccxt,27117,FALSE,TRUE
ccxt_ccxt,27114,FALSE,TRUE
ccxt_ccxt,27112,FALSE,TRUE
ccxt_ccxt,27111,FALSE,FALSE
ccxt_ccxt,27110,FALSE,TRUE
ccxt_ccxt,27106,FALSE,TRUE
ccxt_ccxt,27105,FALSE,TRUE
ccxt_ccxt,27104,TRUE,TRUE
ccxt_ccxt,27102,FALSE,TRUE
ccxt_ccxt,27101,FALSE,TRUE
ccxt_ccxt,27100,FALSE,TRUE
ccxt_ccxt,27098,TRUE,FALSE
ccxt_ccxt,27097,FALSE,TRUE
ccxt_ccxt,27096,FALSE,TRUE
ccxt_ccxt,27095,TRUE,TRUE
ccxt_ccxt,27094,FALSE,TRUE
ccxt_ccxt,27088,FALSE,TRUE
ccxt_ccxt,27087,FALSE,TRUE
ccxt_ccxt,27084,FALSE,FALSE
ccxt_ccxt,27080,FALSE,TRUE
ccxt_ccxt,27076,TRUE,TRUE
ccxt_ccxt,27073,FALSE,FALSE
ccxt_ccxt,27072,FALSE,FALSE
ccxt_ccxt,27070,FALSE,TRUE
ccxt_ccxt,27069,FALSE,TRUE
ccxt_ccxt,27068,TRUE,TRUE
ccxt_ccxt,27066,FALSE,FALSE
ccxt_ccxt,27062,TRUE,FALSE
ccxt_ccxt,27060,FALSE,TRUE
ccxt_ccxt,27058,TRUE,TRUE
ccxt_ccxt,27057,FALSE,FALSE
ccxt_ccxt,27056,FALSE,TRUE
ccxt_ccxt,27054,TRUE,TRUE
ccxt_ccxt,27053,FALSE,TRUE
ccxt_ccxt,27051,TRUE,TRUE
ccxt_ccxt,27050,FALSE,TRUE
ccxt_ccxt,27049,FALSE,TRUE
ccxt_ccxt,27046,FALSE,TRUE
ccxt_ccxt,27045,TRUE,TRUE
ccxt_ccxt,27044,FALSE,FALSE
ccxt_ccxt,27043,FALSE,TRUE
ccxt_ccxt,27042,FALSE,TRUE
ccxt_ccxt,27041,FALSE,TRUE
ccxt_ccxt,27040,FALSE,TRUE
ccxt_ccxt,27038,FALSE,TRUE
ccxt_ccxt,27034,TRUE,FALSE
ccxt_ccxt,27033,FALSE,TRUE
ccxt_ccxt,27032,FALSE,TRUE
ccxt_ccxt,27030,TRUE,TRUE
ccxt_ccxt,27028,TRUE,TRUE
ccxt_ccxt,27026,TRUE,TRUE
ccxt_ccxt,27025,FALSE,FALSE
ccxt_ccxt,27024,TRUE,TRUE
ccxt_ccxt,27023,FALSE,TRUE
ccxt_ccxt,27022,FALSE,TRUE
ccxt_ccxt,27019,FALSE,TRUE
ccxt_ccxt,27018,FALSE,FALSE
ccxt_ccxt,27016,FALSE,TRUE
ccxt_ccxt,27014,FALSE,TRUE
ccxt_ccxt,27013,FALSE,TRUE
ccxt_ccxt,27012,FALSE,FALSE
ccxt_ccxt,27011,FALSE,FALSE
ccxt_ccxt,27006,FALSE,FALSE
ccxt_ccxt,27005,FALSE,TRUE
ccxt_ccxt,27004,FALSE,FALSE
ccxt_ccxt,26997,FALSE,TRUE
ccxt_ccxt,26995,FALSE,FALSE
ccxt_ccxt,26994,FALSE,TRUE
ccxt_ccxt,26993,FALSE,TRUE
ccxt_ccxt,26992,FALSE,TRUE
ccxt_ccxt,26991,FALSE,TRUE
ccxt_ccxt,26990,FALSE,TRUE
ccxt_ccxt,26984,FALSE,TRUE
ccxt_ccxt,26983,TRUE,TRUE
ccxt_ccxt,26982,FALSE,TRUE
ccxt_ccxt,26981,FALSE,TRUE
ccxt_ccxt,26980,TRUE,TRUE
ccxt_ccxt,26978,FALSE,TRUE
ccxt_ccxt,26975,TRUE,TRUE
ccxt_ccxt,26974,FALSE,TRUE
ccxt_ccxt,26973,FALSE,TRUE
ccxt_ccxt,26972,FALSE,FALSE
ccxt_ccxt,26970,FALSE,TRUE
ccxt_ccxt,26966,FALSE,TRUE
ccxt_ccxt,26965,FALSE,TRUE
ccxt_ccxt,26963,FALSE,TRUE
ccxt_ccxt,26962,FALSE,FALSE
ccxt_ccxt,26961,TRUE,TRUE
ccxt_ccxt,26960,FALSE,FALSE
ccxt_ccxt,26959,TRUE,TRUE
ccxt_ccxt,26957,TRUE,FALSE
ccxt_ccxt,26955,FALSE,FALSE
ccxt_ccxt,26954,TRUE,TRUE
ccxt_ccxt,26953,FALSE,TRUE
ccxt_ccxt,26950,FALSE,TRUE
ccxt_ccxt,26949,FALSE,TRUE
ccxt_ccxt,26948,FALSE,FALSE
ccxt_ccxt,26947,FALSE,TRUE
ccxt_ccxt,26943,FALSE,TRUE
ccxt_ccxt,26941,FALSE,TRUE
ccxt_ccxt,26940,FALSE,TRUE
ccxt_ccxt,26939,FALSE,TRUE
ccxt_ccxt,26937,FALSE,TRUE
ccxt_ccxt,26936,TRUE,TRUE
ccxt_ccxt,26935,TRUE,TRUE
ccxt_ccxt,26933,FALSE,TRUE
ccxt_ccxt,26932,FALSE,TRUE
ccxt_ccxt,26931,FALSE,TRUE
ccxt_ccxt,26930,TRUE,TRUE
ccxt_ccxt,26929,FALSE,TRUE
ccxt_ccxt,26928,TRUE,TRUE
ccxt_ccxt,26927,FALSE,TRUE
ccxt_ccxt,26923,FALSE,FALSE
ccxt_ccxt,26921,TRUE,TRUE
ccxt_ccxt,26920,FALSE,TRUE
ccxt_ccxt,26919,FALSE,TRUE
ccxt_ccxt,26918,FALSE,TRUE
ccxt_ccxt,26916,TRUE,TRUE
ccxt_ccxt,26915,TRUE,TRUE
ccxt_ccxt,26914,FALSE,TRUE
ccxt_ccxt,26912,TRUE,TRUE
ccxt_ccxt,26911,TRUE,FALSE
ccxt_ccxt,26910,FALSE,TRUE
ccxt_ccxt,26909,TRUE,TRUE
ccxt_ccxt,26908,FALSE,TRUE
ccxt_ccxt,26907,TRUE,TRUE
ccxt_ccxt,26905,FALSE,FALSE
ccxt_ccxt,26904,FALSE,TRUE
ccxt_ccxt,26903,FALSE,TRUE
ccxt_ccxt,26902,FALSE,TRUE
ccxt_ccxt,26900,FALSE,FALSE
ccxt_ccxt,26899,FALSE,TRUE
ccxt_ccxt,26898,FALSE,TRUE
ccxt_ccxt,26897,TRUE,FALSE
ccxt_ccxt,26896,FALSE,TRUE
ccxt_ccxt,26895,FALSE,TRUE
ccxt_ccxt,26893,FALSE,FALSE
ccxt_ccxt,26892,TRUE,TRUE
ccxt_ccxt,26891,TRUE,TRUE
ccxt_ccxt,26890,TRUE,TRUE
ccxt_ccxt,26889,TRUE,TRUE
ccxt_ccxt,26888,TRUE,TRUE
ccxt_ccxt,26887,TRUE,TRUE
ccxt_ccxt,26886,FALSE,TRUE
ccxt_ccxt,26885,TRUE,FALSE
ccxt_ccxt,26884,TRUE,TRUE
ccxt_ccxt,26883,FALSE,TRUE
ccxt_ccxt,26882,TRUE,TRUE
ccxt_ccxt,26881,TRUE,TRUE
ccxt_ccxt,26878,FALSE,TRUE
ccxt_ccxt,26877,FALSE,FALSE
ccxt_ccxt,26876,FALSE,TRUE
ccxt_ccxt,26872,FALSE,TRUE
ccxt_ccxt,26870,FALSE,TRUE
ccxt_ccxt,26869,FALSE,TRUE
ccxt_ccxt,26868,FALSE,TRUE
ccxt_ccxt,26866,FALSE,TRUE
ccxt_ccxt,26865,TRUE,TRUE
ccxt_ccxt,26863,TRUE,TRUE
ccxt_ccxt,26862,FALSE,TRUE
ccxt_ccxt,26860,TRUE,TRUE
ccxt_ccxt,26859,FALSE,TRUE
ccxt_ccxt,26857,FALSE,TRUE
ccxt_ccxt,26855,TRUE,FALSE
ccxt_ccxt,26853,FALSE,FALSE
ccxt_ccxt,26852,FALSE,TRUE
ccxt_ccxt,26851,TRUE,TRUE
ccxt_ccxt,26850,FALSE,TRUE
ccxt_ccxt,26848,FALSE,TRUE
ccxt_ccxt,26847,FALSE,TRUE
ccxt_ccxt,26846,FALSE,TRUE
ccxt_ccxt,26845,TRUE,TRUE
ccxt_ccxt,26844,FALSE,FALSE
ccxt_ccxt,26842,TRUE,TRUE
ccxt_ccxt,26841,FALSE,TRUE
ccxt_ccxt,26840,FALSE,TRUE
ccxt_ccxt,26836,FALSE,TRUE
ccxt_ccxt,26835,FALSE,TRUE
ccxt_ccxt,26833,FALSE,TRUE
ccxt_ccxt,26832,FALSE,TRUE
ccxt_ccxt,26831,FALSE,FALSE
ccxt_ccxt,26830,FALSE,TRUE
ccxt_ccxt,26823,FALSE,TRUE
ccxt_ccxt,26822,TRUE,TRUE
ccxt_ccxt,26821,TRUE,TRUE
ccxt_ccxt,26817,FALSE,TRUE
ccxt_ccxt,26814,FALSE,TRUE
ccxt_ccxt,26813,FALSE,TRUE
ccxt_ccxt,26812,TRUE,FALSE
ccxt_ccxt,26811,FALSE,TRUE
ccxt_ccxt,26809,FALSE,TRUE
ccxt_ccxt,26808,FALSE,TRUE
ccxt_ccxt,26806,FALSE,TRUE
ccxt_ccxt,26805,FALSE,FALSE
ccxt_ccxt,26803,FALSE,TRUE
ccxt_ccxt,26801,TRUE,TRUE
ccxt_ccxt,26799,FALSE,TRUE
ccxt_ccxt,26797,FALSE,TRUE
ccxt_ccxt,26796,FALSE,TRUE
ccxt_ccxt,26795,FALSE,TRUE
ccxt_ccxt,26793,FALSE,TRUE
ccxt_ccxt,26792,FALSE,FALSE
ccxt_ccxt,26791,FALSE,TRUE
ccxt_ccxt,26790,FALSE,FALSE
ccxt_ccxt,26789,FALSE,TRUE
ccxt_ccxt,26785,FALSE,TRUE
ccxt_ccxt,26783,FALSE,TRUE
ccxt_ccxt,26781,TRUE,FALSE
ccxt_ccxt,26780,FALSE,TRUE
ccxt_ccxt,26779,FALSE,FALSE
ccxt_ccxt,26777,FALSE,TRUE
ccxt_ccxt,26775,FALSE,FALSE
ccxt_ccxt,26774,TRUE,TRUE
ccxt_ccxt,26769,FALSE,TRUE
ccxt_ccxt,26768,TRUE,FALSE
ccxt_ccxt,26767,TRUE,FALSE
ccxt_ccxt,26765,TRUE,TRUE
ccxt_ccxt,26764,FALSE,TRUE
ccxt_ccxt,26762,FALSE,TRUE
ccxt_ccxt,26761,FALSE,TRUE
ccxt_ccxt,26758,FALSE,TRUE
ccxt_ccxt,26755,FALSE,TRUE
ccxt_ccxt,26754,FALSE,TRUE
ccxt_ccxt,26752,FALSE,TRUE
ccxt_ccxt,26750,FALSE,FALSE
ccxt_ccxt,26749,FALSE,TRUE
ccxt_ccxt,26748,FALSE,TRUE
ccxt_ccxt,26747,FALSE,TRUE
ccxt_ccxt,26746,FALSE,FALSE
ccxt_ccxt,26745,FALSE,TRUE
ccxt_ccxt,26744,TRUE,TRUE
ccxt_ccxt,26743,TRUE,TRUE
ccxt_ccxt,26742,FALSE,TRUE
ccxt_ccxt,26741,TRUE,TRUE
ccxt_ccxt,26740,FALSE,TRUE
ccxt_ccxt,26739,FALSE,TRUE
ccxt_ccxt,26738,FALSE,TRUE
ccxt_ccxt,26737,FALSE,TRUE
ccxt_ccxt,26735,FALSE,TRUE
ccxt_ccxt,26734,FALSE,TRUE
ccxt_ccxt,26733,FALSE,TRUE
ccxt_ccxt,26732,TRUE,TRUE
ccxt_ccxt,26730,FALSE,TRUE
ccxt_ccxt,26726,FALSE,TRUE
ccxt_ccxt,26723,TRUE,TRUE
ccxt_ccxt,26722,FALSE,FALSE
ccxt_ccxt,26721,TRUE,TRUE
ccxt_ccxt,26720,FALSE,TRUE
ccxt_ccxt,26719,FALSE,TRUE
ccxt_ccxt,26718,FALSE,TRUE
ccxt_ccxt,26717,FALSE,TRUE
ccxt_ccxt,26715,TRUE,TRUE
ccxt_ccxt,26714,FALSE,TRUE
ccxt_ccxt,26711,TRUE,TRUE
ccxt_ccxt,26709,FALSE,TRUE
ccxt_ccxt,26707,FALSE,FALSE
ccxt_ccxt,26703,FALSE,TRUE
ccxt_ccxt,26702,FALSE,TRUE
ccxt_ccxt,26701,FALSE,TRUE
ccxt_ccxt,26700,TRUE,FALSE
ccxt_ccxt,26698,FALSE,FALSE
ccxt_ccxt,26696,TRUE,FALSE
ccxt_ccxt,26694,TRUE,FALSE
ccxt_ccxt,26693,TRUE,TRUE
ccxt_ccxt,26692,TRUE,TRUE
ccxt_ccxt,26691,TRUE,TRUE
ccxt_ccxt,26690,TRUE,TRUE
ccxt_ccxt,26689,TRUE,TRUE
ccxt_ccxt,26688,TRUE,TRUE
ccxt_ccxt,26687,FALSE,TRUE
ccxt_ccxt,26686,FALSE,TRUE
ccxt_ccxt,26685,TRUE,TRUE
ccxt_ccxt,26681,FALSE,TRUE
ccxt_ccxt,26680,TRUE,TRUE
ccxt_ccxt,26678,FALSE,TRUE
ccxt_ccxt,26677,FALSE,TRUE
ccxt_ccxt,26676,FALSE,TRUE
ccxt_ccxt,26674,TRUE,TRUE
ccxt_ccxt,26673,FALSE,TRUE
ccxt_ccxt,26670,FALSE,TRUE
ccxt_ccxt,26669,FALSE,TRUE
ccxt_ccxt,26668,TRUE,TRUE
ccxt_ccxt,26667,FALSE,TRUE
ccxt_ccxt,26666,FALSE,TRUE
ccxt_ccxt,26664,FALSE,TRUE
ccxt_ccxt,26661,TRUE,TRUE
ccxt_ccxt,26660,FALSE,TRUE
ccxt_ccxt,26659,TRUE,FALSE
ccxt_ccxt,26658,TRUE,TRUE
ccxt_ccxt,26657,FALSE,TRUE
ccxt_ccxt,26656,FALSE,TRUE
ccxt_ccxt,26654,FALSE,TRUE
ccxt_ccxt,26653,TRUE,FALSE
ccxt_ccxt,26652,FALSE,TRUE
ccxt_ccxt,26651,FALSE,TRUE
ccxt_ccxt,26650,FALSE,TRUE
ccxt_ccxt,26649,FALSE,TRUE
ccxt_ccxt,26648,FALSE,TRUE
ccxt_ccxt,26647,FALSE,TRUE
ccxt_ccxt,26646,FALSE,TRUE
ccxt_ccxt,26644,FALSE,TRUE
ccxt_ccxt,26643,FALSE,FALSE
ccxt_ccxt,26642,FALSE,TRUE
ccxt_ccxt,26641,FALSE,TRUE
ccxt_ccxt,26640,FALSE,TRUE
ccxt_ccxt,26639,FALSE,FALSE
ccxt_ccxt,26638,TRUE,FALSE
ccxt_ccxt,26637,TRUE,TRUE
ccxt_ccxt,26636,TRUE,TRUE
ccxt_ccxt,26632,FALSE,TRUE
ccxt_ccxt,26631,FALSE,FALSE
ccxt_ccxt,26628,TRUE,TRUE
ccxt_ccxt,26627,FALSE,TRUE
ccxt_ccxt,26626,FALSE,TRUE
ccxt_ccxt,26625,FALSE,TRUE
ccxt_ccxt,26622,TRUE,TRUE
ccxt_ccxt,26620,TRUE,TRUE
ccxt_ccxt,26617,TRUE,TRUE
ccxt_ccxt,26611,TRUE,TRUE
ccxt_ccxt,26610,FALSE,TRUE
ccxt_ccxt,26608,FALSE,TRUE
ccxt_ccxt,26606,FALSE,TRUE
ccxt_ccxt,26604,FALSE,TRUE
ccxt_ccxt,26603,FALSE,TRUE
ccxt_ccxt,26602,FALSE,TRUE
ccxt_ccxt,26601,FALSE,TRUE
ccxt_ccxt,26600,FALSE,TRUE
ccxt_ccxt,26598,FALSE,TRUE
ccxt_ccxt,26594,FALSE,TRUE
ccxt_ccxt,26590,TRUE,FALSE
ccxt_ccxt,26589,FALSE,TRUE
ccxt_ccxt,26588,TRUE,FALSE
ccxt_ccxt,26586,FALSE,TRUE
ccxt_ccxt,26584,FALSE,FALSE
ccxt_ccxt,26583,FALSE,TRUE
ccxt_ccxt,26582,FALSE,TRUE
ccxt_ccxt,26580,FALSE,TRUE
ccxt_ccxt,26578,FALSE,FALSE
ccxt_ccxt,26576,FALSE,TRUE
ccxt_ccxt,26574,FALSE,TRUE
ccxt_ccxt,26572,FALSE,FALSE
ccxt_ccxt,26571,FALSE,TRUE
ccxt_ccxt,26570,FALSE,TRUE
ccxt_ccxt,26568,FALSE,TRUE
ccxt_ccxt,26567,FALSE,TRUE
ccxt_ccxt,26566,FALSE,FALSE
ccxt_ccxt,26565,FALSE,TRUE
ccxt_ccxt,26563,TRUE,TRUE
ccxt_ccxt,26561,FALSE,TRUE
ccxt_ccxt,26559,FALSE,TRUE
ccxt_ccxt,26558,FALSE,TRUE
ccxt_ccxt,26557,FALSE,FALSE
ccxt_ccxt,26555,TRUE,TRUE
ccxt_ccxt,26553,FALSE,TRUE
ccxt_ccxt,26552,TRUE,TRUE
ccxt_ccxt,26551,FALSE,TRUE
ccxt_ccxt,26550,TRUE,TRUE
ccxt_ccxt,26548,FALSE,TRUE
ccxt_ccxt,26547,FALSE,TRUE
ccxt_ccxt,26546,FALSE,FALSE
ccxt_ccxt,26544,FALSE,TRUE
ccxt_ccxt,26543,TRUE,TRUE
ccxt_ccxt,26542,FALSE,TRUE
ccxt_ccxt,26541,FALSE,FALSE
ccxt_ccxt,26540,FALSE,TRUE
ccxt_ccxt,26538,FALSE,TRUE
ccxt_ccxt,26537,TRUE,TRUE
ccxt_ccxt,26536,FALSE,FALSE
ccxt_ccxt,26534,FALSE,FALSE
ccxt_ccxt,26532,FALSE,TRUE
ccxt_ccxt,26531,FALSE,FALSE
ccxt_ccxt,26530,FALSE,TRUE
ccxt_ccxt,26528,TRUE,TRUE
ccxt_ccxt,26527,FALSE,TRUE
ccxt_ccxt,26524,FALSE,TRUE
ccxt_ccxt,26523,TRUE,TRUE
ccxt_ccxt,26521,FALSE,FALSE
ccxt_ccxt,26519,TRUE,TRUE
ccxt_ccxt,26518,FALSE,TRUE
ccxt_ccxt,26516,FALSE,TRUE
ccxt_ccxt,26514,FALSE,TRUE
ccxt_ccxt,26513,FALSE,TRUE
ccxt_ccxt,26512,FALSE,FALSE
ccxt_ccxt,26511,FALSE,FALSE
ccxt_ccxt,26510,FALSE,TRUE
ccxt_ccxt,26507,TRUE,TRUE
ccxt_ccxt,26506,FALSE,FALSE
ccxt_ccxt,26505,FALSE,FALSE
ccxt_ccxt,26504,FALSE,FALSE
ccxt_ccxt,26503,TRUE,FALSE
ccxt_ccxt,26502,TRUE,FALSE
ccxt_ccxt,26501,TRUE,FALSE
ccxt_ccxt,26500,TRUE,FALSE
ccxt_ccxt,26499,FALSE,TRUE
ccxt_ccxt,26498,TRUE,TRUE
ccxt_ccxt,26497,TRUE,TRUE
ccxt_ccxt,26495,FALSE,TRUE
ccxt_ccxt,26494,TRUE,TRUE
ccxt_ccxt,26490,FALSE,TRUE
ccxt_ccxt,26488,FALSE,TRUE
ccxt_ccxt,26486,FALSE,TRUE
ccxt_ccxt,26485,FALSE,TRUE
ccxt_ccxt,26482,FALSE,TRUE
ccxt_ccxt,26481,TRUE,TRUE
ccxt_ccxt,26479,FALSE,TRUE
ccxt_ccxt,26478,TRUE,TRUE
ccxt_ccxt,26477,TRUE,TRUE
ccxt_ccxt,26476,TRUE,FALSE
ccxt_ccxt,26474,FALSE,TRUE
ccxt_ccxt,26473,TRUE,TRUE
ccxt_ccxt,26470,FALSE,TRUE
ccxt_ccxt,26467,TRUE,TRUE
ccxt_ccxt,26466,TRUE,TRUE
ccxt_ccxt,26463,FALSE,TRUE
ccxt_ccxt,26462,FALSE,TRUE
ccxt_ccxt,26461,FALSE,TRUE
ccxt_ccxt,26460,FALSE,TRUE
ccxt_ccxt,26459,TRUE,TRUE
ccxt_ccxt,26457,TRUE,TRUE
ccxt_ccxt,26456,TRUE,TRUE
ccxt_ccxt,26454,TRUE,TRUE
ccxt_ccxt,26453,FALSE,TRUE
ccxt_ccxt,26452,TRUE,FALSE
ccxt_ccxt,26451,FALSE,FALSE
ccxt_ccxt,26449,TRUE,TRUE
ccxt_ccxt,26448,FALSE,TRUE
ccxt_ccxt,26447,FALSE,TRUE
ccxt_ccxt,26446,TRUE,TRUE
ccxt_ccxt,26445,FALSE,TRUE
ccxt_ccxt,26444,TRUE,FALSE
ccxt_ccxt,26443,TRUE,TRUE
ccxt_ccxt,26442,FALSE,TRUE
ccxt_ccxt,26440,TRUE,TRUE
ccxt_ccxt,26439,FALSE,FALSE
ccxt_ccxt,26438,TRUE,FALSE
ccxt_ccxt,26437,FALSE,TRUE
ccxt_ccxt,26436,FALSE,FALSE
ccxt_ccxt,26435,FALSE,TRUE
ccxt_ccxt,26434,TRUE,TRUE
ccxt_ccxt,26433,FALSE,TRUE
ccxt_ccxt,26432,TRUE,FALSE
ccxt_ccxt,26430,FALSE,TRUE
ccxt_ccxt,26429,FALSE,TRUE
ccxt_ccxt,26428,FALSE,TRUE
ccxt_ccxt,26427,TRUE,TRUE
ccxt_ccxt,26425,FALSE,TRUE
ccxt_ccxt,26424,FALSE,TRUE
ccxt_ccxt,26423,FALSE,FALSE
ccxt_ccxt,26422,FALSE,TRUE
ccxt_ccxt,26421,TRUE,TRUE
ccxt_ccxt,26420,FALSE,TRUE
ccxt_ccxt,26419,FALSE,TRUE
ccxt_ccxt,26418,FALSE,TRUE
ccxt_ccxt,26417,FALSE,TRUE
ccxt_ccxt,26412,FALSE,TRUE
ccxt_ccxt,26410,TRUE,TRUE
ccxt_ccxt,26408,FALSE,TRUE
ccxt_ccxt,26406,FALSE,TRUE
ccxt_ccxt,26405,FALSE,TRUE
ccxt_ccxt,26403,TRUE,TRUE
ccxt_ccxt,26401,FALSE,TRUE
ccxt_ccxt,26400,TRUE,TRUE
ccxt_ccxt,26398,FALSE,FALSE
ccxt_ccxt,26397,TRUE,FALSE
ccxt_ccxt,26396,TRUE,TRUE
ccxt_ccxt,26395,FALSE,TRUE
ccxt_ccxt,26394,TRUE,TRUE
ccxt_ccxt,26393,FALSE,FALSE
ccxt_ccxt,26392,FALSE,FALSE
ccxt_ccxt,26391,FALSE,TRUE
ccxt_ccxt,26390,FALSE,TRUE
ccxt_ccxt,26389,TRUE,TRUE
ccxt_ccxt,26388,TRUE,FALSE
ccxt_ccxt,26387,TRUE,TRUE
ccxt_ccxt,26386,TRUE,TRUE
ccxt_ccxt,26385,TRUE,TRUE
ccxt_ccxt,26383,TRUE,TRUE
ccxt_ccxt,26382,TRUE,TRUE
ccxt_ccxt,26381,TRUE,TRUE
ccxt_ccxt,26373,FALSE,TRUE
ccxt_ccxt,26372,TRUE,FALSE
ccxt_ccxt,26371,FALSE,TRUE
ccxt_ccxt,26370,TRUE,TRUE
ccxt_ccxt,26369,FALSE,TRUE
ccxt_ccxt,26368,FALSE,TRUE
ccxt_ccxt,26367,FALSE,TRUE
ccxt_ccxt,26366,FALSE,TRUE
ccxt_ccxt,26365,FALSE,TRUE
ccxt_ccxt,26363,TRUE,TRUE
ccxt_ccxt,26361,TRUE,TRUE
ccxt_ccxt,26360,TRUE,TRUE
ccxt_ccxt,26359,TRUE,TRUE
ccxt_ccxt,26358,FALSE,TRUE
ccxt_ccxt,26357,TRUE,TRUE
ccxt_ccxt,26356,FALSE,TRUE
ccxt_ccxt,26350,FALSE,TRUE
ccxt_ccxt,26349,FALSE,TRUE
ccxt_ccxt,26348,FALSE,TRUE
ccxt_ccxt,26347,FALSE,TRUE
ccxt_ccxt,26346,FALSE,FALSE
ccxt_ccxt,26345,TRUE,TRUE
ccxt_ccxt,26342,FALSE,TRUE
ccxt_ccxt,26341,FALSE,FALSE
ccxt_ccxt,26340,TRUE,TRUE
ccxt_ccxt,26339,TRUE,TRUE
ccxt_ccxt,26337,FALSE,TRUE
ccxt_ccxt,26335,TRUE,TRUE
ccxt_ccxt,26334,TRUE,TRUE
ccxt_ccxt,26332,FALSE,TRUE
ccxt_ccxt,26331,FALSE,TRUE
ccxt_ccxt,26330,TRUE,TRUE
ccxt_ccxt,26329,FALSE,TRUE
ccxt_ccxt,26328,TRUE,TRUE
ccxt_ccxt,26326,FALSE,TRUE
ccxt_ccxt,26325,FALSE,FALSE
ccxt_ccxt,26323,TRUE,FALSE
ccxt_ccxt,26322,FALSE,TRUE
ccxt_ccxt,26321,FALSE,TRUE
ccxt_ccxt,26319,FALSE,TRUE
ccxt_ccxt,26318,FALSE,TRUE
ccxt_ccxt,26316,FALSE,FALSE
ccxt_ccxt,26314,FALSE,TRUE
ccxt_ccxt,26313,FALSE,TRUE
ccxt_ccxt,26310,FALSE,TRUE
ccxt_ccxt,26308,TRUE,TRUE
ccxt_ccxt,26306,FALSE,TRUE
ccxt_ccxt,26304,FALSE,TRUE
ccxt_ccxt,26303,TRUE,FALSE
ccxt_ccxt,26302,FALSE,TRUE
ccxt_ccxt,26299,TRUE,TRUE
ccxt_ccxt,26297,FALSE,FALSE
ccxt_ccxt,26294,FALSE,TRUE
ccxt_ccxt,26293,FALSE,FALSE
ccxt_ccxt,26292,FALSE,TRUE
ccxt_ccxt,26291,FALSE,TRUE
ccxt_ccxt,26289,TRUE,TRUE
ccxt_ccxt,26288,TRUE,TRUE
ccxt_ccxt,26287,TRUE,TRUE
ccxt_ccxt,26286,FALSE,FALSE
ccxt_ccxt,26285,TRUE,TRUE
ccxt_ccxt,26284,FALSE,TRUE
ccxt_ccxt,26283,FALSE,FALSE
ccxt_ccxt,26280,FALSE,TRUE
ccxt_ccxt,26278,TRUE,TRUE
ccxt_ccxt,26277,FALSE,FALSE
ccxt_ccxt,26274,TRUE,TRUE
ccxt_ccxt,26273,FALSE,TRUE
ccxt_ccxt,26272,TRUE,TRUE
ccxt_ccxt,26270,TRUE,TRUE
ccxt_ccxt,26269,FALSE,TRUE
ccxt_ccxt,26268,TRUE,FALSE
ccxt_ccxt,26266,FALSE,TRUE
ccxt_ccxt,26265,TRUE,TRUE
ccxt_ccxt,26262,FALSE,FALSE
ccxt_ccxt,26261,TRUE,FALSE
ccxt_ccxt,26260,TRUE,FALSE
ccxt_ccxt,26258,TRUE,TRUE
ccxt_ccxt,26255,FALSE,TRUE
ccxt_ccxt,26254,FALSE,TRUE
ccxt_ccxt,26253,FALSE,TRUE
ccxt_ccxt,26251,FALSE,TRUE
ccxt_ccxt,26248,TRUE,TRUE
ccxt_ccxt,26247,TRUE,TRUE
ccxt_ccxt,26246,TRUE,TRUE
ccxt_ccxt,26245,FALSE,FALSE
ccxt_ccxt,26244,TRUE,TRUE
ccxt_ccxt,26243,FALSE,TRUE
ccxt_ccxt,26241,TRUE,TRUE
ccxt_ccxt,26240,FALSE,FALSE
ccxt_ccxt,26239,TRUE,TRUE
ccxt_ccxt,26237,TRUE,TRUE
ccxt_ccxt,26236,FALSE,TRUE
ccxt_ccxt,26235,TRUE,TRUE
ccxt_ccxt,26233,TRUE,TRUE
ccxt_ccxt,26232,TRUE,TRUE
ccxt_ccxt,26231,FALSE,TRUE
ccxt_ccxt,26230,FALSE,FALSE
ccxt_ccxt,26228,TRUE,TRUE
ccxt_ccxt,26227,TRUE,TRUE
ccxt_ccxt,26226,TRUE,TRUE
ccxt_ccxt,26223,TRUE,TRUE
ccxt_ccxt,26222,FALSE,TRUE
ccxt_ccxt,26221,FALSE,TRUE
ccxt_ccxt,26220,FALSE,FALSE
ccxt_ccxt,26219,FALSE,TRUE
ccxt_ccxt,26217,TRUE,TRUE
ccxt_ccxt,26216,FALSE,TRUE
ccxt_ccxt,26214,TRUE,TRUE
ccxt_ccxt,26212,FALSE,TRUE
ccxt_ccxt,26210,TRUE,TRUE
ccxt_ccxt,26209,FALSE,TRUE
ccxt_ccxt,26208,FALSE,TRUE
ccxt_ccxt,26206,TRUE,TRUE
ccxt_ccxt,26204,FALSE,TRUE
ccxt_ccxt,26203,FALSE,FALSE
ccxt_ccxt,26202,FALSE,TRUE
ccxt_ccxt,26201,FALSE,TRUE
ccxt_ccxt,26200,FALSE,TRUE
ccxt_ccxt,26199,TRUE,TRUE
ccxt_ccxt,26198,TRUE,TRUE
ccxt_ccxt,26197,FALSE,TRUE
ccxt_ccxt,26196,FALSE,TRUE
ccxt_ccxt,26195,FALSE,TRUE
ccxt_ccxt,26194,FALSE,TRUE
ccxt_ccxt,26193,TRUE,FALSE
ccxt_ccxt,26191,TRUE,FALSE
ccxt_ccxt,26190,FALSE,TRUE
ccxt_ccxt,26188,TRUE,TRUE
ccxt_ccxt,26186,FALSE,FALSE
ccxt_ccxt,26185,TRUE,TRUE
ccxt_ccxt,26184,FALSE,TRUE
ccxt_ccxt,26183,FALSE,TRUE
ccxt_ccxt,26182,TRUE,TRUE
ccxt_ccxt,26181,FALSE,TRUE
ccxt_ccxt,26177,TRUE,FALSE
ccxt_ccxt,26173,TRUE,TRUE
ccxt_ccxt,26172,FALSE,TRUE
ccxt_ccxt,26165,FALSE,TRUE
ccxt_ccxt,26163,TRUE,TRUE
ccxt_ccxt,26162,FALSE,TRUE
ccxt_ccxt,26161,TRUE,TRUE
ccxt_ccxt,26160,FALSE,FALSE
ccxt_ccxt,26159,FALSE,TRUE
ccxt_ccxt,26158,FALSE,FALSE
ccxt_ccxt,26157,FALSE,TRUE
ccxt_ccxt,26154,FALSE,TRUE
ccxt_ccxt,26151,TRUE,TRUE
ccxt_ccxt,26150,TRUE,FALSE
ccxt_ccxt,26149,TRUE,TRUE
ccxt_ccxt,26148,FALSE,TRUE
ccxt_ccxt,26147,FALSE,TRUE
ccxt_ccxt,26145,FALSE,TRUE
ccxt_ccxt,26144,FALSE,TRUE
ccxt_ccxt,26143,FALSE,FALSE
ccxt_ccxt,26142,TRUE,TRUE
ccxt_ccxt,26141,TRUE,TRUE
ccxt_ccxt,26140,TRUE,TRUE
ccxt_ccxt,26138,FALSE,TRUE
ccxt_ccxt,26137,TRUE,TRUE
ccxt_ccxt,26134,TRUE,TRUE
ccxt_ccxt,26131,FALSE,TRUE
ccxt_ccxt,26130,FALSE,TRUE
ccxt_ccxt,26129,FALSE,FALSE
ccxt_ccxt,26128,FALSE,TRUE
ccxt_ccxt,26126,FALSE,TRUE
ccxt_ccxt,26124,FALSE,TRUE
ccxt_ccxt,26120,FALSE,FALSE
ccxt_ccxt,26114,FALSE,TRUE
ccxt_ccxt,26112,TRUE,TRUE
ccxt_ccxt,26111,FALSE,TRUE
ccxt_ccxt,26110,FALSE,TRUE
ccxt_ccxt,26109,TRUE,TRUE
ccxt_ccxt,26108,TRUE,TRUE
ccxt_ccxt,26107,TRUE,TRUE
ccxt_ccxt,26106,TRUE,TRUE
ccxt_ccxt,26105,FALSE,FALSE
ccxt_ccxt,26104,TRUE,TRUE
ccxt_ccxt,26100,TRUE,TRUE
ccxt_ccxt,26098,FALSE,TRUE
ccxt_ccxt,26095,TRUE,TRUE
ccxt_ccxt,26094,TRUE,TRUE
ccxt_ccxt,26093,TRUE,TRUE
ccxt_ccxt,26091,TRUE,TRUE
ccxt_ccxt,26090,TRUE,TRUE
ccxt_ccxt,26089,TRUE,TRUE
ccxt_ccxt,26088,FALSE,FALSE
ccxt_ccxt,26085,TRUE,TRUE
ccxt_ccxt,26083,TRUE,TRUE
ccxt_ccxt,26081,FALSE,TRUE
ccxt_ccxt,26080,FALSE,TRUE
ccxt_ccxt,26077,FALSE,TRUE
ccxt_ccxt,26076,FALSE,TRUE
ccxt_ccxt,26075,FALSE,TRUE
ccxt_ccxt,26074,FALSE,TRUE
ccxt_ccxt,26073,FALSE,TRUE
ccxt_ccxt,26072,TRUE,TRUE
ccxt_ccxt,26070,FALSE,TRUE
ccxt_ccxt,26067,FALSE,TRUE
ccxt_ccxt,26065,FALSE,TRUE
ccxt_ccxt,26064,FALSE,TRUE
ccxt_ccxt,26063,FALSE,TRUE
ccxt_ccxt,26061,FALSE,TRUE
ccxt_ccxt,26060,TRUE,TRUE
ccxt_ccxt,26059,TRUE,FALSE
ccxt_ccxt,26057,FALSE,TRUE
ccxt_ccxt,26055,TRUE,TRUE
ccxt_ccxt,26054,FALSE,TRUE
ccxt_ccxt,26053,TRUE,TRUE
ccxt_ccxt,26052,FALSE,TRUE
ccxt_ccxt,26051,TRUE,TRUE
ccxt_ccxt,26050,TRUE,TRUE
ccxt_ccxt,26049,TRUE,FALSE
ccxt_ccxt,26048,FALSE,TRUE
ccxt_ccxt,26046,FALSE,TRUE
ccxt_ccxt,26045,TRUE,FALSE
ccxt_ccxt,26044,TRUE,TRUE
ccxt_ccxt,26042,TRUE,TRUE
ccxt_ccxt,26041,FALSE,FALSE
ccxt_ccxt,26040,TRUE,TRUE
ccxt_ccxt,26039,TRUE,TRUE
ccxt_ccxt,26038,FALSE,TRUE
ccxt_ccxt,26037,TRUE,TRUE
ccxt_ccxt,26036,TRUE,TRUE
ccxt_ccxt,26035,TRUE,TRUE
ccxt_ccxt,26034,FALSE,TRUE
ccxt_ccxt,26032,TRUE,TRUE
ccxt_ccxt,26031,FALSE,TRUE
ccxt_ccxt,26030,TRUE,TRUE
ccxt_ccxt,26029,TRUE,TRUE
ccxt_ccxt,26028,TRUE,TRUE
ccxt_ccxt,26027,TRUE,TRUE
ccxt_ccxt,26026,FALSE,TRUE
ccxt_ccxt,26025,TRUE,TRUE
ccxt_ccxt,26024,FALSE,TRUE
ccxt_ccxt,26023,FALSE,TRUE
ccxt_ccxt,26021,TRUE,TRUE
ccxt_ccxt,26020,FALSE,TRUE
ccxt_ccxt,26019,FALSE,TRUE
ccxt_ccxt,26018,TRUE,TRUE
ccxt_ccxt,26017,FALSE,TRUE
ccxt_ccxt,26016,TRUE,TRUE
ccxt_ccxt,26015,TRUE,TRUE
ccxt_ccxt,26014,FALSE,FALSE
ccxt_ccxt,26013,FALSE,TRUE
ccxt_ccxt,26012,TRUE,TRUE
ccxt_ccxt,26011,TRUE,TRUE
ccxt_ccxt,26010,TRUE,TRUE
ccxt_ccxt,26009,FALSE,TRUE
ccxt_ccxt,26008,TRUE,TRUE
ccxt_ccxt,26007,TRUE,TRUE
ccxt_ccxt,26006,TRUE,TRUE
ccxt_ccxt,26005,TRUE,TRUE
ccxt_ccxt,26004,TRUE,TRUE
ccxt_ccxt,26002,FALSE,TRUE
ccxt_ccxt,25999,FALSE,TRUE
ccxt_ccxt,25998,TRUE,TRUE
ccxt_ccxt,25997,FALSE,TRUE
ccxt_ccxt,25996,FALSE,TRUE
ccxt_ccxt,25995,TRUE,TRUE
ccxt_ccxt,25994,FALSE,TRUE
ccxt_ccxt,25993,FALSE,FALSE
ccxt_ccxt,25990,FALSE,TRUE
ccxt_ccxt,25986,TRUE,FALSE
ccxt_ccxt,25985,TRUE,TRUE
ccxt_ccxt,25984,TRUE,TRUE
ccxt_ccxt,25983,TRUE,TRUE
ccxt_ccxt,25982,FALSE,TRUE
ccxt_ccxt,25981,TRUE,TRUE
ccxt_ccxt,25980,TRUE,TRUE
ccxt_ccxt,25979,FALSE,TRUE
ccxt_ccxt,25975,FALSE,TRUE
ccxt_ccxt,25969,TRUE,TRUE
ccxt_ccxt,25968,FALSE,FALSE
ccxt_ccxt,25967,TRUE,TRUE
ccxt_ccxt,25966,TRUE,TRUE
ccxt_ccxt,25965,FALSE,TRUE
ccxt_ccxt,25964,FALSE,TRUE
ccxt_ccxt,25962,TRUE,TRUE
ccxt_ccxt,25961,TRUE,TRUE
ccxt_ccxt,25960,TRUE,TRUE
ccxt_ccxt,25959,FALSE,TRUE
ccxt_ccxt,25958,TRUE,FALSE
ccxt_ccxt,25957,TRUE,FALSE
ccxt_ccxt,25955,TRUE,TRUE
ccxt_ccxt,25953,FALSE,TRUE
ccxt_ccxt,25952,FALSE,FALSE
ccxt_ccxt,25950,TRUE,TRUE
ccxt_ccxt,25949,FALSE,TRUE
ccxt_ccxt,25947,TRUE,TRUE
ccxt_ccxt,25946,TRUE,TRUE
ccxt_ccxt,25945,FALSE,TRUE
ccxt_ccxt,25944,FALSE,TRUE
ccxt_ccxt,25943,FALSE,TRUE
ccxt_ccxt,25941,TRUE,TRUE
ccxt_ccxt,25940,FALSE,TRUE
ccxt_ccxt,25939,FALSE,TRUE
ccxt_ccxt,25938,FALSE,TRUE
ccxt_ccxt,25936,FALSE,TRUE
ccxt_ccxt,25935,TRUE,TRUE
ccxt_ccxt,25934,FALSE,TRUE
ccxt_ccxt,25933,TRUE,TRUE
ccxt_ccxt,25929,FALSE,TRUE
ccxt_ccxt,25928,TRUE,TRUE
ccxt_ccxt,25927,TRUE,FALSE
ccxt_ccxt,25926,TRUE,TRUE
ccxt_ccxt,25925,FALSE,TRUE
ccxt_ccxt,25924,TRUE,TRUE
ccxt_ccxt,25923,FALSE,TRUE
ccxt_ccxt,25922,TRUE,TRUE
ccxt_ccxt,25920,FALSE,TRUE
ccxt_ccxt,25918,TRUE,TRUE
ccxt_ccxt,25917,TRUE,TRUE
ccxt_ccxt,25915,TRUE,TRUE
ccxt_ccxt,25914,TRUE,TRUE
ccxt_ccxt,25913,TRUE,TRUE
ccxt_ccxt,25912,TRUE,TRUE
ccxt_ccxt,25911,TRUE,TRUE
ccxt_ccxt,25910,TRUE,TRUE
ccxt_ccxt,25909,TRUE,TRUE
ccxt_ccxt,25908,TRUE,TRUE
ccxt_ccxt,25907,TRUE,TRUE
ccxt_ccxt,25906,TRUE,TRUE
ccxt_ccxt,25903,FALSE,TRUE
ccxt_ccxt,25902,TRUE,TRUE
ccxt_ccxt,25901,TRUE,FALSE
ccxt_ccxt,25900,FALSE,TRUE
ccxt_ccxt,25899,FALSE,TRUE
ccxt_ccxt,25898,TRUE,TRUE
ccxt_ccxt,25897,TRUE,TRUE
ccxt_ccxt,25896,TRUE,TRUE
ccxt_ccxt,25895,TRUE,TRUE
ccxt_ccxt,25894,TRUE,TRUE
ccxt_ccxt,25892,FALSE,FALSE
ccxt_ccxt,25891,FALSE,TRUE
ccxt_ccxt,25890,TRUE,TRUE
ccxt_ccxt,25889,TRUE,FALSE
ccxt_ccxt,25888,TRUE,FALSE
ccxt_ccxt,25887,TRUE,TRUE
ccxt_ccxt,25886,FALSE,TRUE
ccxt_ccxt,25885,FALSE,TRUE
ccxt_ccxt,25883,TRUE,FALSE
ccxt_ccxt,25882,TRUE,TRUE
ccxt_ccxt,25881,FALSE,TRUE
ccxt_ccxt,25880,FALSE,TRUE
ccxt_ccxt,25879,FALSE,TRUE
ccxt_ccxt,25878,FALSE,TRUE
ccxt_ccxt,25876,FALSE,FALSE
ccxt_ccxt,25874,FALSE,TRUE
ccxt_ccxt,25873,TRUE,TRUE
ccxt_ccxt,25872,FALSE,TRUE
ccxt_ccxt,25871,TRUE,TRUE
ccxt_ccxt,25870,TRUE,TRUE
ccxt_ccxt,25869,TRUE,TRUE
ccxt_ccxt,25868,TRUE,FALSE
ccxt_ccxt,25867,TRUE,FALSE
ccxt_ccxt,25866,FALSE,TRUE
ccxt_ccxt,25865,TRUE,FALSE
ccxt_ccxt,25864,FALSE,TRUE
ccxt_ccxt,25863,TRUE,TRUE
ccxt_ccxt,25862,TRUE,FALSE
ccxt_ccxt,25860,FALSE,TRUE
ccxt_ccxt,25857,FALSE,TRUE
ccxt_ccxt,25856,FALSE,TRUE
ccxt_ccxt,25855,FALSE,TRUE
ccxt_ccxt,25854,TRUE,FALSE
ccxt_ccxt,25852,TRUE,FALSE
ccxt_ccxt,25851,FALSE,TRUE
ccxt_ccxt,25850,FALSE,TRUE
ccxt_ccxt,25849,FALSE,TRUE
ccxt_ccxt,25848,FALSE,TRUE
ccxt_ccxt,25847,FALSE,TRUE
ccxt_ccxt,25846,FALSE,TRUE
ccxt_ccxt,25845,FALSE,TRUE
ccxt_ccxt,25844,FALSE,TRUE
ccxt_ccxt,25843,FALSE,TRUE
ccxt_ccxt,25842,FALSE,TRUE
ccxt_ccxt,25841,FALSE,TRUE
ccxt_ccxt,25840,FALSE,TRUE
ccxt_ccxt,25839,FALSE,TRUE
ccxt_ccxt,25838,FALSE,TRUE
ccxt_ccxt,25837,TRUE,FALSE
ccxt_ccxt,25836,FALSE,TRUE
ccxt_ccxt,25834,FALSE,TRUE
ccxt_ccxt,25833,FALSE,TRUE
ccxt_ccxt,25831,FALSE,TRUE
ccxt_ccxt,25829,FALSE,TRUE
ccxt_ccxt,25828,TRUE,TRUE
ccxt_ccxt,25827,TRUE,TRUE
ccxt_ccxt,25826,FALSE,TRUE
ccxt_ccxt,25825,FALSE,TRUE
ccxt_ccxt,25824,FALSE,TRUE
ccxt_ccxt,25822,TRUE,FALSE
ccxt_ccxt,25820,TRUE,TRUE
ccxt_ccxt,25819,TRUE,TRUE
ccxt_ccxt,25818,FALSE,TRUE
ccxt_ccxt,25817,TRUE,FALSE
ccxt_ccxt,25816,FALSE,TRUE
ccxt_ccxt,25815,FALSE,TRUE
ccxt_ccxt,25814,FALSE,TRUE
ccxt_ccxt,25813,TRUE,TRUE
ccxt_ccxt,25812,FALSE,FALSE
ccxt_ccxt,25809,TRUE,FALSE
ccxt_ccxt,25808,TRUE,TRUE
ccxt_ccxt,25804,TRUE,FALSE
ccxt_ccxt,25801,TRUE,FALSE
ccxt_ccxt,25799,TRUE,TRUE
ccxt_ccxt,25797,TRUE,TRUE
ccxt_ccxt,25795,TRUE,TRUE
ccxt_ccxt,25794,TRUE,TRUE
ccxt_ccxt,25791,TRUE,FALSE
ccxt_ccxt,25790,TRUE,FALSE
ccxt_ccxt,25789,FALSE,TRUE
ccxt_ccxt,25788,FALSE,TRUE
ccxt_ccxt,25787,TRUE,TRUE
ccxt_ccxt,25786,FALSE,TRUE
ccxt_ccxt,25785,FALSE,TRUE
ccxt_ccxt,25783,TRUE,TRUE
ccxt_ccxt,25782,FALSE,TRUE
ccxt_ccxt,25778,TRUE,TRUE
ccxt_ccxt,25776,TRUE,TRUE
ccxt_ccxt,25775,TRUE,TRUE
ccxt_ccxt,25773,FALSE,TRUE
ccxt_ccxt,25771,TRUE,TRUE
ccxt_ccxt,25769,FALSE,TRUE
ccxt_ccxt,25768,FALSE,TRUE
ccxt_ccxt,25764,FALSE,TRUE
ccxt_ccxt,25761,FALSE,TRUE
ccxt_ccxt,25760,FALSE,FALSE
ccxt_ccxt,25759,FALSE,FALSE
ccxt_ccxt,25758,FALSE,FALSE
ccxt_ccxt,25757,FALSE,FALSE
ccxt_ccxt,25756,FALSE,TRUE
ccxt_ccxt,25755,FALSE,FALSE
ccxt_ccxt,25754,TRUE,FALSE
ccxt_ccxt,25752,FALSE,TRUE
ccxt_ccxt,25751,TRUE,TRUE
ccxt_ccxt,25750,FALSE,FALSE
ccxt_ccxt,25748,TRUE,FALSE
ccxt_ccxt,25747,FALSE,TRUE
ccxt_ccxt,25745,FALSE,FALSE
ccxt_ccxt,25744,FALSE,FALSE
ccxt_ccxt,25742,FALSE,TRUE
ccxt_ccxt,25740,TRUE,FALSE
ccxt_ccxt,25739,TRUE,FALSE
ccxt_ccxt,25738,FALSE,FALSE
ccxt_ccxt,25737,FALSE,FALSE
ccxt_ccxt,25736,FALSE,FALSE
ccxt_ccxt,25735,TRUE,TRUE
ccxt_ccxt,25733,FALSE,TRUE
ccxt_ccxt,25732,TRUE,TRUE
ccxt_ccxt,25730,TRUE,TRUE
ccxt_ccxt,25726,FALSE,TRUE
ccxt_ccxt,25725,TRUE,FALSE
ccxt_ccxt,25724,TRUE,FALSE
ccxt_ccxt,25723,TRUE,FALSE
ccxt_ccxt,25722,FALSE,TRUE
ccxt_ccxt,25719,TRUE,TRUE
ccxt_ccxt,25718,TRUE,TRUE
ccxt_ccxt,25717,FALSE,FALSE
ccxt_ccxt,25716,TRUE,FALSE
ccxt_ccxt,25715,FALSE,FALSE
ccxt_ccxt,25714,FALSE,FALSE
ccxt_ccxt,25711,FALSE,TRUE
ccxt_ccxt,25708,FALSE,TRUE
ccxt_ccxt,25706,FALSE,TRUE
ccxt_ccxt,25705,FALSE,TRUE
ccxt_ccxt,25704,FALSE,TRUE
ccxt_ccxt,25703,FALSE,TRUE
ccxt_ccxt,25701,FALSE,TRUE
ccxt_ccxt,25700,FALSE,TRUE
ccxt_ccxt,25698,TRUE,TRUE
ccxt_ccxt,25697,FALSE,FALSE
ccxt_ccxt,25696,TRUE,FALSE
ccxt_ccxt,25695,TRUE,FALSE
ccxt_ccxt,25694,TRUE,FALSE
ccxt_ccxt,25693,TRUE,FALSE
ccxt_ccxt,25692,TRUE,FALSE
ccxt_ccxt,25691,TRUE,FALSE
ccxt_ccxt,25690,TRUE,FALSE
ccxt_ccxt,25688,FALSE,FALSE
ccxt_ccxt,25687,TRUE,FALSE
ccxt_ccxt,25686,TRUE,TRUE
ccxt_ccxt,25685,FALSE,TRUE
ccxt_ccxt,25684,FALSE,FALSE
ccxt_ccxt,25683,FALSE,TRUE
ccxt_ccxt,25682,TRUE,TRUE
ccxt_ccxt,25681,TRUE,FALSE
ccxt_ccxt,25680,FALSE,TRUE
ccxt_ccxt,25678,TRUE,TRUE
ccxt_ccxt,25677,TRUE,FALSE
ccxt_ccxt,25676,FALSE,TRUE
ccxt_ccxt,25675,TRUE,FALSE
ccxt_ccxt,25673,TRUE,TRUE
ccxt_ccxt,25672,FALSE,TRUE
ccxt_ccxt,25671,FALSE,TRUE
ccxt_ccxt,25670,TRUE,FALSE
ccxt_ccxt,25669,TRUE,FALSE
ccxt_ccxt,25668,FALSE,FALSE
ccxt_ccxt,25667,FALSE,TRUE
ccxt_ccxt,25665,TRUE,TRUE
ccxt_ccxt,25664,FALSE,TRUE
ccxt_ccxt,25662,FALSE,TRUE
ccxt_ccxt,25659,FALSE,TRUE
ccxt_ccxt,25658,FALSE,TRUE
ccxt_ccxt,25657,TRUE,TRUE
ccxt_ccxt,25656,FALSE,TRUE
ccxt_ccxt,25655,FALSE,TRUE
ccxt_ccxt,25651,TRUE,FALSE
ccxt_ccxt,25650,TRUE,FALSE
ccxt_ccxt,25649,FALSE,TRUE
ccxt_ccxt,25648,TRUE,FALSE
ccxt_ccxt,25646,TRUE,TRUE
ccxt_ccxt,25645,TRUE,TRUE
ccxt_ccxt,25644,TRUE,TRUE
ccxt_ccxt,25642,FALSE,TRUE
ccxt_ccxt,25641,FALSE,FALSE
ccxt_ccxt,25640,TRUE,FALSE
ccxt_ccxt,25639,FALSE,TRUE
ccxt_ccxt,25638,FALSE,TRUE
ccxt_ccxt,25636,FALSE,TRUE
ccxt_ccxt,25635,TRUE,FALSE
ccxt_ccxt,25634,TRUE,TRUE
ccxt_ccxt,25633,TRUE,TRUE
ccxt_ccxt,25632,TRUE,FALSE
ccxt_ccxt,25631,TRUE,FALSE
ccxt_ccxt,25630,TRUE,TRUE
ccxt_ccxt,25627,TRUE,TRUE
ccxt_ccxt,25626,FALSE,FALSE
ccxt_ccxt,25625,TRUE,TRUE
ccxt_ccxt,25624,TRUE,TRUE
ccxt_ccxt,25623,TRUE,TRUE
ccxt_ccxt,25622,FALSE,TRUE
ccxt_ccxt,25621,TRUE,TRUE
ccxt_ccxt,25620,TRUE,TRUE
ccxt_ccxt,25619,TRUE,TRUE
ccxt_ccxt,25618,TRUE,FALSE
ccxt_ccxt,25617,TRUE,TRUE
ccxt_ccxt,25616,TRUE,TRUE
ccxt_ccxt,25615,TRUE,TRUE
ccxt_ccxt,25614,FALSE,TRUE
ccxt_ccxt,25611,FALSE,FALSE
ccxt_ccxt,25609,FALSE,TRUE
ccxt_ccxt,25608,FALSE,TRUE
ccxt_ccxt,25607,TRUE,TRUE
ccxt_ccxt,25606,TRUE,TRUE
ccxt_ccxt,25605,FALSE,TRUE
ccxt_ccxt,25604,FALSE,TRUE
ccxt_ccxt,25603,FALSE,TRUE
ccxt_ccxt,25602,FALSE,TRUE
ccxt_ccxt,25601,FALSE,TRUE
ccxt_ccxt,25600,FALSE,TRUE
ccxt_ccxt,25599,TRUE,TRUE
ccxt_ccxt,25598,FALSE,FALSE
ccxt_ccxt,25597,TRUE,FALSE
ccxt_ccxt,25596,TRUE,TRUE
ccxt_ccxt,25595,FALSE,TRUE
ccxt_ccxt,25594,TRUE,TRUE
ccxt_ccxt,25593,FALSE,TRUE
ccxt_ccxt,25591,TRUE,TRUE
ccxt_ccxt,25590,TRUE,FALSE
ccxt_ccxt,25589,TRUE,TRUE
ccxt_ccxt,25587,TRUE,TRUE
ccxt_ccxt,25586,TRUE,TRUE
ccxt_ccxt,25585,FALSE,TRUE
ccxt_ccxt,25584,FALSE,TRUE
ccxt_ccxt,25583,TRUE,TRUE
ccxt_ccxt,25582,FALSE,TRUE
ccxt_ccxt,25581,FALSE,TRUE
ccxt_ccxt,25577,FALSE,TRUE
ccxt_ccxt,25576,FALSE,TRUE
ccxt_ccxt,25575,FALSE,TRUE
ccxt_ccxt,25573,FALSE,TRUE
ccxt_ccxt,25572,FALSE,TRUE
ccxt_ccxt,25571,FALSE,TRUE
ccxt_ccxt,25569,FALSE,TRUE
ccxt_ccxt,25568,FALSE,TRUE
ccxt_ccxt,25567,FALSE,TRUE
ccxt_ccxt,25566,TRUE,FALSE
ccxt_ccxt,25565,FALSE,TRUE
ccxt_ccxt,25564,FALSE,TRUE
ccxt_ccxt,25563,FALSE,TRUE
ccxt_ccxt,25562,FALSE,TRUE
ccxt_ccxt,25561,FALSE,TRUE
ccxt_ccxt,25560,FALSE,TRUE
ccxt_ccxt,25559,FALSE,TRUE
ccxt_ccxt,25558,FALSE,TRUE
ccxt_ccxt,25557,FALSE,TRUE
ccxt_ccxt,25555,FALSE,TRUE
ccxt_ccxt,25553,FALSE,TRUE
ccxt_ccxt,25552,FALSE,TRUE
ccxt_ccxt,25551,FALSE,FALSE
ccxt_ccxt,25550,FALSE,FALSE
ccxt_ccxt,25548,FALSE,TRUE
ccxt_ccxt,25547,TRUE,TRUE
ccxt_ccxt,25546,FALSE,TRUE
ccxt_ccxt,25543,FALSE,TRUE
ccxt_ccxt,25542,FALSE,FALSE
ccxt_ccxt,25541,FALSE,TRUE
ccxt_ccxt,25540,FALSE,TRUE
ccxt_ccxt,25538,FALSE,TRUE
ccxt_ccxt,25535,FALSE,TRUE
ccxt_ccxt,25534,TRUE,TRUE
ccxt_ccxt,25531,FALSE,TRUE
ccxt_ccxt,25528,FALSE,TRUE
ccxt_ccxt,25527,TRUE,TRUE
ccxt_ccxt,25526,TRUE,TRUE
ccxt_ccxt,25521,TRUE,TRUE
ccxt_ccxt,25520,TRUE,TRUE
ccxt_ccxt,25519,FALSE,TRUE
ccxt_ccxt,25518,FALSE,TRUE
ccxt_ccxt,25517,FALSE,TRUE
ccxt_ccxt,25516,FALSE,FALSE
ccxt_ccxt,25515,FALSE,TRUE
ccxt_ccxt,25514,FALSE,TRUE
ccxt_ccxt,25513,FALSE,TRUE
ccxt_ccxt,25510,FALSE,TRUE
ccxt_ccxt,25509,TRUE,TRUE
ccxt_ccxt,25507,TRUE,TRUE
ccxt_ccxt,25505,FALSE,TRUE
ccxt_ccxt,25503,TRUE,TRUE
ccxt_ccxt,25499,FALSE,TRUE
ccxt_ccxt,25498,TRUE,TRUE
ccxt_ccxt,25497,FALSE,TRUE
ccxt_ccxt,25495,FALSE,TRUE
ccxt_ccxt,25494,FALSE,TRUE
ccxt_ccxt,25492,TRUE,TRUE
ccxt_ccxt,25489,FALSE,TRUE
ccxt_ccxt,25485,FALSE,TRUE
ccxt_ccxt,25483,FALSE,TRUE
ccxt_ccxt,25480,FALSE,TRUE
ccxt_ccxt,25478,TRUE,TRUE
ccxt_ccxt,25477,FALSE,FALSE
ccxt_ccxt,25476,FALSE,TRUE
ccxt_ccxt,25474,FALSE,TRUE
ccxt_ccxt,25473,FALSE,TRUE
ccxt_ccxt,25472,FALSE,TRUE
ccxt_ccxt,25471,FALSE,TRUE
ccxt_ccxt,25470,FALSE,TRUE
ccxt_ccxt,25469,FALSE,TRUE
ccxt_ccxt,25468,FALSE,TRUE
ccxt_ccxt,25466,TRUE,TRUE
ccxt_ccxt,25462,FALSE,TRUE
ccxt_ccxt,25461,FALSE,TRUE
ccxt_ccxt,25460,FALSE,FALSE
ccxt_ccxt,25458,FALSE,TRUE
ccxt_ccxt,25454,TRUE,TRUE
ccxt_ccxt,25453,FALSE,FALSE
ccxt_ccxt,25452,TRUE,TRUE
ccxt_ccxt,25449,FALSE,TRUE
ccxt_ccxt,25448,FALSE,TRUE
ccxt_ccxt,25444,FALSE,TRUE
ccxt_ccxt,25442,FALSE,FALSE
ccxt_ccxt,25441,FALSE,TRUE
ccxt_ccxt,25440,TRUE,FALSE
ccxt_ccxt,25439,FALSE,FALSE
ccxt_ccxt,25438,FALSE,FALSE
ccxt_ccxt,25437,TRUE,TRUE
ccxt_ccxt,25434,FALSE,TRUE
ccxt_ccxt,25431,FALSE,FALSE
ccxt_ccxt,25430,FALSE,TRUE
ccxt_ccxt,25428,TRUE,TRUE
ccxt_ccxt,25426,TRUE,TRUE
ccxt_ccxt,25425,TRUE,TRUE
ccxt_ccxt,25424,FALSE,FALSE
ccxt_ccxt,25422,FALSE,TRUE
ccxt_ccxt,25419,TRUE,TRUE
ccxt_ccxt,25416,FALSE,TRUE
ccxt_ccxt,25415,TRUE,TRUE
ccxt_ccxt,25414,FALSE,FALSE
ccxt_ccxt,25412,FALSE,TRUE
ccxt_ccxt,25410,FALSE,FALSE
ccxt_ccxt,25408,FALSE,TRUE
ccxt_ccxt,25407,TRUE,TRUE
ccxt_ccxt,25405,TRUE,TRUE
ccxt_ccxt,25404,FALSE,TRUE
ccxt_ccxt,25401,FALSE,TRUE
ccxt_ccxt,25400,FALSE,TRUE
ccxt_ccxt,25398,FALSE,FALSE
ccxt_ccxt,25397,TRUE,FALSE
ccxt_ccxt,25395,FALSE,TRUE
ccxt_ccxt,25394,TRUE,TRUE
ccxt_ccxt,25390,FALSE,FALSE
ccxt_ccxt,25386,FALSE,FALSE
ccxt_ccxt,25385,FALSE,TRUE
ccxt_ccxt,25384,TRUE,FALSE
ccxt_ccxt,25382,FALSE,TRUE
ccxt_ccxt,25381,FALSE,FALSE
ccxt_ccxt,25380,TRUE,FALSE
ccxt_ccxt,25378,TRUE,TRUE
ccxt_ccxt,25377,FALSE,TRUE
ccxt_ccxt,25376,TRUE,TRUE
ccxt_ccxt,25375,FALSE,TRUE
ccxt_ccxt,25374,FALSE,TRUE
ccxt_ccxt,25370,FALSE,TRUE
ccxt_ccxt,25369,TRUE,TRUE
ccxt_ccxt,25368,FALSE,FALSE
ccxt_ccxt,25367,FALSE,TRUE
ccxt_ccxt,25366,FALSE,TRUE
ccxt_ccxt,25365,FALSE,TRUE
ccxt_ccxt,25364,FALSE,TRUE
ccxt_ccxt,25363,FALSE,TRUE
ccxt_ccxt,25362,FALSE,FALSE
ccxt_ccxt,25360,FALSE,TRUE
ccxt_ccxt,25359,FALSE,TRUE
ccxt_ccxt,25356,TRUE,TRUE
ccxt_ccxt,25353,FALSE,TRUE
ccxt_ccxt,25349,FALSE,FALSE
ccxt_ccxt,25348,FALSE,TRUE
ccxt_ccxt,25346,TRUE,FALSE
ccxt_ccxt,25344,FALSE,TRUE
ccxt_ccxt,25342,TRUE,TRUE
ccxt_ccxt,25341,FALSE,TRUE
ccxt_ccxt,25339,FALSE,FALSE
ccxt_ccxt,25334,FALSE,TRUE
ccxt_ccxt,25333,TRUE,TRUE
ccxt_ccxt,25330,FALSE,TRUE
ccxt_ccxt,25329,FALSE,TRUE
ccxt_ccxt,25328,FALSE,TRUE
ccxt_ccxt,25327,TRUE,FALSE
ccxt_ccxt,25325,FALSE,TRUE
ccxt_ccxt,25324,TRUE,TRUE
ccxt_ccxt,25323,FALSE,TRUE
ccxt_ccxt,25322,FALSE,TRUE
ccxt_ccxt,25320,FALSE,TRUE
ccxt_ccxt,25313,FALSE,FALSE
ccxt_ccxt,25311,TRUE,TRUE
ccxt_ccxt,25310,FALSE,TRUE
ccxt_ccxt,25308,FALSE,TRUE
ccxt_ccxt,25307,TRUE,TRUE
ccxt_ccxt,25306,TRUE,TRUE
ccxt_ccxt,25305,FALSE,FALSE
ccxt_ccxt,25304,TRUE,TRUE
ccxt_ccxt,25303,FALSE,FALSE
ccxt_ccxt,25301,FALSE,TRUE
ccxt_ccxt,25299,TRUE,TRUE
ccxt_ccxt,25298,TRUE,FALSE
ccxt_ccxt,25297,FALSE,TRUE
ccxt_ccxt,25296,TRUE,FALSE
ccxt_ccxt,25295,TRUE,FALSE
ccxt_ccxt,25291,FALSE,TRUE
ccxt_ccxt,25290,TRUE,TRUE
ccxt_ccxt,25287,TRUE,TRUE
ccxt_ccxt,25286,FALSE,TRUE
ccxt_ccxt,25284,TRUE,TRUE
ccxt_ccxt,25283,FALSE,TRUE
ccxt_ccxt,25282,TRUE,TRUE
ccxt_ccxt,25281,FALSE,FALSE
ccxt_ccxt,25280,TRUE,TRUE
ccxt_ccxt,25279,TRUE,FALSE
ccxt_ccxt,25278,FALSE,TRUE
ccxt_ccxt,25277,TRUE,TRUE
ccxt_ccxt,25276,FALSE,FALSE
ccxt_ccxt,25275,FALSE,TRUE
ccxt_ccxt,25274,TRUE,TRUE
ccxt_ccxt,25273,FALSE,TRUE
ccxt_ccxt,25272,TRUE,FALSE
ccxt_ccxt,25270,TRUE,FALSE
ccxt_ccxt,25267,FALSE,FALSE
ccxt_ccxt,25266,FALSE,FALSE
ccxt_ccxt,25265,FALSE,TRUE
ccxt_ccxt,25264,FALSE,TRUE
ccxt_ccxt,25263,FALSE,TRUE
ccxt_ccxt,25262,TRUE,FALSE
ccxt_ccxt,25261,FALSE,TRUE
ccxt_ccxt,25259,TRUE,FALSE
ccxt_ccxt,25257,FALSE,TRUE
ccxt_ccxt,25256,FALSE,FALSE
ccxt_ccxt,25255,FALSE,TRUE
ccxt_ccxt,25254,TRUE,TRUE
ccxt_ccxt,25253,FALSE,TRUE
ccxt_ccxt,25251,TRUE,FALSE
ccxt_ccxt,25248,FALSE,FALSE
ccxt_ccxt,25247,TRUE,TRUE
ccxt_ccxt,25244,TRUE,TRUE
ccxt_ccxt,25243,FALSE,TRUE
ccxt_ccxt,25241,FALSE,TRUE
ccxt_ccxt,25239,FALSE,TRUE
ccxt_ccxt,25237,FALSE,TRUE
ccxt_ccxt,25236,FALSE,TRUE
ccxt_ccxt,25235,FALSE,TRUE
ccxt_ccxt,25234,TRUE,FALSE
ccxt_ccxt,25233,FALSE,TRUE
ccxt_ccxt,25232,FALSE,TRUE
ccxt_ccxt,25231,FALSE,TRUE
ccxt_ccxt,25228,FALSE,FALSE
ccxt_ccxt,25227,TRUE,FALSE
ccxt_ccxt,25226,FALSE,TRUE
ccxt_ccxt,25225,FALSE,TRUE
ccxt_ccxt,25224,FALSE,TRUE
ccxt_ccxt,25223,FALSE,FALSE
ccxt_ccxt,25222,TRUE,TRUE
ccxt_ccxt,25221,FALSE,TRUE
ccxt_ccxt,25220,FALSE,TRUE
ccxt_ccxt,25218,FALSE,TRUE
ccxt_ccxt,25215,FALSE,FALSE
ccxt_ccxt,25214,FALSE,FALSE
ccxt_ccxt,25213,FALSE,TRUE
ccxt_ccxt,25212,FALSE,TRUE
ccxt_ccxt,25211,FALSE,FALSE
ccxt_ccxt,25209,FALSE,TRUE
ccxt_ccxt,25208,TRUE,TRUE
ccxt_ccxt,25207,FALSE,FALSE
ccxt_ccxt,25206,TRUE,FALSE
ccxt_ccxt,25205,FALSE,FALSE
ccxt_ccxt,25204,FALSE,TRUE
ccxt_ccxt,25203,TRUE,TRUE
ccxt_ccxt,25202,FALSE,TRUE
ccxt_ccxt,25201,FALSE,FALSE
ccxt_ccxt,25200,FALSE,FALSE
ccxt_ccxt,25199,FALSE,TRUE
ccxt_ccxt,25198,FALSE,FALSE
ccxt_ccxt,25197,FALSE,TRUE
ccxt_ccxt,25196,TRUE,TRUE
ccxt_ccxt,25194,FALSE,FALSE
ccxt_ccxt,25191,TRUE,FALSE
ccxt_ccxt,25190,TRUE,TRUE
ccxt_ccxt,25189,FALSE,FALSE
ccxt_ccxt,25188,FALSE,TRUE
ccxt_ccxt,25187,FALSE,FALSE
ccxt_ccxt,25185,FALSE,TRUE
ccxt_ccxt,25184,FALSE,FALSE
ccxt_ccxt,25183,FALSE,FALSE
ccxt_ccxt,25182,TRUE,FALSE
ccxt_ccxt,25181,TRUE,FALSE
ccxt_ccxt,25180,FALSE,TRUE
ccxt_ccxt,25179,FALSE,TRUE
ccxt_ccxt,25178,FALSE,TRUE
ccxt_ccxt,25177,TRUE,TRUE
ccxt_ccxt,25172,TRUE,TRUE
ccxt_ccxt,25171,FALSE,TRUE
ccxt_ccxt,25170,FALSE,TRUE
ccxt_ccxt,25169,FALSE,FALSE
ccxt_ccxt,25168,FALSE,FALSE
ccxt_ccxt,25167,FALSE,FALSE
ccxt_ccxt,25166,FALSE,FALSE
ccxt_ccxt,25165,FALSE,FALSE
ccxt_ccxt,25164,FALSE,FALSE
ccxt_ccxt,25163,FALSE,FALSE
ccxt_ccxt,25162,FALSE,TRUE
ccxt_ccxt,25161,FALSE,FALSE
ccxt_ccxt,25160,FALSE,FALSE
ccxt_ccxt,25159,FALSE,FALSE
ccxt_ccxt,25158,FALSE,FALSE
ccxt_ccxt,25157,TRUE,TRUE
ccxt_ccxt,25156,FALSE,FALSE
ccxt_ccxt,25155,FALSE,FALSE
ccxt_ccxt,25154,FALSE,FALSE
ccxt_ccxt,25149,TRUE,TRUE
ccxt_ccxt,25148,TRUE,TRUE
ccxt_ccxt,25147,TRUE,TRUE
ccxt_ccxt,25146,FALSE,TRUE
ccxt_ccxt,25145,TRUE,TRUE
ccxt_ccxt,25144,FALSE,FALSE
ccxt_ccxt,25143,FALSE,FALSE
ccxt_ccxt,25141,FALSE,FALSE
ccxt_ccxt,25140,FALSE,TRUE
ccxt_ccxt,25137,TRUE,TRUE
ccxt_ccxt,25136,FALSE,TRUE
ccxt_ccxt,25135,FALSE,FALSE
ccxt_ccxt,25134,TRUE,TRUE
ccxt_ccxt,25133,FALSE,FALSE
ccxt_ccxt,25132,FALSE,FALSE
ccxt_ccxt,25131,FALSE,FALSE
ccxt_ccxt,25130,FALSE,FALSE
ccxt_ccxt,25129,FALSE,FALSE
ccxt_ccxt,25128,FALSE,FALSE
ccxt_ccxt,25127,FALSE,FALSE
ccxt_ccxt,25126,FALSE,FALSE
ccxt_ccxt,25125,FALSE,FALSE
ccxt_ccxt,25124,FALSE,FALSE
ccxt_ccxt,25123,FALSE,FALSE
ccxt_ccxt,25122,FALSE,FALSE
ccxt_ccxt,25121,FALSE,FALSE
ccxt_ccxt,25120,FALSE,FALSE
ccxt_ccxt,25119,FALSE,FALSE
ccxt_ccxt,25118,FALSE,FALSE
ccxt_ccxt,25117,FALSE,FALSE
ccxt_ccxt,25116,FALSE,FALSE
ccxt_ccxt,25115,FALSE,FALSE
ccxt_ccxt,25114,FALSE,TRUE
ccxt_ccxt,25112,FALSE,FALSE
ccxt_ccxt,25111,FALSE,TRUE
ccxt_ccxt,25110,FALSE,TRUE
ccxt_ccxt,25108,FALSE,FALSE
ccxt_ccxt,25105,FALSE,FALSE
ccxt_ccxt,25103,FALSE,FALSE
ccxt_ccxt,25102,FALSE,FALSE
ccxt_ccxt,25101,TRUE,FALSE
ccxt_ccxt,25100,FALSE,FALSE
ccxt_ccxt,25099,FALSE,FALSE
ccxt_ccxt,25098,FALSE,FALSE
ccxt_ccxt,25096,TRUE,FALSE
ccxt_ccxt,25095,TRUE,TRUE
ccxt_ccxt,25094,TRUE,TRUE
ccxt_ccxt,25091,FALSE,TRUE
ccxt_ccxt,25090,FALSE,TRUE
ccxt_ccxt,25089,FALSE,FALSE
ccxt_ccxt,25088,FALSE,FALSE
ccxt_ccxt,25087,TRUE,TRUE
ccxt_ccxt,25086,FALSE,FALSE
ccxt_ccxt,25085,FALSE,FALSE
ccxt_ccxt,25084,FALSE,FALSE
ccxt_ccxt,25083,FALSE,TRUE
ccxt_ccxt,25082,FALSE,TRUE
ccxt_ccxt,25081,TRUE,TRUE
ccxt_ccxt,25079,FALSE,FALSE
ccxt_ccxt,25078,FALSE,FALSE
ccxt_ccxt,25077,FALSE,FALSE
ccxt_ccxt,25076,FALSE,FALSE
ccxt_ccxt,25075,FALSE,FALSE
ccxt_ccxt,25074,FALSE,FALSE
ccxt_ccxt,25072,FALSE,FALSE
ccxt_ccxt,25071,TRUE,FALSE
ccxt_ccxt,25068,FALSE,TRUE
ccxt_ccxt,25067,FALSE,FALSE
ccxt_ccxt,25066,FALSE,FALSE
ccxt_ccxt,25065,FALSE,FALSE
ccxt_ccxt,25064,FALSE,TRUE
ccxt_ccxt,25062,FALSE,FALSE
ccxt_ccxt,25061,FALSE,TRUE
ccxt_ccxt,25060,FALSE,FALSE
ccxt_ccxt,25059,TRUE,TRUE
ccxt_ccxt,25058,FALSE,FALSE
ccxt_ccxt,25057,FALSE,FALSE
ccxt_ccxt,25056,FALSE,TRUE
ccxt_ccxt,25055,TRUE,FALSE
ccxt_ccxt,25054,FALSE,TRUE
ccxt_ccxt,25053,FALSE,TRUE
ccxt_ccxt,25052,FALSE,TRUE
ccxt_ccxt,25051,FALSE,TRUE
ccxt_ccxt,25049,FALSE,TRUE
ccxt_ccxt,25048,FALSE,FALSE
ccxt_ccxt,25047,TRUE,TRUE
ccxt_ccxt,25045,FALSE,TRUE
ccxt_ccxt,25043,FALSE,TRUE
ccxt_ccxt,25041,FALSE,FALSE
ccxt_ccxt,25039,FALSE,FALSE
ccxt_ccxt,25038,FALSE,FALSE
ccxt_ccxt,25037,FALSE,TRUE
ccxt_ccxt,25036,FALSE,FALSE
ccxt_ccxt,25035,FALSE,FALSE
ccxt_ccxt,25034,FALSE,FALSE
ccxt_ccxt,25033,FALSE,FALSE
ccxt_ccxt,25032,TRUE,TRUE
ccxt_ccxt,25030,FALSE,TRUE
ccxt_ccxt,25029,FALSE,FALSE
ccxt_ccxt,25028,FALSE,FALSE
ccxt_ccxt,25027,FALSE,FALSE
ccxt_ccxt,25026,FALSE,FALSE
ccxt_ccxt,25025,FALSE,FALSE
ccxt_ccxt,25024,FALSE,FALSE
ccxt_ccxt,25023,TRUE,TRUE
ccxt_ccxt,25022,FALSE,FALSE
ccxt_ccxt,25021,FALSE,FALSE
ccxt_ccxt,25020,FALSE,FALSE
ccxt_ccxt,25018,FALSE,FALSE
ccxt_ccxt,25017,FALSE,TRUE
ccxt_ccxt,25016,FALSE,FALSE
ccxt_ccxt,25015,FALSE,FALSE
ccxt_ccxt,25012,FALSE,TRUE
ccxt_ccxt,25011,FALSE,TRUE
ccxt_ccxt,25010,FALSE,FALSE
ccxt_ccxt,25009,FALSE,TRUE
ccxt_ccxt,25008,FALSE,TRUE
ccxt_ccxt,25007,TRUE,TRUE
ccxt_ccxt,25002,FALSE,TRUE
ccxt_ccxt,25001,FALSE,TRUE
ccxt_ccxt,25000,FALSE,TRUE
ccxt_ccxt,24999,FALSE,TRUE
ccxt_ccxt,24998,FALSE,TRUE
ccxt_ccxt,24997,FALSE,TRUE
ccxt_ccxt,24995,FALSE,TRUE
ccxt_ccxt,24994,FALSE,TRUE
ccxt_ccxt,24993,FALSE,TRUE
ccxt_ccxt,24992,FALSE,FALSE
ccxt_ccxt,24991,FALSE,FALSE
ccxt_ccxt,24990,FALSE,FALSE
ccxt_ccxt,24989,FALSE,FALSE
ccxt_ccxt,24988,FALSE,FALSE
ccxt_ccxt,24987,FALSE,FALSE
ccxt_ccxt,24986,FALSE,FALSE
ccxt_ccxt,24985,FALSE,TRUE
ccxt_ccxt,24984,FALSE,TRUE
ccxt_ccxt,24983,FALSE,TRUE
ccxt_ccxt,24982,FALSE,TRUE
ccxt_ccxt,24980,FALSE,FALSE
ccxt_ccxt,24979,FALSE,TRUE
ccxt_ccxt,24977,FALSE,TRUE
ccxt_ccxt,24976,FALSE,TRUE
ccxt_ccxt,24975,FALSE,TRUE
ccxt_ccxt,24974,FALSE,FALSE
ccxt_ccxt,24973,FALSE,TRUE
ccxt_ccxt,24972,TRUE,TRUE
ccxt_ccxt,24969,FALSE,FALSE
ccxt_ccxt,24968,FALSE,TRUE
ccxt_ccxt,24967,FALSE,TRUE
ccxt_ccxt,24966,FALSE,TRUE
ccxt_ccxt,24965,FALSE,TRUE
ccxt_ccxt,24963,FALSE,TRUE
ccxt_ccxt,24962,FALSE,TRUE
ccxt_ccxt,24961,FALSE,TRUE
ccxt_ccxt,24960,FALSE,FALSE
ccxt_ccxt,24959,FALSE,TRUE
ccxt_ccxt,24958,FALSE,TRUE
ccxt_ccxt,24957,FALSE,TRUE
ccxt_ccxt,24956,FALSE,TRUE
ccxt_ccxt,24955,FALSE,TRUE
ccxt_ccxt,24954,FALSE,TRUE
ccxt_ccxt,24953,FALSE,TRUE
ccxt_ccxt,24952,TRUE,TRUE
ccxt_ccxt,24947,FALSE,TRUE
ccxt_ccxt,24945,FALSE,TRUE
ccxt_ccxt,24942,FALSE,FALSE
ccxt_ccxt,24941,FALSE,FALSE
ccxt_ccxt,24940,FALSE,TRUE
ccxt_ccxt,24939,FALSE,TRUE
ccxt_ccxt,24938,FALSE,TRUE
ccxt_ccxt,24936,FALSE,TRUE
ccxt_ccxt,24935,FALSE,TRUE
ccxt_ccxt,24934,FALSE,TRUE
ccxt_ccxt,24932,FALSE,TRUE
ccxt_ccxt,24931,FALSE,TRUE
ccxt_ccxt,24927,FALSE,FALSE
ccxt_ccxt,24923,TRUE,TRUE
ccxt_ccxt,24922,TRUE,TRUE
ccxt_ccxt,24920,TRUE,TRUE
ccxt_ccxt,24918,FALSE,TRUE
ccxt_ccxt,24917,FALSE,TRUE
ccxt_ccxt,24916,FALSE,TRUE
ccxt_ccxt,24914,FALSE,TRUE
ccxt_ccxt,24913,FALSE,TRUE
ccxt_ccxt,24912,FALSE,TRUE
ccxt_ccxt,24911,FALSE,TRUE
ccxt_ccxt,24910,FALSE,TRUE
ccxt_ccxt,24909,FALSE,TRUE
ccxt_ccxt,24907,FALSE,TRUE
ccxt_ccxt,24906,FALSE,TRUE
ccxt_ccxt,24905,FALSE,TRUE
ccxt_ccxt,24904,FALSE,TRUE
ccxt_ccxt,24903,FALSE,TRUE
ccxt_ccxt,24902,FALSE,TRUE
ccxt_ccxt,24901,FALSE,TRUE
ccxt_ccxt,24900,FALSE,TRUE
ccxt_ccxt,24899,FALSE,TRUE
ccxt_ccxt,24898,FALSE,TRUE
ccxt_ccxt,24897,FALSE,TRUE
ccxt_ccxt,24896,FALSE,TRUE
ccxt_ccxt,24895,FALSE,TRUE
ccxt_ccxt,24894,FALSE,TRUE
ccxt_ccxt,24893,FALSE,TRUE
ccxt_ccxt,24891,FALSE,TRUE
ccxt_ccxt,24889,TRUE,TRUE
ccxt_ccxt,24888,FALSE,TRUE
ccxt_ccxt,24887,FALSE,TRUE
ccxt_ccxt,24886,FALSE,TRUE
ccxt_ccxt,24885,FALSE,TRUE
ccxt_ccxt,24884,FALSE,TRUE
ccxt_ccxt,24882,FALSE,TRUE
ccxt_ccxt,24881,FALSE,TRUE
ccxt_ccxt,24880,FALSE,FALSE
ccxt_ccxt,24879,TRUE,TRUE
ccxt_ccxt,24876,FALSE,TRUE
ccxt_ccxt,24875,FALSE,TRUE
ccxt_ccxt,24869,TRUE,TRUE
ccxt_ccxt,24868,TRUE,TRUE
ccxt_ccxt,24867,FALSE,TRUE
ccxt_ccxt,24866,FALSE,TRUE
ccxt_ccxt,24865,FALSE,TRUE
ccxt_ccxt,24863,FALSE,TRUE
ccxt_ccxt,24862,FALSE,TRUE
ccxt_ccxt,24861,TRUE,TRUE
ccxt_ccxt,24860,FALSE,TRUE
ccxt_ccxt,24858,TRUE,TRUE
ccxt_ccxt,24857,FALSE,TRUE
ccxt_ccxt,24855,FALSE,TRUE
ccxt_ccxt,24854,FALSE,TRUE
ccxt_ccxt,24853,FALSE,TRUE
ccxt_ccxt,24852,FALSE,TRUE
ccxt_ccxt,24851,FALSE,FALSE
ccxt_ccxt,24850,FALSE,TRUE
ccxt_ccxt,24849,FALSE,TRUE
ccxt_ccxt,24845,FALSE,TRUE
ccxt_ccxt,24844,TRUE,TRUE
ccxt_ccxt,24840,FALSE,TRUE
ccxt_ccxt,24839,FALSE,TRUE
ccxt_ccxt,24838,FALSE,TRUE
ccxt_ccxt,24837,FALSE,TRUE
ccxt_ccxt,24836,FALSE,TRUE
ccxt_ccxt,24834,FALSE,TRUE
ccxt_ccxt,24833,FALSE,TRUE
ccxt_ccxt,24829,FALSE,FALSE
ccxt_ccxt,24828,FALSE,TRUE
ccxt_ccxt,24827,FALSE,TRUE
ccxt_ccxt,24826,FALSE,TRUE
ccxt_ccxt,24825,FALSE,TRUE
ccxt_ccxt,24820,FALSE,TRUE
ccxt_ccxt,24814,FALSE,TRUE
ccxt_ccxt,24812,FALSE,FALSE
ccxt_ccxt,24809,FALSE,TRUE
ccxt_ccxt,24808,TRUE,TRUE
ccxt_ccxt,24807,FALSE,TRUE
ccxt_ccxt,24804,FALSE,TRUE
ccxt_ccxt,24803,TRUE,TRUE
ccxt_ccxt,24801,FALSE,TRUE
ccxt_ccxt,24800,FALSE,TRUE
ccxt_ccxt,24799,FALSE,TRUE
ccxt_ccxt,24798,FALSE,TRUE
ccxt_ccxt,24796,FALSE,TRUE
ccxt_ccxt,24795,FALSE,TRUE
ccxt_ccxt,24794,FALSE,TRUE
ccxt_ccxt,24793,FALSE,TRUE
ccxt_ccxt,24792,FALSE,TRUE
ccxt_ccxt,24789,FALSE,TRUE
ccxt_ccxt,24788,FALSE,TRUE
ccxt_ccxt,24787,FALSE,TRUE
ccxt_ccxt,24786,FALSE,TRUE
ccxt_ccxt,24785,FALSE,TRUE
ccxt_ccxt,24784,FALSE,TRUE
ccxt_ccxt,24783,FALSE,TRUE
ccxt_ccxt,24782,FALSE,TRUE
ccxt_ccxt,24781,FALSE,FALSE
ccxt_ccxt,24780,FALSE,TRUE
ccxt_ccxt,24779,FALSE,TRUE
ccxt_ccxt,24778,FALSE,TRUE
ccxt_ccxt,24777,FALSE,TRUE
ccxt_ccxt,24776,FALSE,FALSE
ccxt_ccxt,24774,FALSE,TRUE
ccxt_ccxt,24773,TRUE,TRUE
ccxt_ccxt,24772,FALSE,TRUE
ccxt_ccxt,24771,FALSE,TRUE
ccxt_ccxt,24770,FALSE,TRUE
ccxt_ccxt,24769,FALSE,TRUE
ccxt_ccxt,24767,FALSE,TRUE
ccxt_ccxt,24766,FALSE,TRUE
ccxt_ccxt,24765,FALSE,TRUE
ccxt_ccxt,24764,FALSE,TRUE
ccxt_ccxt,24763,FALSE,TRUE
ccxt_ccxt,24762,TRUE,TRUE
ccxt_ccxt,24761,FALSE,TRUE
ccxt_ccxt,24760,TRUE,TRUE
ccxt_ccxt,24759,FALSE,TRUE
ccxt_ccxt,24757,FALSE,FALSE
ccxt_ccxt,24756,TRUE,TRUE
ccxt_ccxt,24755,TRUE,TRUE
ccxt_ccxt,24754,FALSE,FALSE
ccxt_ccxt,24753,TRUE,TRUE
ccxt_ccxt,24750,FALSE,TRUE
ccxt_ccxt,24748,FALSE,TRUE
ccxt_ccxt,24747,FALSE,TRUE
ccxt_ccxt,24746,TRUE,TRUE
ccxt_ccxt,24744,FALSE,FALSE
ccxt_ccxt,24743,FALSE,TRUE
ccxt_ccxt,24742,FALSE,TRUE
ccxt_ccxt,24740,FALSE,TRUE
ccxt_ccxt,24739,FALSE,TRUE
ccxt_ccxt,24738,FALSE,TRUE
ccxt_ccxt,24731,FALSE,FALSE
ccxt_ccxt,24728,FALSE,FALSE
ccxt_ccxt,24726,FALSE,TRUE
ccxt_ccxt,24725,TRUE,TRUE
ccxt_ccxt,24724,TRUE,TRUE
ccxt_ccxt,24723,FALSE,TRUE
ccxt_ccxt,24721,FALSE,TRUE
ccxt_ccxt,24720,TRUE,TRUE
ccxt_ccxt,24719,TRUE,TRUE
ccxt_ccxt,24717,FALSE,TRUE
ccxt_ccxt,24716,FALSE,TRUE
ccxt_ccxt,24715,TRUE,TRUE
ccxt_ccxt,24714,FALSE,FALSE